{"type":"FeatureCollection","features":[{"type":"Feature","geometry":{"geodesic":false,"type":"MultiPolygon","coordinates":[[[[27.8424574989637,-12.612218946009007],[27.842455725392885,-12.611676426046243],[27.842271596047215,-12.611677006600463],[27.84227218710274,-12.611857846603021],[27.842088057613342,-12.611858427031477],[27.8420886485431,-12.612039267034037],[27.842272778158264,-12.612038686596598],[27.842273369231755,-12.612219526581192],[27.8424574989637,-12.612218946009007]]],[[[27.844112296786502,-12.611490355459212],[27.844111704464353,-12.611309515546484],[27.84392757545106,-12.611310097223596],[27.843928167647444,-12.611490937145307],[27.844112296786502,-12.611490355459212]]],[[[27.84891335437481,-12.615634499343741],[27.849097486226782,-12.615633914037435],[27.849096890203572,-12.615453074412168],[27.84891275847737,-12.615453659709491],[27.84891335437481,-12.615634499343741]]],[[[27.83972620615205,-12.62163132376544],[27.839726795896038,-12.62181216374105],[27.83991093260789,-12.621811584489388],[27.839913882127313,-12.62271578431354],[27.839729744759687,-12.622716363610119],[27.839730334566553,-12.622897203576745],[27.839914472050957,-12.622896624271185],[27.839916241893764,-12.62343914412615],[27.839732104023085,-12.62343972345866],[27.83973092437342,-12.623078043543371],[27.839546786745284,-12.623078622732152],[27.839547966134436,-12.623440302665406],[27.839363828236806,-12.623440881746387],[27.839363238672483,-12.623260041770777],[27.839179100891634,-12.623260620708027],[27.839180279786714,-12.623622300677214],[27.83991683186233,-12.62361998407481],[27.83992096188481,-12.624885863643572],[27.840105100788556,-12.624885284113432],[27.840109232158515,-12.626151163493546],[27.839925092356456,-12.626151743086567],[27.839925682459764,-12.626332582990312],[27.839741542513977,-12.62633316245757],[27.839742132500504,-12.626514002379281],[27.839557992410985,-12.626514581729756],[27.83955858227175,-12.626695421651467],[27.839742722487035,-12.62669484229201],[27.83974390250501,-12.627056522117465],[27.83992804296284,-12.627055942614275],[27.839930403618624,-12.62777930218434],[27.840298685549378,-12.627778142728802],[27.840297504686987,-12.627416462984195],[27.840481645387364,-12.627415883076763],[27.840481054834896,-12.62723504320895],[27.840296914269267,-12.6272356231074],[27.84029632386053,-12.62705478322162],[27.84048046430039,-12.627054203341137],[27.840479283249355,-12.626692523587547],[27.840295143078986,-12.626693103450062],[27.84029160093199,-12.625608064081492],[27.840659879718643,-12.62560690432951],[27.840660470316028,-12.625787744206306],[27.84121288882389,-12.625786003594678],[27.84121347981653,-12.625966843444525],[27.841950038216282,-12.625964520814424],[27.841949446711602,-12.625783680991528],[27.84250186503082,-12.625781937711904],[27.842500089393877,-12.625239418306098],[27.842868367452894,-12.625238255535777],[27.842869551710915,-12.625599935100722],[27.84305369098297,-12.62559935351344],[27.8430542832602,-12.625780193282438],[27.84323842265802,-12.625779611551426],[27.84323901507,-12.62596045131144],[27.84360729408123,-12.625959287454158],[27.84360670141772,-12.62577844771211],[27.84342256203787,-12.62577902969465],[27.84342137698035,-12.625417350183604],[27.843237237852026,-12.625417932022414],[27.843236645466995,-12.625237092253416],[27.84342078446955,-12.625236510423589],[27.843420191958757,-12.625055670663576],[27.84305191421415,-12.625056834179498],[27.843051321981836,-12.624875994392534],[27.843235460723882,-12.624875412706437],[27.8432342760167,-12.624513733159459],[27.843418414498238,-12.624513151356583],[27.84341722956648,-12.624151471809604],[27.84396964417565,-12.62414972570927],[27.843970237018823,-12.624330565460301],[27.84415437532968,-12.624329983163351],[27.84415496831658,-12.6245108229054],[27.843786691425375,-12.624511987382519],[27.84378728416075,-12.62469282713355],[27.843603145571418,-12.624693409196938],[27.84360373819001,-12.624874248956953],[27.843972015620203,-12.624873084695428],[27.84397260850829,-12.625053924428494],[27.844340886154082,-12.625052759645948],[27.844342072469246,-12.625414439076145],[27.845262767724584,-12.625411524806616],[27.84526158012483,-12.625049845448284],[27.845445718884843,-12.625049262235052],[27.84544631281498,-12.625230101896252],[27.845630451700753,-12.625229518548272],[27.845631045765636,-12.625410358200488],[27.845815184777177,-12.62540977470878],[27.8458163731944,-12.625771453995247],[27.846552930156847,-12.625769118698901],[27.846552335427212,-12.6255882790916],[27.846736474519602,-12.625587694953104],[27.846735879664205,-12.625406855354786],[27.846920018612867,-12.625406271099509],[27.846919423640685,-12.62522543150119],[27.846551145994894,-12.625226599868016],[27.846550551283226,-12.625045760251732],[27.84636641257711,-12.625046344228531],[27.846365818009176,-12.624865504603264],[27.846549956589527,-12.624864920635448],[27.84654936190481,-12.62468408101018],[27.84673350035041,-12.6246834969166],[27.846732310747413,-12.62432181768403],[27.846548172562322,-12.624322401759645],[27.846548767229073,-12.624503241384913],[27.846180490571427,-12.624504409167832],[27.846178707379657,-12.623961890238132],[27.84599456942813,-12.623962473909504],[27.845995757953148,-12.624324153222922],[27.845811619732125,-12.624324736786496],[27.845812808041547,-12.624686416108895],[27.845444531060508,-12.624687582894685],[27.845443937157327,-12.62450674321552],[27.845075660391885,-12.624507909471303],[27.845076254034556,-12.624688749168437],[27.844892115508106,-12.624689332112172],[27.844889741512336,-12.623965973296693],[27.844153189391808,-12.623968303679254],[27.844152003480886,-12.623606624186175],[27.844520279042584,-12.623605459286846],[27.844519092655556,-12.623243779820717],[27.8448873676603,-12.623242614436299],[27.844887961114328,-12.623423454160381],[27.84507209873348,-12.623422871270542],[27.84507150515369,-12.623242031564427],[27.845255642638094,-12.623241448557808],[27.845255048941524,-12.623060608851691],[27.8454391862822,-12.623060025728291],[27.845438592459864,-12.622879186031158],[27.84562272966579,-12.622878602781993],[27.845622135726675,-12.622697763093845],[27.84635868393953,-12.62269542888446],[27.846356306206772,-12.62197207023966],[27.846540442720997,-12.621971486397609],[27.846539848188993,-12.621790646745392],[27.84672398455949,-12.621790062786559],[27.846722795252933,-12.621428383482124],[27.846906931353935,-12.621427799415494],[27.84690633658837,-12.621246959763276],[27.846722200613133,-12.621247543820925],[27.846721605982314,-12.621066704159725],[27.84653747012386,-12.621067288073643],[27.846538064628913,-12.621248127743826],[27.846353928626726,-12.621248711549946],[27.846352739895096,-12.620887032182631],[27.846721011360476,-12.620885864489543],[27.846720416747623,-12.620705024828343],[27.846904552336586,-12.620704440797644],[27.846900984075564,-12.61961940279451],[27.847085118882987,-12.619618818691947],[27.847084524072507,-12.619437979030748],[27.846900389399828,-12.619438563124328],[27.84689801078672,-12.618715204398681],[27.8467138766171,-12.618715788330565],[27.84671328211204,-12.618534948633432],[27.8468974161559,-12.61853436471053],[27.846896821534063,-12.618353525022382],[27.846712687624954,-12.6183541089363],[27.846712093137864,-12.618173269239167],[27.84689622692121,-12.618172685325248],[27.84689563231734,-12.6179918456371],[27.84744803320924,-12.617990093176694],[27.847448628199388,-12.618170932846878],[27.84818516311718,-12.618168594424395],[27.84818456760601,-12.617987754790144],[27.848368701182743,-12.617987169870114],[27.848368105554794,-12.617806330244846],[27.848183972103826,-12.617806915146911],[27.848183376619605,-12.61762607551266],[27.84836750993583,-12.617625490619579],[27.848366914325847,-12.617444650985329],[27.84855104750732,-12.617444065966483],[27.848549260344996,-12.616901547081698],[27.848365127549798,-12.616902132064611],[27.848364531975747,-12.616721292421378],[27.84818039930631,-12.616721877278525],[27.84817980387599,-12.616541037626309],[27.848548068945366,-12.616539867804214],[27.848546877590653,-12.61617818852673],[27.849467538826794,-12.616175261851467],[27.849466942516123,-12.615994422244166],[27.849282810412628,-12.61599500782895],[27.849282214245687,-12.615814168212665],[27.848913950272255,-12.615815338977992],[27.84891335437481,-12.615634499343741],[27.848729222504875,-12.615635084533269],[27.848729818276556,-12.615815924167519],[27.848361554258208,-12.615817094169277],[27.848360958738056,-12.61563625451706],[27.848176826841172,-12.615636839311327],[27.848177422226577,-12.615817678981509],[27.847993290194946,-12.615818263667979],[27.847992694935304,-12.615637423988813],[27.847808563020454,-12.615638008540534],[27.847806777690693,-12.615095489467103],[27.848175040729878,-12.615094320300777],[27.848174445380405,-12.614913480621611],[27.848358576756265,-12.614912895854294],[27.848359767733687,-12.615274575185676],[27.848543899361076,-12.615273990274629],[27.84854330374211,-12.615093150622412],[27.84891156670943,-12.615091980432007],[27.848910970838936,-12.614911140797757],[27.849279233518796,-12.614909970122262],[27.849278637405757,-12.614729130488012],[27.84946276859297,-12.614728544975092],[27.84946336484076,-12.614909384591376],[27.849647496153736,-12.614908798934728],[27.849646899780186,-12.614727959327427],[27.85019929327895,-12.61472620162086],[27.850198696528107,-12.614545362040507],[27.85001456550259,-12.614545948056483],[27.850013968886493,-12.614365108458166],[27.850198099786247,-12.614364522451174],[27.850197503044388,-12.614183682852856],[27.85001337227938,-12.614184268859848],[27.850010389387545,-12.613280070823343],[27.850562779733224,-12.613278312568804],[27.850562182793734,-12.613097472979469],[27.849273272765693,-12.613101573734841],[27.849275060889216,-12.613644092673526],[27.849090930465568,-12.613644678015765],[27.849091526398944,-12.613825517667982],[27.84853913466986,-12.613827272958082],[27.84854032578203,-12.614188952298447],[27.848724456627885,-12.614188367315533],[27.848725052327698,-12.614369206976734],[27.84854092135608,-12.61436979196863],[27.848542112531128,-12.614731471300013],[27.847989718780838,-12.614733225575016],[27.847989123575093,-12.614552385886865],[27.847804992432796,-12.61455297038469],[27.84780558751277,-12.614733810081821],[27.847437324949695,-12.614734978709157],[27.84743673013023,-12.614554138994059],[27.847068467782748,-12.614555307100373],[27.84706787324176,-12.614374467358324],[27.846883742180307,-12.61437505120936],[27.846880175859646,-12.613290012694188],[27.847064306139565,-12.613289428897051],[27.84706371166146,-12.613108589137036],[27.847247841797646,-12.613108005223118],[27.847247247193774,-12.612927165472087],[27.8474313772042,-12.61292658144139],[27.847430782474564,-12.61274574169934],[27.847614912341257,-12.612745157542877],[27.847614317503826,-12.612564317809813],[27.84724605802197,-12.612565485970025],[27.84724546344505,-12.612384646218993],[27.84706133381192,-12.61238523010596],[27.84706073937873,-12.612204390336963],[27.84650835082968,-12.612206141207352],[27.846508944885578,-12.612386980994316],[27.846324815216516,-12.612387564378228],[27.846326597033865,-12.612930083757085],[27.846142466978527,-12.612930667033199],[27.846141279351823,-12.612568987432322],[27.84595714953903,-12.612569570564705],[27.845956555869407,-12.612388730750792],[27.845772426173394,-12.612389313748428],[27.84577123912161,-12.612027634093652],[27.84595536854813,-12.612027051113982],[27.845954774905458,-12.611846211291086],[27.84613890419723,-12.611845628194635],[27.846138310437773,-12.611664788371737],[27.84540179371985,-12.611667119967024],[27.845400014031508,-12.611124600399519],[27.845584142838188,-12.611124017725277],[27.845583549500944,-12.610943177866448],[27.84539942082901,-12.61094376054069],[27.845398234433,-12.610582080814048],[27.846318876427222,-12.610579166266042],[27.84631768877357,-12.610217486611266],[27.846133560658593,-12.610218069761615],[27.846132373301383,-12.609856390079889],[27.84594824542895,-12.609856973077525],[27.845948838972806,-12.610037812927372],[27.845764710956644,-12.61003839581721],[27.845765897810796,-12.610400075525886],[27.845581769534125,-12.610400658298943],[27.84558058294048,-12.610038978572302],[27.845212326872225,-12.610040143705191],[27.845212919904043,-12.61022098359097],[27.845028791726183,-12.610221565977751],[27.845028198820128,-12.610040726082989],[27.844844070768033,-12.610041308335024],[27.844845256328615,-12.610402988133531],[27.844661128007022,-12.610403570268785],[27.844662313343022,-12.610765250076275],[27.84447818475194,-12.61076583210373],[27.84447877730765,-12.610946672007476],[27.84429464858182,-12.61094725391815],[27.84429583345968,-12.611308933743606],[27.844664091423383,-12.611307769760561],[27.84466468414079,-12.611488609646338],[27.844112296786502,-12.611490355459212],[27.844112889117632,-12.611671195380923],[27.84429701837347,-12.61167061356008],[27.84429820333218,-12.612032293358586],[27.844482332839544,-12.612031711394012],[27.844483518085713,-12.61239339116557],[27.844299388317836,-12.61239397314811],[27.84429998082863,-12.612574813042873],[27.844115850926006,-12.612575394908632],[27.844117628126014,-12.613117914592916],[27.843933497819148,-12.613118496359862],[27.843932905541916,-12.612937656456117],[27.84356464517971,-12.61293881957678],[27.843562277184688,-12.612215459880952],[27.843378147506645,-12.612216041216705],[27.843376963823545,-12.611854361337349],[27.843192834397026,-12.611854942529371],[27.843194017819613,-12.612216622426693],[27.84300988811462,-12.612217203510918],[27.843008704952542,-12.61185552359563],[27.842824575508057,-12.611856104536123],[27.842825166949858,-12.612036944502751],[27.84264103736164,-12.612037525326464],[27.842641628695645,-12.612218365302075],[27.8424574989637,-12.612218946009007],[27.842459272615365,-12.612761465944821],[27.842643402733582,-12.612760885210939],[27.842643994094534,-12.612941725177565],[27.842091603335632,-12.612943467010902],[27.842092194328274,-12.613124307004478],[27.841355672669618,-12.6131266277032],[27.841355082197996,-12.612945787682674],[27.84098682157528,-12.612946947254992],[27.84098741178639,-12.613127787293484],[27.840435020398665,-12.613129525731189],[27.840434430573833,-12.612948685665748],[27.840066169852303,-12.61294984397144],[27.84006734899891,-12.613311524138258],[27.83988321836865,-12.613312103111442],[27.83988380781619,-12.613492943203832],[27.840067938581196,-12.613492364212682],[27.840068528172466,-12.613673204287107],[27.839884397281697,-12.61367378328724],[27.83988557623966,-12.614035463445074],[27.839701445079392,-12.614036042328426],[27.839702623812776,-12.61439772249524],[27.839886755233554,-12.614397143593923],[27.839888523782786,-12.614939663799232],[27.839704391984714,-12.6149402427275],[27.83970498138734,-12.615121082801924],[27.839889113320158,-12.615120503864674],[27.83989088198617,-12.615663024043032],[27.84007501429628,-12.615662444953067],[27.840076783429417,-12.616204965077527],[27.83989265073303,-12.616205544194441],[27.83989500919693,-12.616928904366377],[27.839526742735163,-12.616930062285796],[27.839527332119822,-12.617110902342255],[27.83971146548096,-12.617110323431952],[27.83971205499138,-12.617291163479427],[27.839896188478285,-12.617290584434379],[27.839899136847862,-12.61819478457294],[27.840083270963586,-12.618194205357213],[27.840085040482997,-12.618736725382858],[27.83953263694107,-12.618738462715635],[27.83953499487496,-12.619461822815705],[27.839350859824986,-12.61946240170804],[27.839351449200663,-12.619643241728566],[27.83916731400696,-12.61964382050412],[27.839167903265853,-12.619824660533629],[27.83935203858532,-12.619824081758075],[27.839353217390567,-12.620185761799128],[27.83953735295258,-12.620185182879842],[27.839535584376396,-12.619642662836231],[27.839719719552132,-12.619642083809149],[27.83972207818671,-12.62036544382837],[27.8399062138655,-12.62036486463959],[27.839907983331017,-12.620907384602354],[27.839723847256963,-12.620907963809099],[27.839724436965017,-12.621088803802676],[27.8395403007652,-12.621089382901625],[27.839542069556977,-12.621631902882354],[27.83972620615205,-12.62163132376544]],[[27.83972620615205,-12.62163132376544],[27.839910342738143,-12.621630744513778],[27.839909163016614,-12.621269064562558],[27.839725026691035,-12.621269643796252],[27.83972620615205,-12.62163132376544]],[[27.8432342760167,-12.624513733159459],[27.843233091345454,-12.624152053594514],[27.843048953115446,-12.624152635244677],[27.843048360928044,-12.62397179544873],[27.842864222814818,-12.623972376964145],[27.84286540695606,-12.624334056565024],[27.843049545320813,-12.62433347503164],[27.843050137535165,-12.62451431482759],[27.8432342760167,-12.624513733159459]],[[27.844700856979628,-12.622519838259128],[27.845069130933343,-12.622518672695048],[27.84506794388156,-12.622156993246884],[27.844699670439883,-12.622158158775033],[27.844700856979628,-12.622519838259128]],[[27.844700856979628,-12.622519838259128],[27.844516719989294,-12.622520420852524],[27.844517313137892,-12.622701260594573],[27.844333176012814,-12.622701843071185],[27.844332582989978,-12.62252100331117],[27.8441484459727,-12.622521585653036],[27.84414963177582,-12.622883265173066],[27.8447020435553,-12.622881517734243],[27.844700856979628,-12.622519838259128]],[[27.845815184777177,-12.62540977470878],[27.84599932377075,-12.625409191091306],[27.84599813512895,-12.625047511813822],[27.845813996386905,-12.62504809541333],[27.845815184777177,-12.62540977470878]],[[27.84706133381192,-12.61238523010596],[27.84687720417879,-12.612385813858182],[27.846877798495196,-12.612566653636163],[27.847061928263074,-12.612566069865975],[27.84706133381192,-12.61238523010596]],[[27.848365127549798,-12.616902132064611],[27.848180994754596,-12.616902716930744],[27.848182185669135,-12.617264396226194],[27.848366318724846,-12.617263811342095],[27.848365127549798,-12.616902132064611]],[[27.84946157613333,-12.614366865724557],[27.849645707060034,-12.614366280094858],[27.849645110713432,-12.614185440478574],[27.84982924149641,-12.614184854732093],[27.849827452124227,-12.613642335892223],[27.849459191312864,-12.613643507205524],[27.84946157613333,-12.614366865724557]],[[27.84946157613333,-12.614366865724557],[27.849277445197643,-12.614367451228494],[27.849278041292717,-12.614548290862745],[27.84946217236315,-12.614547705349825],[27.84946157613333,-12.614366865724557]],[[27.839718540288743,-12.619280403786062],[27.839719129915945,-12.619461243797605],[27.839903264947953,-12.619460664653742],[27.839902675194985,-12.619279824651182],[27.839718540288743,-12.619280403786062]],[[27.84026327561378,-12.61692774593492],[27.840266225187097,-12.6178319460106],[27.840450359024345,-12.61783136656131],[27.840451539177064,-12.618193046557446],[27.84081980734563,-12.618191887245638],[27.84081744605204,-12.617468527316248],[27.84063331248429,-12.617469106999101],[27.840632132151907,-12.617107427002965],[27.840447998835682,-12.617108006542088],[27.840447408804238,-12.616927166530544],[27.84026327561378,-12.61692774593492]],[[27.840804461524446,-12.61349004699044],[27.84080623187929,-12.614032567105918],[27.84117449407406,-12.614031407686312],[27.841175084473814,-12.614212247697855],[27.84154334688418,-12.614211087748245],[27.841542165581615,-12.61384940775211],[27.841910427444006,-12.613848247326391],[27.841909836550176,-12.613667407341797],[27.841541574948298,-12.61366856774955],[27.841540393708613,-12.613306887735446],[27.84135626315022,-12.613307467723727],[27.841356853639805,-12.613488307744252],[27.840804461524446,-12.61349004699044]],[[27.84227987160609,-12.61420876633087],[27.842281645167922,-12.614751286212785],[27.842465776714466,-12.614750705514837],[27.842464002757374,-12.614208185659871],[27.84227987160609,-12.61420876633087]],[[27.842642220029646,-12.612399205277685],[27.84264281137263,-12.612580045244313],[27.842826941356105,-12.612579464393649],[27.842826349878372,-12.612398624436006],[27.842642220029646,-12.612399205277685]],[[27.842827532833837,-12.612760304351292],[27.842828124329536,-12.612941144308937],[27.843012254555553,-12.612940563323527],[27.843011662934092,-12.612759723374866],[27.842827532833837,-12.612760304351292]],[[27.84283877279722,-12.61619626309737],[27.842839364463597,-12.616377103010098],[27.843023497142017,-12.616376521854008],[27.843022905340888,-12.616195681950263],[27.84283877279722,-12.61619626309737]],[[27.843195201278135,-12.612578302324014],[27.84319638477259,-12.61293998220337],[27.84338051498064,-12.612939400957448],[27.843379331225677,-12.612577721087076],[27.843195201278135,-12.612578302324014]],[[27.84338347452526,-12.613843600566005],[27.843384066461134,-12.614024440487716],[27.843568197432756,-12.614023859062131],[27.843567605371117,-12.613843019149403],[27.84338347452526,-12.613843600566005]],[[27.843755881762345,-12.615108316843422],[27.843757066289864,-12.615469996605997],[27.84394119827658,-12.615469414857017],[27.84394179068856,-12.61565025472483],[27.844125922792056,-12.615649672841105],[27.84412533025431,-12.615468832982275],[27.844309462223062,-12.61546825098177],[27.844310647568047,-12.615829930681462],[27.844678911990634,-12.615828766267224],[27.84467772613361,-12.615467086603465],[27.84449359418283,-12.6154676688555],[27.84449300140254,-12.615286829014636],[27.84412473772555,-12.615287993123447],[27.844124145214757,-12.615107153255634],[27.843755881762345,-12.615108316843422]],[[27.8450697244772,-12.62269951241913],[27.84507031803004,-12.62288035213423],[27.845254455253936,-12.622879769145575],[27.84525386156635,-12.62269892943946],[27.8450697244772,-12.62269951241913]],[[27.845969618775012,-12.616367206099934],[27.84597080652748,-12.616728885619963],[27.846154939313696,-12.61672830228995],[27.846153751291734,-12.616366622787886],[27.845969618775012,-12.616367206099934]],[[27.847814514736502,-12.617446405269314],[27.847815109951227,-12.61762724492153],[27.8479992432944,-12.617626660279978],[27.847998647935945,-12.617445820627761],[27.847814514736502,-12.617446405269314]],[[27.844853556303697,-12.612934746417652],[27.84466942616751,-12.61293532867867],[27.84467001896577,-12.613116168546481],[27.844854149227718,-12.613115586276482],[27.844853556303697,-12.612934746417652]],[[27.84433969987485,-12.624691080197783],[27.84434029301447,-12.624871919921866],[27.844524431693632,-12.624871337346438],[27.844523838428252,-12.624690497631338],[27.84433969987485,-12.624691080197783]],[[27.845037686430903,-12.61293416403087],[27.845038279480686,-12.613115003880717],[27.84522240972467,-12.613114421359187],[27.84522181654014,-12.612933581509342],[27.845037686430903,-12.61293416403087]],[[27.84415496831658,-12.6245108229054],[27.84415556131247,-12.624691662638464],[27.84433969987485,-12.624691080197783],[27.844339106753203,-12.624510240473702],[27.84415496831658,-12.6245108229054]],[[27.845037686430903,-12.61293416403087],[27.8450365003493,-12.612572484322195],[27.84522063020701,-12.612571901818631],[27.845220037049426,-12.61239106197777],[27.844851777585536,-12.612392226823198],[27.844853556303697,-12.612934746417652],[27.845037686430903,-12.61293416403087]]],[[[27.84447818475194,-12.61076583210373],[27.844477592205212,-12.610584992199986],[27.84429346373091,-12.610585574092694],[27.844292871327912,-12.610404734170983],[27.844661128007022,-12.610403570268785],[27.844660535343515,-12.61022273036504],[27.844476407138707,-12.61022331237453],[27.844475814618928,-12.610042472452818],[27.84392343033688,-12.610044217681786],[27.843922838221342,-12.609863377742109],[27.843738710232127,-12.609863959221592],[27.843738118251338,-12.609683119263947],[27.84355399038789,-12.609683700608683],[27.843554582242916,-12.60986454057531],[27.84337045424472,-12.609865121803265],[27.843371637721205,-12.61022680173652],[27.843555765979914,-12.610226220490599],[27.843557541652785,-12.610768740354548],[27.843741670288786,-12.610768158955912],[27.843741078263083,-12.610587319016235],[27.843925206764336,-12.61058673750082],[27.843925798924786,-12.610767577431513],[27.84447818475194,-12.61076583210373]],[[27.84392343033688,-12.610044217681786],[27.843739302230883,-12.610044799170252],[27.843740486237376,-12.610406479067574],[27.843924614612867,-12.61040589756114],[27.84392343033688,-12.610044217681786]]],[[[27.848360958738056,-12.61563625451706],[27.848729222504875,-12.615635084533269],[27.848728626733198,-12.615454244890033],[27.848360363226888,-12.61545541485586],[27.848360958738056,-12.61563625451706]]]]},"id":"1_1_1_1_+29581+430293","properties":{"area_ha":115.59130805735856,"class":1,"count":2877,"label":"mining","meanLoss":-0.48355882376213394,"severity":55.89519696134278}},{"type":"Feature","geometry":{"geodesic":false,"type":"MultiPolygon","coordinates":[[[[27.918864721116694,-12.610339528815224],[27.919232970285893,-12.610338262145758],[27.91923168035006,-12.609976589623605],[27.91941580465618,-12.609975956122684],[27.919415159575976,-12.609795119866098],[27.919967532045177,-12.609793218617732],[27.919968177520644,-12.609974054847367],[27.921809419746413,-12.60996770903142],[27.921814594195165,-12.611414398015103],[27.92218284458607,-12.611413127177455],[27.922182197484656,-12.611232291082567],[27.92199807242395,-12.611232926550798],[27.921997425466266,-12.611052090446927],[27.922181550392224,-12.611051454978695],[27.922179609186795,-12.610508946676065],[27.921995484647113,-12.610509582108364],[27.92199419081259,-12.610147909873671],[27.922178315100744,-12.610147274459338],[27.922172492194125,-12.608519749353816],[27.92198836907378,-12.608520384687301],[27.921987722259825,-12.608339548538513],[27.92180359925626,-12.608340183737251],[27.921804892632643,-12.608701856043808],[27.921620769359585,-12.608702491125765],[27.921620122797158,-12.608521654967994],[27.92143599964088,-12.608522289915204],[27.921434706803492,-12.608160617572715],[27.921618829699256,-12.608159982643471],[27.92161689013774,-12.607617474125245],[27.921801012638248,-12.607616839097187],[27.921800366003957,-12.607436002930433],[27.922168610717513,-12.60743473250601],[27.922162789167345,-12.605807207077094],[27.92197866797838,-12.605807842266847],[27.921978021326122,-12.605627006082129],[27.91995268901106,-12.605633984698311],[27.919952043787124,-12.605453148414778],[27.919767922732905,-12.605453782068412],[27.919768567831078,-12.60563461836093],[27.918847961787428,-12.605637784751627],[27.918847317336045,-12.605456948414194],[27.918663196227925,-12.605457581304261],[27.918663840553545,-12.605638417650677],[27.918479719301697,-12.605639050423964],[27.918479075101843,-12.60545821405958],[27.915164893242306,-12.605469582104753],[27.915166818888913,-12.606012091682992],[27.915350940571955,-12.606011461182444],[27.915352866703653,-12.606553970715767],[27.915168744625355,-12.606554601252247],[27.91517002849756,-12.606916274277458],[27.914985906158748,-12.606916904706141],[27.91498654797807,-12.607097741223237],[27.915170670451626,-12.60709711078557],[27.915173238366716,-12.60782045680904],[27.914989115372133,-12.60782108728264],[27.914990399127557,-12.608182760289882],[27.915174522373665,-12.608182129798317],[27.915180943046227,-12.609990494618938],[27.91591744109716,-12.60998797100876],[27.915916798469354,-12.609807134572511],[27.916100922829372,-12.609806503362295],[27.916100280075806,-12.60962566693503],[27.916284404301077,-12.609625035608031],[27.91628504718041,-12.60980587201733],[27.91646917151348,-12.609805240555584],[27.916468528508382,-12.609624404146285],[27.916652652706706,-12.609623772567758],[27.91665329584655,-12.609804608968075],[27.916837420161652,-12.609803977245816],[27.916836776896044,-12.609623140854485],[27.918125645942943,-12.60961871534017],[27.918125001788002,-12.60943787901172],[27.91646788551227,-12.609443567736987],[27.916467242525137,-12.609262731327687],[27.91628311857834,-12.609263362762485],[27.916281832891542,-12.608901689907954],[27.91646595658681,-12.608901058491124],[27.9164588846177,-12.60691185772833],[27.918484228961205,-12.606904904893794],[27.918488094762218,-12.607989922909411],[27.918303971830518,-12.607990555673714],[27.918306548719777,-12.608713901005482],[27.918490672172496,-12.608713268205246],[27.918491316552018,-12.608894104515729],[27.918859563682037,-12.608892838511016],[27.91885891905099,-12.608712002209515],[27.919227165884568,-12.608710735719713],[27.919227810776125,-12.608891571994263],[27.919411934309693,-12.60889093854724],[27.919413869442515,-12.609433447343946],[27.919229745522667,-12.609434080826901],[27.91923039045016,-12.609614917092468],[27.91904626639557,-12.609615550449659],[27.919045621584857,-12.609434714175109],[27.91849324973549,-12.609436613456165],[27.91849389415094,-12.609617449766649],[27.918309770051437,-12.6096180826118],[27.918310414350106,-12.609798918931267],[27.91867866280065,-12.609797653079267],[27.918679951936983,-12.610159325664302],[27.918864076404798,-12.610158692531689],[27.918864721116694,-12.610339528815224]],[[27.915547907364054,-12.60962756016144],[27.915732031607295,-12.609626929211734],[27.915731389132205,-12.609446092766504],[27.91554726501473,-12.609446723698243],[27.915547907364054,-12.60962756016144]],[[27.915547907364054,-12.60962756016144],[27.91536378310285,-12.6096281909764],[27.915364425335397,-12.60980902744858],[27.915548549722367,-12.609808396615655],[27.915547907364054,-12.60962756016144]],[[27.91590651777195,-12.6069137512961],[27.916090640065846,-12.606913120238596],[27.91608999747397,-12.606732283766416],[27.915905875314827,-12.606732914823919],[27.91590651777195,-12.6069137512961]],[[27.91590651777195,-12.6069137512961],[27.91572239546907,-12.606914382236823],[27.915723037809418,-12.607095218717987],[27.91553891536281,-12.607095849532945],[27.915540199818917,-12.60745752251324],[27.915908445206206,-12.607456260712642],[27.91590780272213,-12.607275424240461],[27.916091925267555,-12.607274793156007],[27.916091282657717,-12.607093956701792],[27.91590716023806,-12.60709458776828],[27.91590651777195,-12.6069137512961]],[[27.91535736134333,-12.607819826200695],[27.91535800346808,-12.608000662690841],[27.915542126570454,-12.608000031956731],[27.915543411116396,-12.608361704910076],[27.915359287762488,-12.608362335662152],[27.915360572101818,-12.60872400862448],[27.916097066487623,-12.608721484762773],[27.916095138460477,-12.608178975427078],[27.915911015259287,-12.608179606556448],[27.915910372730295,-12.607998770102235],[27.915726249654867,-12.607999401087874],[27.915725607269607,-12.607818564624676],[27.91535736134333,-12.607819826200695]],[[27.91627154886139,-12.60600830673934],[27.916273476924466,-12.606550816128932],[27.91664172093733,-12.606549553412053],[27.916640435034935,-12.606187880521592],[27.917192800218803,-12.606185985543465],[27.917192156899297,-12.606005149125185],[27.91737627847454,-12.606004517223264],[27.917375635029266,-12.605823680804981],[27.917007392121327,-12.605824944465093],[27.917006748954535,-12.605644108037827],[27.91663850626219,-12.605645371167931],[27.916639149177456,-12.605826207622146],[27.916455027692045,-12.605826839012026],[27.91645567049053,-12.606007675466241],[27.91627154886139,-12.60600830673934]],[[27.918850539709748,-12.60636113010136],[27.918851184215033,-12.606541966438794],[27.91903530608672,-12.606541333360079],[27.919034661455672,-12.606360497040614],[27.918850539709748,-12.60636113010136]],[[27.92161107198321,-12.605989948462767],[27.921611718410887,-12.60617078465647],[27.92179583987833,-12.606170149700278],[27.92179519332489,-12.605989313515558],[27.92161107198321,-12.605989948462767]]],[[[27.918864721116694,-12.610339528815224],[27.918680596523114,-12.61034016195682],[27.91868188572233,-12.610701834523889],[27.919050135421532,-12.610700568079],[27.919049490556922,-12.610519731813433],[27.918865365846557,-12.610520365089776],[27.918864721116694,-12.610339528815224]]]]},"id":"1_1_1_1_+29995+430315","properties":{"area_ha":27.7617588079615,"class":1,"count":691,"label":"mining","meanLoss":-0.44490957772573636,"severity":12.351472388173892}},{"type":"Feature","geometry":{"geodesic":false,"type":"MultiPolygon","coordinates":[[[[27.84196068692651,-12.629219637168424],[27.841961278610857,-12.629400476946405],[27.842145420649718,-12.62939989580828],[27.842144828830627,-12.629219056039283],[27.84196068692651,-12.629219637168424]]],[[[27.842697254498063,-12.629217311888294],[27.84269666231066,-12.629036472146245],[27.842512520559257,-12.629037053643696],[27.842513112620896,-12.629217893394728],[27.842697254498063,-12.629217311888294]]],[[[27.84859456072289,-12.630645352062276],[27.848778703327692,-12.630644766288846],[27.848778106792448,-12.630463926852224],[27.84859396431341,-12.63046451261667],[27.84859456072289,-12.630645352062276]]],[[[27.84196068692651,-12.629219637168424],[27.84196009526013,-12.629038797399426],[27.8421442370295,-12.629038216270285],[27.842143645237357,-12.628857376501287],[27.841959503593753,-12.628857957612462],[27.841958320287944,-12.628496278047518],[27.842510744428242,-12.628494534381618],[27.84251133646293,-12.628675374141633],[27.84287961943573,-12.628674211038936],[27.842880211739914,-12.628855050780984],[27.843064353338605,-12.628854469032005],[27.843063760908656,-12.628673629298941],[27.84361618526455,-12.628671883315388],[27.84361559245731,-12.628491043609273],[27.84379973375956,-12.628490461366221],[27.84379914083554,-12.62830962166909],[27.843246717279143,-12.628311367985017],[27.843246124741402,-12.628130528251953],[27.842877842586066,-12.628131691803807],[27.842877250317816,-12.627950852061758],[27.84214068641139,-12.627953177611383],[27.842141278158618,-12.628134017398347],[27.84195713702705,-12.628134598473588],[27.841956545414572,-12.627953758686624],[27.841772404399787,-12.62795433962712],[27.841771812922055,-12.627773499822188],[27.841587672033036,-12.627774080627935],[27.841588263385002,-12.62795492044185],[27.8412199813195,-12.627956081694018],[27.84122057241994,-12.628136921516914],[27.84103643124346,-12.628137501963336],[27.84103702222712,-12.628318341795215],[27.841589446106905,-12.628316600060693],[27.841592403091326,-12.629220799049412],[27.84196068692651,-12.629219637168424]]],[[[27.844908737601745,-12.629752842733568],[27.844908143833308,-12.6295720031083],[27.845092285854207,-12.629571419922017],[27.845091691960008,-12.629390580296752],[27.845644117573542,-12.629388830019252],[27.845644711845036,-12.629569669617569],[27.84527642785714,-12.629570836618955],[27.845277021886087,-12.629751676226256],[27.845461164014782,-12.629751092788446],[27.84546175818746,-12.629931932386762],[27.845645900432938,-12.629931348814205],[27.845647089056772,-12.630293027992874],[27.84527880402683,-12.630294195057141],[27.845279398100693,-12.630475034664443],[27.84509525544199,-12.630475618012422],[27.84509644333819,-12.630837297236008],[27.844912300418976,-12.63083788047619],[27.844910518969936,-12.630295361618353],[27.844726376428017,-12.630295944705821],[27.84472697010662,-12.630476784331089],[27.84454282742097,-12.630477367301776],[27.84454223386813,-12.630296527667525],[27.843989806152535,-12.630298275789068],[27.843992772048242,-12.631202474086084],[27.844729344910874,-12.631200142832157],[27.844729938634394,-12.63138098244844],[27.844914081948865,-12.631380399307075],[27.84491526968337,-12.631742078521677],[27.84509941325835,-12.631741495236579],[27.845100007269334,-12.631922334825914],[27.845652438308694,-12.63192058418909],[27.845651843911437,-12.63173974461772],[27.84602013097157,-12.631738576906665],[27.846019536322785,-12.631557737353264],[27.846387823086477,-12.631556569157118],[27.846387228186163,-12.6313757296127],[27.846571371419788,-12.631375145330473],[27.846571966445865,-12.631555984856925],[27.846756109805252,-12.63155540043995],[27.84675551465341,-12.631374560922481],[27.84693965786907,-12.631373976379743],[27.84694025315566,-12.631554815897212],[27.84767682645846,-12.631552476441668],[27.8476756348612,-12.631190797478594],[27.848043920942175,-12.631189627027677],[27.848042728859824,-12.630827948091554],[27.848226871626323,-12.630827362695415],[27.848228063969184,-12.631189041604589],[27.848412206978228,-12.631188456064722],[27.848411610676543,-12.631007616619117],[27.848595753559824,-12.631007030953484],[27.84859456072289,-12.630645352062276],[27.84822627547735,-12.630646523231844],[27.848224487066368,-12.63010400483215],[27.848592771539355,-12.63010283371648],[27.848592175156824,-12.629921994261892],[27.848776317249584,-12.629921408524394],[27.848774527787572,-12.629378890178598],[27.84859038609007,-12.629379475889147],[27.84858919341483,-12.629017796953024],[27.84877333486081,-12.629017211260441],[27.848773931324192,-12.62919805071503],[27.848958072886948,-12.6291974648877],[27.8489574762978,-12.629016625442095],[27.849141617725813,-12.629016039489],[27.84914221444072,-12.629196878925622],[27.849326355985514,-12.629196292846764],[27.849326952844155,-12.629377132274403],[27.84951109451471,-12.629376546051814],[27.849512885530807,-12.629919064298795],[27.849144601408163,-12.629920236663123],[27.84914519816799,-12.630101076090762],[27.84896105596743,-12.630101662097754],[27.848962249271484,-12.630463340962013],[27.849146391732557,-12.630462754946038],[27.84914579494578,-12.630281915518399],[27.849882364179216,-12.630279570205838],[27.849881766889386,-12.630098730814133],[27.85025005119169,-12.630097557416743],[27.85024945365033,-12.629916718043004],[27.849881169608537,-12.629917891422428],[27.849879975073787,-12.629556212630034],[27.850064116843157,-12.62955562602117],[27.850061727360433,-12.628832268436383],[27.850430009839158,-12.628831094904246],[27.85042821705338,-12.628288576738113],[27.8506123578885,-12.628287989805855],[27.850611162482387,-12.627926311040412],[27.850795303048017,-12.627925724000356],[27.850794705228175,-12.627744884617634],[27.85061056478831,-12.627745471648707],[27.850609967112206,-12.627564632257],[27.850425826798105,-12.627565219153325],[27.850426424348452,-12.627746058554013],[27.850242283890623,-12.627746645333557],[27.850241089059427,-12.627384966514214],[27.850425229256746,-12.627384379752637],[27.850424034200973,-12.627022700942277],[27.850239894264167,-12.627023287685887],[27.85023929687552,-12.626842448267233],[27.84987101723547,-12.626843621359196],[27.849871614354623,-12.627024460795818],[27.849319194427423,-12.627026219499514],[27.849318597694545,-12.626845380035943],[27.8495027375505,-12.626844793939119],[27.849501543842205,-12.626483115020962],[27.848764985397537,-12.62648545859079],[27.848763792767215,-12.626123779600768],[27.849132071490985,-12.626122608107806],[27.849131474928786,-12.62594176862627],[27.849499753356113,-12.625940596639234],[27.84949915655137,-12.62575975716668],[27.849315017467962,-12.625760343218587],[27.849314420797967,-12.62557950373705],[27.849130281831343,-12.625580089654212],[27.849130878375572,-12.62576092913575],[27.848946739283182,-12.625761514936128],[27.84894733570165,-12.625942354426648],[27.84876319646553,-12.625942940101265],[27.848762600172826,-12.625762100601762],[27.84857846105349,-12.62576268614163],[27.848579653387365,-12.626124365158603],[27.848395514007514,-12.626124950590674],[27.848396706125794,-12.626486629616629],[27.848212566467463,-12.626487214940902],[27.848213162409824,-12.62666805445837],[27.84802902261675,-12.626668639656879],[27.848029618442325,-12.626849479183333],[27.847845478514504,-12.62685006426506],[27.847846669923115,-12.627211743326948],[27.8476625297258,-12.627212328300878],[27.847663125317816,-12.627393167836313],[27.847294844635716,-12.627394337415865],[27.84729365398169,-12.62703265830906],[27.847109513883186,-12.627033242896715],[27.847110704285686,-12.627394922021486],[27.846926563917688,-12.627395506492359],[27.846925968846694,-12.62721466692099],[27.84674182860446,-12.6272152512661],[27.846741233668215,-12.627034411685747],[27.8469253737757,-12.62703382734962],[27.846924778722673,-12.626852987778253],[27.84674063874095,-12.626853572105396],[27.84674004382267,-12.626672732516061],[27.84692418367863,-12.626672148206884],[27.84692358864357,-12.626491308626534],[27.846739448913375,-12.626491892926726],[27.84673885401306,-12.626311053337393],[27.846370574795216,-12.626312221551503],[27.846369385542562,-12.625950542327919],[27.846001106800827,-12.625951709994057],[27.84600348430901,-12.626675068495127],[27.845819344408135,-12.626675652175482],[27.845822910162855,-12.62776068990912],[27.84508634736136,-12.627763023561547],[27.845087534988064,-12.628124702848014],[27.844903394000227,-12.628125285962431],[27.844902206634035,-12.627763606649015],[27.84453392516142,-12.627764772455642],[27.844534518579515,-12.627945612134807],[27.844718659450567,-12.627945029280902],[27.844719253012393,-12.628125868951086],[27.843982688953254,-12.628128199612124],[27.843983875061806,-12.628489879006388],[27.84435215762138,-12.628488713891466],[27.844352750949643,-12.628669553561648],[27.844536892350703,-12.628668970806556],[27.844537485813714,-12.628849810467758],[27.84416920275108,-12.628850975870142],[27.844168609548582,-12.628670136190975],[27.843984468129555,-12.628670718694538],[27.84398506120629,-12.628851558382687],[27.843064353338605,-12.628854469032005],[27.843064945777535,-12.629035308756087],[27.842880804044096,-12.629035890514048],[27.842881396366245,-12.629216730247114],[27.842697254498063,-12.629217311888294],[27.842697846694445,-12.629398151630342],[27.84288198869738,-12.62939756998018],[27.842882581037493,-12.62957840970426],[27.84417157566887,-12.629574334559857],[27.844170982430438,-12.629393494889674],[27.84435512435252,-12.629392912224414],[27.844356904499005,-12.62993543119903],[27.844541046807365,-12.629934848381057],[27.84454045328147,-12.629754008737823],[27.844908737601745,-12.629752842733568]],[[27.845644117573542,-12.629388830019252],[27.846012401264996,-12.629387662532775],[27.846011806732992,-12.629206822943441],[27.846380090136982,-12.629205654971875],[27.84637949535345,-12.629024815400507],[27.846747778460998,-12.629023646925884],[27.84674718343492,-12.628842807372482],[27.84693132483598,-12.628842222955507],[27.84693072969312,-12.628661383411089],[27.846562447124562,-12.628662552092324],[27.846563042015894,-12.628843391663692],[27.84619475915089,-12.628844559859838],[27.846195353790694,-12.629025399440188],[27.845827070629245,-12.629026567151243],[27.845827665026505,-12.629207406749561],[27.845643523302048,-12.629207990420934],[27.845644117573542,-12.629388830019252]],[[27.847298416822376,-12.628479374673395],[27.84748255794496,-12.628478789897095],[27.84748196242481,-12.62829795037064],[27.847297821436975,-12.62829853513796],[27.847298416822376,-12.628479374673395]],[[27.847298416822376,-12.628479374673395],[27.84711427569081,-12.628479959332914],[27.847114870959434,-12.62866079886835],[27.847299012216766,-12.62866021420883],[27.847298416822376,-12.628479374673395]],[[27.850239894264167,-12.627023287685887],[27.85005575431838,-12.627023874303735],[27.850056351581262,-12.627204713731372],[27.850240491652816,-12.627204127104543],[27.850239894264167,-12.627023287685887]],[[27.846018347052166,-12.63119605824646],[27.846018941682985,-12.63137689779986],[27.846203084934572,-12.631376313769163],[27.84620249017799,-12.631195474224743],[27.846018347052166,-12.63119605824646]],[[27.847119633431813,-12.630107515124887],[27.84712201489258,-12.630830873194764],[27.84749030050643,-12.630829703534365],[27.847489704869496,-12.630648864043845],[27.84767384753718,-12.630648279025],[27.847673251774484,-12.63046743953448],[27.84785739430742,-12.630466854407837],[27.847855606695937,-12.629924335954243],[27.84767146455826,-12.629924921053936],[27.847672060294006,-12.63010576055344],[27.847119633431813,-12.630107515124887]],[[27.847849648619817,-12.628115940932261],[27.847850244382514,-12.628296780440747],[27.84803438535238,-12.628296195287156],[27.848033789454938,-12.628115355787653],[27.847849648619817,-12.628115940932261]],[[27.847853819174286,-12.6293818174737],[27.847855010852392,-12.62974349645474],[27.848039152846344,-12.629742911238264],[27.848037960916706,-12.629381232266208],[27.847853819174286,-12.6293818174737]],[[27.848036769023004,-12.629019553285168],[27.848037364965364,-12.629200392775688],[27.848221506573037,-12.629199807451416],[27.848220910495932,-12.629018967969879],[27.848036769023004,-12.629019553285168]],[[27.84858561563167,-12.627932760108719],[27.848586808190124,-12.628294439062808],[27.848955090031048,-12.628293267614762],[27.8489544934958,-12.628112428160176],[27.848770352705593,-12.628113013933605],[27.84876975629611,-12.627932174461051],[27.84858561563167,-12.627932760108719]],[[27.84913624767789,-12.62738848441568],[27.849136844311953,-12.627569323879252],[27.849505125065914,-12.62756815173052],[27.84950452817134,-12.627387312284915],[27.84913624767789,-12.62738848441568]],[[27.849506318882014,-12.627929830621728],[27.849506915803534,-12.62811067005835],[27.84969105655781,-12.628110083763897],[27.84969165361408,-12.628290923191534],[27.849875794485133,-12.628290336771316],[27.849874600121066,-12.627928657934007],[27.849506318882014,-12.627929830621728]],[[27.845647683382165,-12.630473867582209],[27.845463540741427,-12.630474451181717],[27.84546413495004,-12.630655290780034],[27.84564827771654,-12.630654707162561],[27.845647683382165,-12.630473867582209]],[[27.845458193313085,-12.628846894733973],[27.84545878744085,-12.629027734350258],[27.84564292903954,-12.629027150813632],[27.845642334786014,-12.628846311206331],[27.845458193313085,-12.628846894733973]],[[27.845087534988064,-12.628124702848014],[27.845089316491002,-12.628667221768733],[27.84472103374278,-12.628668387916719],[27.844721627331552,-12.628849227568935],[27.845089910340285,-12.628848061402984],[27.845090504207537,-12.629028901037234],[27.845274645824194,-12.629028317761119],[27.84527405183118,-12.628847478135851],[27.845458193313085,-12.628846894733973],[27.84545759920329,-12.628666055117689],[27.84527345785613,-12.628666638510586],[27.84527167595793,-12.628124119607833],[27.845087534988064,-12.628124702848014]],[[27.845647089056772,-12.630293027992874],[27.845647683382165,-12.630473867582209],[27.845831826004932,-12.630473283847953],[27.845831231553777,-12.630292444267603],[27.845647089056772,-12.630293027992874]]],[[[27.845277021886087,-12.629751676226256],[27.844908737601745,-12.629752842733568],[27.844909331379164,-12.629933682367819],[27.84527761592402,-12.62993251584254],[27.845277021886087,-12.629751676226256]]]]},"id":"1_1_1_1_+29611+430205","properties":{"area_ha":29.570728424564567,"class":1,"count":736,"label":"mining","meanLoss":-0.40091328723578207,"severity":11.855297938648759}},{"type":"Feature","geometry":{"geodesic":false,"type":"MultiPolygon","coordinates":[[[[27.872429521861253,-12.600006427290927],[27.872797760960335,-12.600005225587621],[27.872797149090847,-12.599824386878636],[27.872428910243293,-12.599825588563975],[27.872429521861253,-12.600006427290927]]],[[[27.87573200915598,-12.596559660590273],[27.875547892216044,-12.596560263359828],[27.875548505855214,-12.596741101978983],[27.875732622920914,-12.596740499200443],[27.87573200915598,-12.596559660590273]]],[[[27.87628374577966,-12.596377012925833],[27.876467862548914,-12.596376409662204],[27.876467248289906,-12.596195571078983],[27.876283131637432,-12.596196174342612],[27.87628374577966,-12.596377012925833]]],[[[27.87151931193954,-12.603083688007436],[27.871520534232232,-12.603445365452357],[27.8711522900936,-12.603446565718357],[27.871153511910187,-12.603808243190228],[27.87152175656984,-12.603807042888295],[27.871522367747627,-12.60398788159728],[27.871154122836444,-12.603989081917181],[27.871154733771686,-12.604169920644132],[27.87152297894338,-12.604168720315249],[27.871523590139134,-12.604349559024236],[27.871707712846252,-12.604348958653182],[27.8717089355342,-12.604710636044203],[27.872445427269977,-12.604708233239464],[27.87244481540049,-12.604527394575394],[27.872628938188456,-12.604526793566537],[27.872628326202186,-12.60434595491145],[27.87281244884642,-12.604345353785812],[27.87281183674337,-12.604164515139708],[27.872995959243877,-12.604163913897288],[27.872995347024045,-12.603983075251184],[27.873179469389804,-12.603982473891984],[27.873178244707596,-12.603620796617744],[27.873546488900125,-12.603619593548999],[27.873545876311983,-12.603438754929844],[27.87372999826452,-12.603438153211318],[27.87372877287264,-12.60307647597301],[27.87391289455568,-12.603075874146684],[27.873910443358696,-12.602352519697018],[27.87409456452071,-12.602351917771879],[27.87409395161816,-12.602171079161707],[27.874278072636447,-12.60217047712877],[27.87427684659778,-12.60180879991741],[27.874645088086382,-12.601807595501194],[27.87464386157161,-12.601445918316784],[27.874827982050906,-12.601445315933505],[27.874827368672246,-12.601264477350282],[27.875011489007814,-12.601263874850222],[27.8750102620349,-12.600902197683778],[27.874826141959844,-12.600902800165874],[27.874825528617116,-12.600721961564686],[27.8755620083514,-12.600719550917654],[27.875561394505617,-12.600538712361383],[27.87574551428423,-12.600538109394197],[27.87574428635012,-12.60017643227267],[27.87592840586822,-12.600175829197687],[27.875929634053858,-12.600537506292266],[27.876113753814504,-12.600536903073552],[27.876111911163242,-12.599994387449652],[27.87629603052863,-12.599993784132124],[27.876294801875865,-12.599632107055513],[27.87647892098074,-12.599631503621202],[27.87647830654207,-12.599450665091881],[27.87666242549423,-12.599450061540791],[27.87666119639231,-12.599088384482146],[27.87684531508396,-12.599087780823258],[27.876844700411727,-12.598906942302918],[27.87702881896863,-12.598906338527248],[27.877028204179616,-12.598725500015894],[27.876844085757458,-12.598726103782578],[27.876842241839576,-12.59818358819461],[27.877026359875455,-12.598182984454875],[27.87702390094398,-12.597459630337584],[27.87720801844985,-12.597459026508016],[27.87720740361592,-12.597278187978693],[27.877391520987047,-12.597277584032344],[27.877390906027355,-12.597096745512005],[27.877022671527644,-12.597097953260972],[27.877022056837447,-12.596917114722666],[27.877206173957045,-12.596916510920048],[27.87720432955407,-12.59637399530513],[27.87738844628739,-12.596373391403699],[27.87738906120217,-12.596554229933021],[27.877573178052273,-12.59655362589684],[27.877571947962206,-12.596191948847178],[27.877756064542815,-12.5961913447032],[27.877754834228167,-12.595829667662521],[27.87793895053928,-12.595829063410745],[27.877938335274163,-12.595648224890406],[27.877385986700144,-12.595650037259459],[27.87738660157899,-12.595830875797764],[27.877202485240925,-12.59583147968123],[27.87720310000299,-12.596012318219536],[27.877018983521197,-12.596012921986222],[27.87702144215623,-12.596736276175378],[27.876837325153414,-12.596736879843249],[27.876837939699882,-12.59691771839952],[27.876653822562318,-12.59691832195061],[27.876655665887313,-12.597460837619426],[27.87647154835449,-12.597461441071703],[27.876468476825888,-12.596557248236442],[27.876284359921886,-12.596557851509054],[27.87628374577966,-12.596377012925833],[27.875731395391043,-12.596378821980101],[27.87573200915598,-12.596559660590273],[27.8761002430089,-12.596558454664885],[27.876102085121172,-12.597100970423535],[27.875917967812924,-12.59710157348055],[27.87591858173956,-12.597282412072754],[27.875550346826625,-12.597283617818478],[27.87555096051071,-12.597464456419667],[27.875366842915007,-12.597465059108375],[27.875367456473327,-12.597645897727528],[27.87518333873389,-12.597646500299454],[27.875185179085467,-12.598189016147934],[27.87500106095077,-12.598189618621046],[27.875001674293497,-12.598370457249183],[27.874817556024055,-12.59837105959653],[27.874818782466964,-12.598732736852805],[27.874634663928028,-12.598733339101338],[27.874635277037193,-12.598914177729474],[27.874451158363506,-12.598914779861227],[27.874450545380107,-12.598733941215123],[27.874266426823205,-12.598734543212128],[27.874267652538478,-12.599096220504334],[27.87408353371208,-12.599096822393541],[27.874084146452937,-12.599277661048628],[27.873715908521664,-12.599278864449749],[27.87371529604132,-12.599098025776696],[27.873162939445347,-12.599099829908196],[27.873163551548398,-12.5992806686082],[27.873347670545474,-12.599280067347813],[27.873348282783272,-12.599460906038832],[27.873532401906115,-12.5994603046437],[27.87353362666019,-12.599821981989805],[27.87334950727684,-12.599822583402906],[27.873350119541584,-12.600003422084942],[27.873166000023485,-12.600004023372277],[27.87316722431942,-12.600365700745332],[27.87335134409803,-12.600365099431048],[27.873350731815318,-12.600184260757995],[27.8735348514502,-12.600183659326929],[27.87353607628512,-12.600545336655069],[27.873904316048957,-12.600544133379712],[27.873905541431853,-12.600905810662937],[27.873537301155977,-12.600907013974226],[27.873537913609372,-12.601087852629313],[27.873353793327706,-12.601088454105295],[27.873353181000073,-12.600907615441225],[27.87316906084417,-12.600908216782457],[27.873170285229936,-12.60126989411958],[27.872986164804537,-12.601270495353019],[27.87298677688064,-12.601451334035055],[27.8724344151463,-12.601453136989761],[27.87243319176665,-12.601091459580774],[27.872617312102218,-12.601090858733613],[27.87261670029561,-12.60091002003361],[27.872800820487445,-12.60090941907865],[27.87280020856406,-12.600728580387631],[27.872616088497985,-12.600729181333607],[27.872615476718327,-12.600548342633605],[27.872799596649653,-12.60054774168763],[27.872798984744232,-12.600366902987627],[27.872430745124127,-12.600368104726865],[27.872429521861253,-12.600006427290927],[27.872245402298237,-12.600007027949442],[27.872247848347875,-12.60073038285725],[27.871695488050843,-12.600732184186006],[27.87169609920168,-12.600913022930925],[27.871327858692243,-12.600914223196925],[27.871329080508826,-12.601275900722694],[27.870960839442436,-12.601277100521571],[27.870961450108183,-12.60145793929344],[27.870777329431256,-12.601458539017706],[27.870777939980222,-12.601639377798557],[27.87040969834789,-12.601640576869798],[27.870410308636345,-12.601821415668615],[27.870226187680938,-12.601822015024572],[27.870226797852613,-12.60200285382339],[27.870042676753478,-12.602003453062567],[27.87004328680837,-12.602184291870367],[27.86985916557449,-12.602184890992763],[27.869862215336912,-12.603089085049731],[27.87023045909825,-12.603087886589345],[27.870231069332807,-12.603268725379179],[27.870415191330256,-12.603268125951356],[27.870415801708543,-12.603448964723222],[27.870968168015303,-12.60344716565822],[27.87096755724176,-12.603266326913301],[27.871335801146827,-12.603265126916796],[27.871335190130736,-12.603084288180861],[27.87151931193954,-12.603083688007436]],[[27.87151931193954,-12.603083688007436],[27.871703433730378,-12.603083087699265],[27.871702822471743,-12.602902248981296],[27.871518700797687,-12.602902849280484],[27.87151931193954,-12.603083688007436]],[[27.873537913609372,-12.601087852629313],[27.873539138534127,-12.601449529930502],[27.873723259067322,-12.60144892831079],[27.873722033882057,-12.601087251027566],[27.873537913609372,-12.601087852629313]],[[27.87702390094398,-12.597459630337584],[27.877023286226827,-12.597278791799278],[27.876839168837733,-12.597279395494098],[27.876839783420138,-12.597460234041387],[27.87702390094398,-12.597459630337584]],[[27.871330302352362,-12.601637578239481],[27.871330913296585,-12.601818416984399],[27.87151503419809,-12.601817816873856],[27.8715144231281,-12.601636978128939],[27.871330302352362,-12.601637578239481]],[[27.873717133518284,-12.599640541786872],[27.873718971076094,-12.6001830577701],[27.873903090701994,-12.600182456087504],[27.873901252748922,-12.599639940131228],[27.873717133518284,-12.599640541786872]],[[27.87610515549993,-12.598005163312692],[27.87610699783678,-12.598547679017441],[27.876291116169103,-12.598547075762795],[27.876289887678038,-12.598185398650251],[27.876474005740867,-12.598184795287807],[27.876472162685364,-12.597642279627975],[27.87628804500881,-12.597642882963468],[27.876289273445977,-12.59800456009398],[27.87610515549993,-12.598005163312692]]],[[[27.871154122836444,-12.603989081917181],[27.871153511910187,-12.603808243190228],[27.870969389571375,-12.603808843148057],[27.870970000362888,-12.603989681892974],[27.871154122836444,-12.603989081917181]]]]},"id":"1_1_1_1_+29767+430370","properties":{"area_ha":25.23127334497637,"class":1,"count":628,"label":"mining","meanLoss":-0.43919014436232817,"severity":11.081326582825534}},{"type":"Feature","geometry":{"geodesic":false,"type":"MultiPolygon","coordinates":[[[[27.91400250713114,-12.58919805942627],[27.91400186693777,-12.58901722261273],[27.91381775730114,-12.589017851361563],[27.913817117251497,-12.58883701453904],[27.91400122675338,-12.588836385799189],[27.914000586577977,-12.588655548985649],[27.91381647720186,-12.588656177716516],[27.913815197147493,-12.588294504053502],[27.913262869746767,-12.588296389419654],[27.91326350938318,-12.58847722627811],[27.913079400096894,-12.588477854487955],[27.91307876058624,-12.588297017620516],[27.912894651425717,-12.588297645695613],[27.91289529080162,-12.588478482572036],[27.911974744190513,-12.58848162108801],[27.91197793801576,-12.589385805667751],[27.9117938280198,-12.589386433042161],[27.911794466686036,-12.589567269954516],[27.91197857681674,-12.589566642580106],[27.91198049325562,-12.590109153290221],[27.91179638274762,-12.590109780691582],[27.911795744045452,-12.58992894378821],[27.91124341283587,-12.589930825219742],[27.91124788120881,-12.591196683740975],[27.91143199252529,-12.591196056654024],[27.91143773944342,-12.592823588775389],[27.911621851918728,-12.592822961481826],[27.911622490638862,-12.593003798358248],[27.911990715805075,-12.593002543375864],[27.9119913547947,-12.59318338023432],[27.912175467485607,-12.593182752536515],[27.912176745761304,-12.59354442623546],[27.912913197477135,-12.593541914123719],[27.9129138371405,-12.593722750928276],[27.913097950172762,-12.593722122574702],[27.913097310374653,-12.593541285779127],[27.914017874745454,-12.593538142160723],[27.914018515190353,-12.593718978911381],[27.91420262815973,-12.593718349794239],[27.91420198758907,-12.593537513052564],[27.914570213249355,-12.593536254467935],[27.914569572427165,-12.593355417744226],[27.914937797791005,-12.593354158665523],[27.914937156717286,-12.59317332195978],[27.914753044170112,-12.59317395155303],[27.914752403249107,-12.592993114829321],[27.914568290818714,-12.592993744287824],[27.914567650032456,-12.592812907555132],[27.914751762328102,-12.592812278105614],[27.914751121425063,-12.592631441381904],[27.914935233576976,-12.592630811815603],[27.914933951537336,-12.59226913837717],[27.91456572772758,-12.592270397348074],[27.914565086977255,-12.592089560606398],[27.914380975184667,-12.592090189885237],[27.91438033456909,-12.591909353134579],[27.91456444623591,-12.59190872385574],[27.91456380550355,-12.591727887114065],[27.91474791703563,-12.591727257727428],[27.914748557893752,-12.591908094460118],[27.914932669533627,-12.59190746492975],[27.91492946469504,-12.59100328126629],[27.915113575688125,-12.591002651664057],[27.915112934623387,-12.590821814931365],[27.914560602012433,-12.590823703342807],[27.914559961342956,-12.590642866583165],[27.915112293558654,-12.590640978198673],[27.915109729434455,-12.589917631240956],[27.914925619222902,-12.58991826078929],[27.91492305577244,-12.589194913759707],[27.91455483634646,-12.589196172407217],[27.91455419576682,-12.589015335620626],[27.914185976556436,-12.589016593747115],[27.91418661687557,-12.589197430551671],[27.91400250713114,-12.58919805942627]],[[27.91400250713114,-12.58919805942627],[27.913634287597365,-12.589199316807155],[27.913636207467807,-12.58974182728371],[27.91382031761648,-12.589741198624708],[27.913819037445332,-12.589379524997627],[27.914003147333492,-12.58937889623981],[27.91400250713114,-12.58919805942627]],[[27.912895930195493,-12.588659319439476],[27.912896569598345,-12.588840156315896],[27.913080679145146,-12.588839528213851],[27.913081318682746,-12.589020365072306],[27.91326542835531,-12.589019736835512],[27.91326414902858,-12.588658063127584],[27.912895930195493,-12.588659319439476]],[[27.912899127290604,-12.589563503776672],[27.91290040620411,-12.589925177493583],[27.91308451652346,-12.589924549337638],[27.91308323735843,-12.589562875638693],[27.912899127290604,-12.589563503776672]],[[27.912904243169198,-12.591010198590423],[27.912904882697816,-12.591191035430912],[27.913088993924465,-12.5911904072031],[27.9130883542611,-12.591009570371595],[27.912904243169198,-12.591010198590423]],[[27.913272465353003,-12.591008942035986],[27.91327310514213,-12.59118977885851],[27.913641327541534,-12.591188521774066],[27.913641967600157,-12.591369358578625],[27.91382607891664,-12.591368729838774],[27.91382543873225,-12.5911878930432],[27.914009549905,-12.59118726418657],[27.914008909603833,-12.59100642740896],[27.913272465353003,-12.591008942035986]],[[27.91327566438848,-12.59191312611267],[27.91327630422252,-12.592093962926212],[27.91382863974402,-12.592092076976154],[27.913827999523697,-12.591911240198547],[27.91327566438848,-12.59191312611267]],[[27.914193020641836,-12.591005798435548],[27.914193661077753,-12.591186635204172],[27.914377772232537,-12.591186006096013],[27.914377131670857,-12.591005169327389],[27.914193020641836,-12.591005798435548]]],[[[27.91307876058624,-12.588297017620516],[27.913262869746767,-12.588296389419654],[27.913262230119336,-12.588115552552216],[27.91307812109356,-12.588116180744093],[27.91307876058624,-12.588297017620516]]]]},"id":"1_1_1_1_+29959+430411","properties":{"area_ha":18.561495520700586,"class":1,"count":462,"label":"mining","meanLoss":-0.4878869585024451,"severity":9.055911594851368}},{"type":"Feature","geometry":{"geodesic":false,"type":"MultiPolygon","coordinates":[[[[27.91155866717947,-12.574920098094667],[27.911190467749993,-12.574921350714483],[27.911189830269535,-12.574740513568566],[27.911373929863,-12.574739887326032],[27.91137329226576,-12.574559050189098],[27.911557391724482,-12.574558423838766],[27.911556116305423,-12.574196749564898],[27.911740215485665,-12.574196123106768],[27.911741491165234,-12.574557797353688],[27.911925590597004,-12.574557170742844],[27.911921762920496,-12.573472148029039],[27.911737664252293,-12.573472774576999],[27.91173702647539,-12.573291937440064],[27.911552927932952,-12.573292563853279],[27.911552290290796,-12.573111726707362],[27.910999994986877,-12.573113605165469],[27.911000632242757,-12.573294442347319],[27.911184730821127,-12.573293816311397],[27.911187280464482,-12.574017164957947],[27.91137137954591,-12.574016538760329],[27.911372017107215,-12.574197375906246],[27.911187917900026,-12.574198002112848],[27.911188555353533,-12.574378839267748],[27.911004456002612,-12.57437946535757],[27.911005093330356,-12.574560302521453],[27.91063689435902,-12.574561554341766],[27.910641354126096,-12.575827414524884],[27.910825454519063,-12.575826788614727],[27.91082609180189,-12.576007625760644],[27.91101019231164,-12.576006999715739],[27.911009554903046,-12.575826162569822],[27.911377755644065,-12.575824910111702],[27.911379030982275,-12.576186584349639],[27.91156313159084,-12.576185957918458],[27.911563769403674,-12.576366795019458],[27.91193197085436,-12.576365541743874],[27.911935799492067,-12.5774505642331],[27.911567596496276,-12.577451817616485],[27.91156887226568,-12.577813491791538],[27.911752974033067,-12.577812865144761],[27.9117536120615,-12.577993702218814],[27.911937713936688,-12.57799307543729],[27.911938352108848,-12.57817391250236],[27.9121224541098,-12.578173285577105],[27.912123092416707,-12.578354122633192],[27.91175488815429,-12.578355376366916],[27.91175616428302,-12.578717050497055],[27.911940266679228,-12.578716423679598],[27.91193962848012,-12.578535586623513],[27.9121237307326,-12.578534959680294],[27.912125007400313,-12.578896633774498],[27.912493212399347,-12.578895379483816],[27.912497682847395,-12.580161238597938],[27.91268178623175,-12.580160611196577],[27.912679869882705,-12.579618100190016],[27.912863972871804,-12.579617472689842],[27.91286333397201,-12.579436635687655],[27.91304743682636,-12.579436008070699],[27.91304679780978,-12.579255171077495],[27.913599105914695,-12.57925328749899],[27.91359846652981,-12.579072450532736],[27.913782569078734,-12.579071822421707],[27.913783208598367,-12.579252659378977],[27.913967311273055,-12.579252031142182],[27.913966031991244,-12.578890357245609],[27.914150134396436,-12.578889728892033],[27.914150774158614,-12.579070565831337],[27.91433487668059,-12.579069937343016],[27.9143355165865,-12.579250774273337],[27.914519619225256,-12.57925014565925],[27.914520259265913,-12.579430982571605],[27.91470436203043,-12.57943035381379],[27.91470372186401,-12.579249516910417],[27.9148878244848,-12.579248888035819],[27.914883982893386,-12.578163866588637],[27.915068084732642,-12.578163237651157],[27.91506680402251,-12.57780156383543],[27.91488270243478,-12.577802192763928],[27.914881422030074,-12.57744051892125],[27.914697320693875,-12.577441147697034],[27.914696680635252,-12.577260310766713],[27.914144376959033,-12.577262196321511],[27.91414501663138,-12.577443033278781],[27.91396091525925,-12.577443661551508],[27.913955159690342,-12.575816128720474],[27.913586959236785,-12.575817384726939],[27.913585680844303,-12.575455710695616],[27.913401580855577,-12.575456338483251],[27.913400941803065,-12.5752755014631],[27.913216841940105,-12.575276129115988],[27.913215564122545,-12.57491445503975],[27.91339966373398,-12.574913827395843],[27.91339902470842,-12.574732990366707],[27.91321492523173,-12.574733617992647],[27.913214286349902,-12.574552780945545],[27.913030186981015,-12.574553408436737],[27.913035297290055,-12.576000104813556],[27.912851196888102,-12.576000732259832],[27.91285055819492,-12.57581989521273],[27.912666457909747,-12.575820522515276],[27.91266709647717,-12.576001359571363],[27.912482996057253,-12.576001986757127],[27.912482357615595,-12.575821149692059],[27.91229825731246,-12.575821776743076],[27.912297619014534,-12.575640939669023],[27.91174531842852,-12.575642820040544],[27.91174404263217,-12.575281145820574],[27.91155994267938,-12.575281772341587],[27.911560580438312,-12.575462609460553],[27.91100828012179,-12.57546448828697],[27.911008917503437,-12.575645325432887],[27.9108248172542,-12.575645951459826],[27.9108222682756,-12.574922602831242],[27.911006368021777,-12.574921976831252],[27.911007005376472,-12.575102813986152],[27.91155930492044,-12.575100935213635],[27.91155866717947,-12.574920098094667]],[[27.91174595634017,-12.575823657141544],[27.9117465942608,-12.57600449425153],[27.912114795181484,-12.576003240760349],[27.912114157000342,-12.57582240366833],[27.91174595634017,-12.575823657141544]],[[27.913962833961882,-12.577986172459253],[27.9139634735444,-12.578167009416525],[27.91414757542857,-12.578166381107865],[27.91414693572029,-12.577985544150595],[27.913962833961882,-12.577986172459253]],[[27.91396411314488,-12.578347846373795],[27.91396475274536,-12.578528683331067],[27.914148854890044,-12.57852805500444],[27.914148215154814,-12.578347218056154],[27.91396411314488,-12.578347846373795]]],[[[27.91155866717947,-12.574920098094667],[27.911742766880735,-12.574919471591622],[27.91174340474747,-12.57510030871059],[27.9119275045745,-12.575099682072796],[27.91192622858052,-12.574738007852828],[27.911742129014,-12.574738634472654],[27.911741491165234,-12.574557797353688],[27.911557391724482,-12.574558423838766],[27.91155866717947,-12.574920098094667]]]]},"id":"1_1_1_1_+29950+430494","properties":{"area_ha":13.78052542205947,"class":1,"count":343,"label":"mining","meanLoss":-0.43154313142652834,"severity":5.946891093338425}},{"type":"Feature","geometry":{"geodesic":false,"type":"Polygon","coordinates":[[[27.769865972507596,-12.535940440686261],[27.769883694480505,-12.541908299704174],[27.77006777742819,-12.541907771925977],[27.77006670284548,-12.541546083593476],[27.770250785523668,-12.541545555707483],[27.77024917334418,-12.541003023204238],[27.77043325562711,-12.541002495219429],[27.77043271812016,-12.54082165105767],[27.770616800268343,-12.540821122938114],[27.770615725020882,-12.540459434623578],[27.770799806908556,-12.540458906405208],[27.770798731436514,-12.540097218090672],[27.77098281305469,-12.540096689764505],[27.77098119953671,-12.539554157306176],[27.77116528075963,-12.53955362887221],[27.771164204856397,-12.539191940566656],[27.771348285818807,-12.53919141201591],[27.77134720969998,-12.53882972371934],[27.77153129039289,-12.538829195069779],[27.771529675886764,-12.538286662629417],[27.7717137561934,-12.538286133872058],[27.771712679643382,-12.537924445575488],[27.77189675967154,-12.53792391671033],[27.771895682905928,-12.537562228422743],[27.772079762673574,-12.537561699449789],[27.772078685674398,-12.537200011171185],[27.772262765181534,-12.53719948208145],[27.77226168795778,-12.536837793802846],[27.772445767204406,-12.536837264605312],[27.772444151045377,-12.536294732200883],[27.772628229896746,-12.536294202904534],[27.772627152241796,-12.535932514634915],[27.77281123083265,-12.535931985221785],[27.772809614035822,-12.535389452826339],[27.772993692222435,-12.535388923314393],[27.772993153179364,-12.535208079188568],[27.772624997048684,-12.535209138077708],[27.772626074631766,-12.535570826356311],[27.77244199629244,-12.53557135562571],[27.772441457626662,-12.535390511481918],[27.772257379413098,-12.535391040616569],[27.772258456502108,-12.535752728931104],[27.771338064023936,-12.53575537279875],[27.77133752611274,-12.535574528601058],[27.771153447719517,-12.535575056990108],[27.771153985504945,-12.535755901196783],[27.770969906967988,-12.535756429460069],[27.77097044462765,-12.535937273666745],[27.769865972507596,-12.535940440686261]],[[27.77152698521689,-12.537382441838586],[27.771527523334697,-12.537563286000346],[27.771711603120313,-12.537562757278918],[27.771711064876744,-12.537381913126142],[27.77152698521689,-12.537382441838586]],[[27.77152698521689,-12.537382441838586],[27.77152644710807,-12.537201597676827],[27.771342367565,-12.537202126263505],[27.771342905548057,-12.537382970434248],[27.77152698521689,-12.537382441838586]],[[27.771338601935128,-12.535936216987459],[27.77133967778446,-12.536297905364878],[27.771707835577025,-12.536296848146602],[27.77170675920667,-12.535935159805117],[27.771338601935128,-12.535936216987459]]]},"id":"1_1_1_1_+29198+430706","properties":{"area_ha":11.2502320855609,"class":1,"count":280,"label":"mining","meanLoss":-0.4520783334243383,"severity":5.085986171877389}},{"type":"Feature","geometry":{"geodesic":false,"type":"MultiPolygon","coordinates":[[[[27.892155284989993,-12.607174932674067],[27.89215465917865,-12.606994095007128],[27.89233878273917,-12.606993480307944],[27.892338156811046,-12.606812642649988],[27.89215403337629,-12.606813257340187],[27.892153407582914,-12.606632419673247],[27.891969284264942,-12.606633034237682],[27.891971161294727,-12.60717554725647],[27.892155284989993,-12.607174932674067]]],[[[27.89308279504474,-12.60916107145735],[27.893081541921866,-12.608799396276185],[27.892897417103708,-12.60880001157724],[27.89289866996607,-12.609161686776371],[27.89308279504474,-12.60916107145735]]],[[[27.896208518658103,-12.607884729515904],[27.89620788996317,-12.60770389206456],[27.896023766088238,-12.607704509467672],[27.89602439465741,-12.607885346927999],[27.896208518658103,-12.607884729515904]]],[[[27.89639390032714,-12.608245786853784],[27.896394529174792,-12.608426624287162],[27.896578653543795,-12.60842600659659],[27.89657802457038,-12.608245169172195],[27.89639390032714,-12.608245786853784]]],[[[27.896764665300157,-12.608967901017506],[27.8971329147658,-12.608966664935673],[27.897131026605884,-12.60842415275232],[27.89694690226383,-12.608424770829169],[27.896946273020927,-12.608243933422742],[27.896762148795652,-12.608244551364841],[27.89676340702994,-12.608606226195665],[27.89657928253517,-12.608606844020985],[27.896579911535532,-12.60878768144538],[27.896764036156064,-12.608787063602094],[27.896764665300157,-12.608967901017506]]],[[[27.89252603674879,-12.607897053664983],[27.892527915135034,-12.608439566558006],[27.89271203971065,-12.608438951526447],[27.892712665989116,-12.608619789139487],[27.893265040048338,-12.608617943263276],[27.893264413383594,-12.608437105677185],[27.89400091147046,-12.60843464276617],[27.89400153864724,-12.60861548031633],[27.893449164713783,-12.608617327719676],[27.893449791522254,-12.608798165296784],[27.893633916304484,-12.608797549609456],[27.893635170199907,-12.609159224736723],[27.89308279504474,-12.60916107145735],[27.89308467479642,-12.609703584215627],[27.893452925690383,-12.609702353137411],[27.893453552552753,-12.609883190696554],[27.893821803662313,-12.609881959097315],[27.893822430794177,-12.610062796638491],[27.894006556456755,-12.610062180636751],[27.894007183732352,-12.610243018168944],[27.895296064053106,-12.610238702554522],[27.895295435879195,-12.610057865085212],[27.895479561469905,-12.610057248077359],[27.89547893317023,-12.60987641061703],[27.895847184073176,-12.609875176224033],[27.895846555530955,-12.609694338781672],[27.896214806128473,-12.609693103903583],[27.896214177334723,-12.609512266470205],[27.896398302494244,-12.609511648851498],[27.896397673583714,-12.609330811427103],[27.896581798599502,-12.609330193691614],[27.896581169563206,-12.609149356276204],[27.89676529444425,-12.609148738423933],[27.896764665300157,-12.608967901017506],[27.8963964157896,-12.608969136578313],[27.896395158040406,-12.60860746172054],[27.89621103352767,-12.608608079303314],[27.896209776074922,-12.60824640440961],[27.89639390032714,-12.608245786853784],[27.89639264264981,-12.607884111978045],[27.896208518658103,-12.607884729515904],[27.89620914736202,-12.608065566967248],[27.896025023226578,-12.608066184388326],[27.896028166243113,-12.608970371645048],[27.89621229102534,-12.608969754179054],[27.896213548549955,-12.60933142904581],[27.89584529847346,-12.609332663887965],[27.89584466995819,-12.609151826436621],[27.895660545032232,-12.60915244366007],[27.895661801811247,-12.609514118571742],[27.895477676615794,-12.609514735687393],[27.89547830488852,-12.609695573156703],[27.89529417955832,-12.60969619014659],[27.895292295153364,-12.609153677720691],[27.89547642009729,-12.609153060757755],[27.895475791851513,-12.608972223288443],[27.89565991666069,-12.608971606199743],[27.89565865994456,-12.608609931270104],[27.89584278448424,-12.608609314073606],[27.895840899091137,-12.60806680168364],[27.895472650775343,-12.608068035887992],[27.895473907177063,-12.608429710853564],[27.89528978274518,-12.60843032778955],[27.89528915467008,-12.608249490302274],[27.894920906039875,-12.608250723761024],[27.894921533863442,-12.60843156127525],[27.895105658304313,-12.608430944590792],[27.895106286262628,-12.608611782087051],[27.894738037102414,-12.60861301533919],[27.89473740940461,-12.608432177824962],[27.89436916045101,-12.608433410547095],[27.8943685330227,-12.608252573014902],[27.894552657373733,-12.6082519567257],[27.894550774747444,-12.607709444129123],[27.894366650791667,-12.607710060391375],[27.89436602339929,-12.607529222850198],[27.89399777570333,-12.607530454970458],[27.893998402835198,-12.607711292538584],[27.893814278843486,-12.60771190841456],[27.893814905858573,-12.607892745982685],[27.893630781732114,-12.607893361750863],[27.893631408621435,-12.608074199327971],[27.89344728436023,-12.608074814970385],[27.893446030833115,-12.607713139798202],[27.893630154842793,-12.607712524173754],[27.89362764740229,-12.606989173829389],[27.89381177088196,-12.606988558106126],[27.893810516959586,-12.606626882942926],[27.89362639374043,-12.606627498639238],[27.893625766922973,-12.606446661044163],[27.893441643811613,-12.60644727660573],[27.893442270503304,-12.60662811421877],[27.893258147257196,-12.606628729663555],[27.89325877382312,-12.606809567276596],[27.892890527052426,-12.606810797806839],[27.892889900738027,-12.60662996017583],[27.89252165418293,-12.606631190176067],[27.892522280227833,-12.606812027825042],[27.892706403644624,-12.606811412883314],[27.892707029833257,-12.60699225051432],[27.892522906290704,-12.606992865474014],[27.89252353236256,-12.607173703114006],[27.89270765603986,-12.60717308815431],[27.89270828224646,-12.607353925785318],[27.892524158443397,-12.607354540762978],[27.892524784533215,-12.60753537840297],[27.892340660595405,-12.607535993254865],[27.89233940868526,-12.607174317956918],[27.892155284989993,-12.607174932674067],[27.892157162495888,-12.607717445638954],[27.892341286568445,-12.607716830903838],[27.892341912550467,-12.60789766854383],[27.89252603674879,-12.607897053664983]],[[27.89252603674879,-12.607897053664983],[27.892894285118487,-12.607895823538984],[27.89289365875019,-12.607714985916958],[27.892525410641003,-12.607716216033976],[27.89252603674879,-12.607897053664983]],[[27.893076529816657,-12.607352695452706],[27.893077156301736,-12.607533533065746],[27.89326128019463,-12.60753291770181],[27.89326065359277,-12.607352080097753],[27.893076529816657,-12.607352695452706]],[[27.893076529816657,-12.607352695452706],[27.893075903349544,-12.607171857839663],[27.89289177969919,-12.607172473059869],[27.89289240604054,-12.607353310681894],[27.893076529816657,-12.607352695452706]],[[27.893264413383594,-12.608437105677185],[27.89326316008106,-12.608075430496017],[27.893079035792905,-12.608076045886904],[27.893080288834927,-12.608437721086036],[27.893264413383594,-12.608437105677185]],[[27.89400091147046,-12.60843464276617],[27.894185035965226,-12.608434026719515],[27.894184408662678,-12.608253189178338],[27.89400028429368,-12.608253805207028],[27.89400091147046,-12.60843464276617]],[[27.894554540080875,-12.60879446929533],[27.89455516767088,-12.60897530681854],[27.894739292524974,-12.608974690358659],[27.894738664809203,-12.608793852853415],[27.894554540080875,-12.60879446929533]],[[27.894554540080875,-12.60879446929533],[27.89455391249985,-12.60861363177212],[27.894369787897286,-12.608614248079286],[27.894370415343563,-12.60879508561148],[27.894554540080875,-12.60879446929533]],[[27.894922789528547,-12.608793236285736],[27.894923417370084,-12.608974073781997],[27.89510754220621,-12.608973457079571],[27.895106914229927,-12.60879261958331],[27.894922789528547,-12.608793236285736]],[[27.894925300975537,-12.609516586270777],[27.894926556757422,-12.609878261254314],[27.895110682240336,-12.60987764449799],[27.89510942619794,-12.609515969541402],[27.894925300975537,-12.609516586270777]]]]},"id":"1_1_1_1_+29852+430310","properties":{"area_ha":9.963829023041164,"class":1,"count":224,"label":"mining","meanLoss":-0.36774382821759566,"severity":3.664136628638744}},{"type":"Feature","geometry":{"geodesic":false,"type":"MultiPolygon","coordinates":[[[[27.890856421493854,-12.604285828199117],[27.89067229979285,-12.604286441748457],[27.890673549070932,-12.60464811728895],[27.89085767103245,-12.604647503721644],[27.890856421493854,-12.604285828199117]]],[[[27.891591657681307,-12.603921697257526],[27.89159290820805,-12.60428337271717],[27.891408786542975,-12.60428398677855],[27.891409411698547,-12.604464824517354],[27.891225289889743,-12.60446543845297],[27.891228415146582,-12.605369627146993],[27.891412537602175,-12.60536901315748],[27.891413162811645,-12.605549850878319],[27.891597285375035,-12.605549236754058],[27.891599786832757,-12.606272587574532],[27.891783909899203,-12.606271973288575],[27.891784535423085,-12.606452810982464],[27.892152781798522,-12.606451582006308],[27.892152156023112,-12.606270744330384],[27.89233627907159,-12.606270129667134],[27.892335653170417,-12.606089292000194],[27.892519776084146,-12.606088677220162],[27.892520402102104,-12.606269514869137],[27.893072771148727,-12.606267669729544],[27.893070891954,-12.60572515683652],[27.892886769327728,-12.605725771984861],[27.892884890600126,-12.60518325903794],[27.892700768360132,-12.605183874033568],[27.89270014227031,-12.605003036366627],[27.892516020147095,-12.605003651227506],[27.892514768245935,-12.60464197587566],[27.892146524484595,-12.604643205175211],[27.892144647481757,-12.604100692075576],[27.89196052597838,-12.604101306505264],[27.891959900463483,-12.603920468793408],[27.891591657681307,-12.603921697257526]],[[27.891593533489385,-12.604464210446992],[27.891594158779704,-12.60464504816783],[27.891778280696307,-12.604644433962722],[27.89177765527124,-12.604463596250866],[27.891593533489385,-12.604464210446992]]],[[[27.890856421493854,-12.604285828199117],[27.89122466486892,-12.604284600714163],[27.891223414854217,-12.603922925218587],[27.891591657681307,-12.603921697257526],[27.891590407181518,-12.6035600217889],[27.891222164875447,-12.603561249705043],[27.891219665043675,-12.602837898659992],[27.890851423725756,-12.602839126001214],[27.890850799055272,-12.602658288217494],[27.890666678513092,-12.602658901694967],[27.89066605397736,-12.60247806389328],[27.89048193355196,-12.602478677227024],[27.890481309150974,-12.602297839425336],[27.890113068533736,-12.602299065697565],[27.890112444402245,-12.602118227859945],[27.89048068475897,-12.602117001605682],[27.890478187298747,-12.601393650345035],[27.8902940676459,-12.601394263499115],[27.890291570850433,-12.600670912148635],[27.88992333254187,-12.600672138007639],[27.88992395646675,-12.600852975863225],[27.89010807576027,-12.600852362996605],[27.890109947975088,-12.601394876527431],[27.88992582829529,-12.601395489421],[27.889927700222646,-12.601938002960809],[27.88974358014759,-12.601938615764547],[27.889744204009588,-12.60211945361115],[27.889560083799786,-12.602120066298106],[27.889560707545,-12.602300904153692],[27.88937658719147,-12.602301516714885],[27.889377834448343,-12.602663192444023],[27.8891937138343,-12.602663804897418],[27.889194337345955,-12.602844642761987],[27.888826095821422,-12.602845867318432],[27.88882671909053,-12.603026705200968],[27.889010839983055,-12.603026092981136],[27.889012086808734,-12.603387768719259],[27.8888279656557,-12.603388380957057],[27.888829212256805,-12.603750056704161],[27.888460969402765,-12.603751280838399],[27.8884597233137,-12.603389605055362],[27.888643844493686,-12.60338899306909],[27.888642598189026,-12.603027317295037],[27.8882743563411,-12.60302854110588],[27.888274979232918,-12.603209379006383],[27.888090858169715,-12.603209990732141],[27.888091480935767,-12.60339082865061],[27.887907359737817,-12.603391440250604],[27.88790798238709,-12.603572278178056],[27.887723861045412,-12.60357288966127],[27.887725728669835,-12.60411540343464],[27.888093972116764,-12.604114180279566],[27.888094594936717,-12.60429501818007],[27.888462838599242,-12.604293794494989],[27.888461592456277,-12.603932118729919],[27.888645714022537,-12.603931506716698],[27.8886463372108,-12.60411234459025],[27.88883045889384,-12.604111732442282],[27.88882983557083,-12.603930894577713],[27.88938220016181,-12.603929057397194],[27.889381576461506,-12.60374821955059],[27.88993394058536,-12.60374638125616],[27.889932068370545,-12.603203867788215],[27.890484431245742,-12.603202028433772],[27.890485680155514,-12.603563704028163],[27.890669801344483,-12.603563090640522],[27.8906704259431,-12.603743928415259],[27.89085454725783,-12.60374331489287],[27.890856421493854,-12.604285828199117]],[[27.88790798238709,-12.603572278178056],[27.887908605045347,-12.603753116096524],[27.888092726503807,-12.60375250446958],[27.888093349305795,-12.603933342370082],[27.88827747089002,-12.603932730617373],[27.8882762250435,-12.60357105481637],[27.88790798238709,-12.603572278178056]]]]},"id":"1_1_1_1_+29834+430342","properties":{"area_ha":8.718370570327167,"class":1,"count":217,"label":"mining","meanLoss":-0.4182000260870302,"severity":3.6460227999472177}},{"type":"Feature","geometry":{"geodesic":false,"type":"Polygon","coordinates":[[[27.934387567733097,-12.625837734535585],[27.93438625487226,-12.625476063989726],[27.934017985652666,-12.625477353054192],[27.934017329496232,-12.625296517758805],[27.933833194994236,-12.625297162093409],[27.933833851024904,-12.625477997397779],[27.93364971639714,-12.625478641615603],[27.933651028224915,-12.625840312233327],[27.933466893318673,-12.625840956343351],[27.933467549115782,-12.62602179166569],[27.932546873803044,-12.626025010347318],[27.932546218652725,-12.625844174980065],[27.932177948705494,-12.625845461547215],[27.93217663895283,-12.625483790767793],[27.931992504226248,-12.625484433844756],[27.931991849489155,-12.62530359844157],[27.931439445632815,-12.625305526863974],[27.93143748265222,-12.624763020564586],[27.93125334840175,-12.624763663093576],[27.931252694221612,-12.624582827645476],[27.931068560096904,-12.624583470030736],[27.931067906051513,-12.62440263457365],[27.930699638026677,-12.62440391894891],[27.930698984250782,-12.624223083473861],[27.930330716441542,-12.624224367328098],[27.930331369947947,-12.624405202830099],[27.930515503991803,-12.62440456095688],[27.930516811301054,-12.624766231924946],[27.93070094559644,-12.624765589907996],[27.930701599390304,-12.624946425383047],[27.93088573380247,-12.624945783231349],[27.930887695651187,-12.625488289611585],[27.931071830440647,-12.625487647298192],[27.931073138648213,-12.62584931818541],[27.931257273680217,-12.625848675728285],[27.93125858219321,-12.626210346597539],[27.931626852751293,-12.626209061261081],[27.931627507281775,-12.626389896664266],[27.931811642673107,-12.626389253802898],[27.931812297338336,-12.6265700891971],[27.932364703844705,-12.626568159804517],[27.932365358914176,-12.62674899517177],[27.932549494521105,-12.626748351780398],[27.932550149725323,-12.626929187129683],[27.933470828280978,-12.626925968214492],[27.93347017242099,-12.626745132910122],[27.93439085007833,-12.62674191085981],[27.934391506576123,-12.626922746119265],[27.93457564220102,-12.626922101317538],[27.93457629884254,-12.627102936559027],[27.934760434584216,-12.62710229162255],[27.934761091360485,-12.627283126855056],[27.93531349893585,-12.627281191255113],[27.93531218461076,-12.626919520844002],[27.93512804903078,-12.626920166157769],[27.935126078010267,-12.626377660487202],[27.93475780757795,-12.626378950665579],[27.934756494133204,-12.626017280173619],[27.934572359164083,-12.626017925056194],[27.93457170258544,-12.625837089787757],[27.934387567733097,-12.625837734535585]],[[27.934387567733097,-12.625837734535585],[27.934203432871772,-12.625838379148666],[27.9342040891899,-12.626019214426089],[27.934388224185977,-12.626018569804023],[27.934387567733097,-12.625837734535585]]]},"id":"1_1_1_1_+30053+430211","properties":{"area_ha":5.7451441577156865,"class":1,"count":143,"label":"mining","meanLoss":-0.634088174847133,"severity":3.6429279731996087}},{"type":"Feature","geometry":{"geodesic":false,"type":"Polygon","coordinates":[[[27.885696299857415,-12.4952559773032],[27.885697531070377,-12.495617656266274],[27.885881575794745,-12.495617051313811],[27.885882191544958,-12.495797890786365],[27.886618370864642,-12.495795469664978],[27.88661713835811,-12.49543379080072],[27.886801182911796,-12.49543318522842],[27.886800566541748,-12.495252345800782],[27.886984610951707,-12.495251740102718],[27.886983377996014,-12.494890061256426],[27.88716742214546,-12.494889455459548],[27.88716618896519,-12.494527776622238],[27.886982145076253,-12.49452838240115],[27.88698276152715,-12.494709221828789],[27.886798717503467,-12.494709827499902],[27.886799333837583,-12.49489066692754],[27.886615289670168,-12.494891272481873],[27.88661344107206,-12.494348754136077],[27.8867974848532,-12.494348148617677],[27.886796868546032,-12.494167309172072],[27.88624473755296,-12.494169125332014],[27.886244121632068,-12.49398828585946],[27.88569199093544,-12.493990100851594],[27.885692606470055,-12.494170940351097],[27.885324519033542,-12.494172149743981],[27.8853257496087,-12.494533828769937],[27.884957661624217,-12.494535037695696],[27.884958276673743,-12.494715877222148],[27.88477423254226,-12.494716481509858],[27.884774847475004,-12.494897321045293],[27.8844067589156,-12.494898529243418],[27.884407373605796,-12.49507936879682],[27.88422332917787,-12.495079972725202],[27.88422271462242,-12.494899133162818],[27.88403867032026,-12.494899736947469],[27.884038055899556,-12.494718897376101],[27.88348592332545,-12.494720707966488],[27.883486537359875,-12.494901547564806],[27.883302493021784,-12.494902150846402],[27.88330310693943,-12.495082990453703],[27.882935017975782,-12.49508419666655],[27.882935631641903,-12.495265036282834],[27.88275158702533,-12.495265639214088],[27.882752200574668,-12.495446478839353],[27.88256815581437,-12.495447081653825],[27.882568769246927,-12.495627921288076],[27.882384724351876,-12.495628523976784],[27.882385950992415,-12.495990203254268],[27.88275404129455,-12.495988997706172],[27.88275465487982,-12.496169837322457],[27.883674881106785,-12.496166821210924],[27.883674266874728,-12.495985981639556],[27.883858311967405,-12.49598537804355],[27.883857697618566,-12.495804538481165],[27.88422578750748,-12.495803330938811],[27.88422517290711,-12.495622491385408],[27.884593262508563,-12.495621283357965],[27.88459387736046,-12.4958021228934],[27.88440983243846,-12.495802726983479],[27.884410447173575,-12.495983566518914],[27.884226402107846,-12.49598417048323],[27.8842276313535,-12.496345849572068],[27.884595721970047,-12.496344641472758],[27.88459449222134,-12.495982962419852],[27.884778537260118,-12.495982358204008],[27.884777307295817,-12.495620679160087],[27.8849613520651,-12.495620074836445],[27.88496073697066,-12.495439235318976],[27.8851447816052,-12.495438630869572],[27.885145396834385,-12.495619470378058],[27.885329441585704,-12.495618865802887],[27.88532882623075,-12.495438026303384],[27.885512870856306,-12.495437421611435],[27.885512255384572,-12.495256582120915],[27.885696299857415,-12.4952559773032]],[[27.88403867032026,-12.494899736947469],[27.883854626009114,-12.49490034061534],[27.88385524031304,-12.495081180186709],[27.884039284749946,-12.495080576518838],[27.88403867032026,-12.494899736947469]],[[27.88624720130839,-12.49489248319528],[27.88643124549377,-12.494891877901459],[27.886430629411183,-12.494711038446871],[27.886246585351568,-12.49471164373171],[27.88624720130839,-12.49489248319528]],[[27.88624720130839,-12.49489248319528],[27.885879112910683,-12.494893693414614],[27.885879728615976,-12.495074532887168],[27.8856956842689,-12.495075137821663],[27.885696299857415,-12.4952559773032],[27.886064388794114,-12.495254767308445],[27.886063772945086,-12.495073927835891],[27.8862478172742,-12.49507332265885],[27.88624720130839,-12.49489248319528]]]},"id":"1_1_1_1_+29814+430932","properties":{"area_ha":6.106960227382155,"class":1,"count":152,"label":"mining","meanLoss":-0.4433086358207473,"severity":2.7072682074123438}},{"type":"Feature","geometry":{"geodesic":false,"type":"Polygon","coordinates":[[[27.930529886648323,-12.628382941147482],[27.93053119440673,-12.628744612007752],[27.930715331540792,-12.628743969784189],[27.93071598556822,-12.62892480520534],[27.931084260060924,-12.62892352034499],[27.931084914357843,-12.629104355748176],[27.93145318907513,-12.629103070366801],[27.931453843632557,-12.629283905743037],[27.931637981107983,-12.629283262854722],[27.93163929051929,-12.629644933580243],[27.931823428237255,-12.629644290539215],[27.931824083091133,-12.629825125897483],[27.93200822092588,-12.629824482721707],[27.932008875923486,-12.63000531806201],[27.93219301387502,-12.630004674751486],[27.932194324148707,-12.63036634539616],[27.932562600554824,-12.630365058361885],[27.932561945152976,-12.630184223057515],[27.9327460832123,-12.630183579351732],[27.932745427693675,-12.630002744056345],[27.932929565618252,-12.63000210023378],[27.932928254356415,-12.629640429651989],[27.933296529639637,-12.629639141674483],[27.933295873770668,-12.629458306397062],[27.933480011264056,-12.629457662224155],[27.9334793552783,-12.629276826946734],[27.933295217901694,-12.629277471110658],[27.933293906208664,-12.628915800546832],[27.933109769083586,-12.628916444558042],[27.933107801997693,-12.628373938662897],[27.933291938736495,-12.628373294678635],[27.9332906271333,-12.62801162408786],[27.932922354176714,-12.628012911894684],[27.932921698649103,-12.627832076572348],[27.932737562278607,-12.62783272027813],[27.932736906894725,-12.627651884946811],[27.9323686343873,-12.627653171954135],[27.93236797927291,-12.627472336604848],[27.931999706990062,-12.62747362309115],[27.931999052136188,-12.627292787714914],[27.93181491610705,-12.627293430755945],[27.93181426140589,-12.627112595370726],[27.931630125493534,-12.627113238277007],[27.931630780068932,-12.62729407367121],[27.931446644021833,-12.627294716451727],[27.93144729848045,-12.627475551854914],[27.931263162289618,-12.627476194527635],[27.931265125342076,-12.628018700746173],[27.93089685216091,-12.628019985759238],[27.930897506269186,-12.62820082118039],[27.93071336953038,-12.62820146351175],[27.930714023521876,-12.628382298932902],[27.930529886648323,-12.628382941147482]],[[27.93126577971086,-12.628199536149358],[27.931266434097612,-12.628380371543562],[27.931634707754885,-12.628379085991508],[27.931634053116603,-12.628198250606289],[27.93126577971086,-12.628199536149358]],[[27.932373875688672,-12.629099854685546],[27.932375186115074,-12.629461525339202],[27.93274346120965,-12.629460238143231],[27.932742150262225,-12.629098567525507],[27.932373875688672,-12.629099854685546]]]},"id":"1_1_1_1_+30059+430195","properties":{"area_ha":5.865672693228967,"class":1,"count":146,"label":"mining","meanLoss":-0.39933481501926194,"severity":2.3423673199141253}},{"type":"Feature","geometry":{"geodesic":false,"type":"MultiPolygon","coordinates":[[[[27.89749360896871,-12.60679537971619],[27.897861855263294,-12.60679414284384],[27.897861225463433,-12.606613305464363],[27.898045348466997,-12.606612686848525],[27.89804660832723,-12.606974361589517],[27.89749423851704,-12.606976217113635],[27.89749486807436,-12.607157054511081],[27.89731074465757,-12.607157672776575],[27.897311374098106,-12.607338510183004],[27.89712725053759,-12.607339128331716],[27.8971266212318,-12.607158290916304],[27.896574250891604,-12.607160144562943],[27.896574879811116,-12.607340982005304],[27.896390756214664,-12.607341599641979],[27.8963913850174,-12.607522437093323],[27.896575508739613,-12.607521819438682],[27.896576137686075,-12.607702656881044],[27.896760261525074,-12.607702039091658],[27.896760890606284,-12.607882876516053],[27.89657676663254,-12.607883494314422],[27.896577395596967,-12.6080643317478],[27.897129767877527,-12.60806247795743],[27.89712913852682,-12.607881640551001],[27.897313262473617,-12.607881022384323],[27.897312003547626,-12.607519347580448],[27.897496127224926,-12.607518729305971],[27.89749801601366,-12.608061241462375],[27.897313891950084,-12.608061859772784],[27.897315150929973,-12.608423534558693],[27.89749927525406,-12.608422916230316],[27.89749864563386,-12.608242078850836],[27.89786689398559,-12.608240841834759],[27.897866264113862,-12.608060004464262],[27.89768214006825,-12.6080606230262],[27.89768025089324,-12.607518110896747],[27.897864374543595,-12.607517492361758],[27.8978637447078,-12.607336654982278],[27.89767962118321,-12.607337273508284],[27.897678991491148,-12.607156436119821],[27.898231361651682,-12.607154580191462],[27.89822884141917,-12.606431230736428],[27.89841296427002,-12.606430611869062],[27.89841359443819,-12.606611449230575],[27.898597717414805,-12.606610830237445],[27.898597087111884,-12.606429992884916],[27.89878120994477,-12.606429373766021],[27.898779949114353,-12.60606769907893],[27.89896407167774,-12.60606707986122],[27.898962810622745,-12.605705405174128],[27.89914693291664,-12.605704785848621],[27.899145671646046,-12.60534311117051],[27.89896154960368,-12.605343730487034],[27.898960919112117,-12.605162893134505],[27.898776797195513,-12.605163512316281],[27.898776166838697,-12.604982674954767],[27.898960288629535,-12.604982055781974],[27.898959658155935,-12.604801218429445],[27.89932790145015,-12.604799979733517],[27.899327270734005,-12.604619142389971],[27.899511392237383,-12.604618522866835],[27.899508868923647,-12.603895173519598],[27.899692989906,-12.603894553906631],[27.899690466241925,-12.603171204559395],[27.89932222531028,-12.603172443596684],[27.89932348660782,-12.603534118310726],[27.89913936586801,-12.603534737663182],[27.899139996404493,-12.603715575024694],[27.898955875520954,-12.603716194251385],[27.89895776679802,-12.60425870635389],[27.89877364551922,-12.604259325481767],[27.898774275840108,-12.604440162852264],[27.898406033004033,-12.604441400757674],[27.898407293142746,-12.604803075525615],[27.898223171450724,-12.604803694303149],[27.898224431373844,-12.605165369080074],[27.898408553326377,-12.605164750284574],[27.898409183431667,-12.605345587664052],[27.898040939266085,-12.605346825147256],[27.898042828863304,-12.605889337321626],[27.897858706380763,-12.60588995590153],[27.89785996589964,-12.606251630687437],[27.897491720386586,-12.606252867496904],[27.89749360896871,-12.60679537971619]],[[27.896943756166078,-12.607520583770077],[27.89694438536407,-12.607701421185489],[27.897128509185098,-12.607700803144573],[27.897127879861344,-12.607519965738145],[27.896943756166078,-12.607520583770077]],[[27.898225691341878,-12.605527043856998],[27.898226321330387,-12.605707881236478],[27.898410443669196,-12.605707262414027],[27.89840981354594,-12.60552642503455],[27.898225691341878,-12.605527043856998]]],[[[27.8971266212318,-12.607158290916304],[27.89731074465757,-12.607157672776575],[27.897310115235,-12.606976835370146],[27.89749423851704,-12.606976217113635],[27.89749360896871,-12.60679537971619],[27.896941239463946,-12.606797234072499],[27.896941868626,-12.606978071496894],[27.897125991934992,-12.606977453500892],[27.8971266212318,-12.607158290916304]]]]},"id":"1_1_1_1_+29885+430328","properties":{"area_ha":4.901552152641053,"class":1,"count":122,"label":"mining","meanLoss":-0.37891573089188957,"severity":1.8572752164226993}},{"type":"Feature","geometry":{"geodesic":false,"type":"MultiPolygon","coordinates":[[[[27.879599695703337,-12.596908649933678],[27.87978381269717,-12.596908044352395],[27.879783196075593,-12.596727205939853],[27.88015142976682,-12.596725994426945],[27.880150196047556,-12.596364317637795],[27.879966079466946,-12.596364923443655],[27.879965462746554,-12.596184085031114],[27.879781346282726,-12.596184690702227],[27.879782579471982,-12.596546367536295],[27.87959846273866,-12.596546973090627],[27.879599695703337,-12.596908649933678]]],[[[27.880716127301383,-12.60034094299644],[27.880900246684735,-12.600340336489891],[27.880899629110946,-12.600159498185148],[27.880715509853356,-12.600160104682713],[27.880716127301383,-12.60034094299644]]],[[[27.880716127301383,-12.60034094299644],[27.880532007909046,-12.600341549377223],[27.880531390586786,-12.600160711054512],[27.88034727132021,-12.600161317300548],[27.88034665414168,-12.599980478968854],[27.880530773282487,-12.59997987272282],[27.88052953870084,-12.599618196059433],[27.880345419811565,-12.599618802287502],[27.880341717072742,-12.598533772180561],[27.87997348082132,-12.598534984133643],[27.87997224716494,-12.598173307371443],[27.879788129281774,-12.598173913141371],[27.879787512597314,-12.597993074746796],[27.879971630354717,-12.597992468994834],[27.879971013544495,-12.597811630609241],[27.88015513116715,-12.597811024731515],[27.880154514240143,-12.597630186354905],[27.87997039675224,-12.597630792223649],[27.879969779968963,-12.597449953829074],[27.87960154522671,-12.597451165171302],[27.879599695703337,-12.596908649933678],[27.879231461697703,-12.596909860709966],[27.879235775569395,-12.59817572968759],[27.879051657650294,-12.598176334945478],[27.879052273831697,-12.598357173367003],[27.87886815576887,-12.598357778517094],[27.878870003971716,-12.598900293799636],[27.87868588551363,-12.598900898841928],[27.87868711743626,-12.599262575702944],[27.879239473556126,-12.599260760144873],[27.879238857204044,-12.599079921741314],[27.879791212847802,-12.599078105060348],[27.879792446333504,-12.599439781813567],[27.879608327543036,-12.599440387511631],[27.879608944173597,-12.599621225897224],[27.879424825239404,-12.599621831478505],[27.8794254417442,-12.599802669864097],[27.87960956081314,-12.599802064273831],[27.87961202747013,-12.600525417762302],[27.87979614704213,-12.600524812001357],[27.879797380689528,-12.600886488709659],[27.87998150050407,-12.600885882813966],[27.87998211747599,-12.601066721154641],[27.880166237416297,-12.601066115115218],[27.880165620318614,-12.600885276783526],[27.880349740115193,-12.600884670627321],[27.880350357338642,-12.60106550895003],[27.880534477260984,-12.601064902659079],[27.88053509462816,-12.601245740972807],[27.880719214667284,-12.601245134547108],[27.880717362215403,-12.600702619623894],[27.880533242562556,-12.600703226022642],[27.88053262523131,-12.600522387699932],[27.88071674474941,-12.600521781310166],[27.880716127301383,-12.60034094299644]],[[27.87997841582413,-12.599981691056685],[27.879979032742153,-12.600162529415327],[27.880163152035674,-12.600161923420819],[27.880162534982905,-12.59998108507116],[27.87997841582413,-12.599981691056685]],[[27.879980266605145,-12.600524206114647],[27.879980883550115,-12.600705044464306],[27.880165003229912,-12.600704438442849],[27.880164386159176,-12.600523600102173],[27.879980266605145,-12.600524206114647]]]]},"id":"1_1_1_1_+29778+430367","properties":{"area_ha":4.66053996754098,"class":1,"count":116,"label":"mining","meanLoss":-0.370354124350751,"severity":1.726050198680317}},{"type":"Feature","geometry":{"geodesic":false,"type":"Polygon","coordinates":[[[27.85963283130106,-12.627535718703973],[27.85963403934647,-12.627897396625002],[27.860923019928194,-12.627893241099345],[27.860921810068188,-12.627531563295099],[27.86073767027511,-12.62753215730608],[27.86073646072053,-12.627170479474884],[27.860368181610486,-12.627171667083623],[27.86036757710718,-12.626990828141075],[27.86018343767343,-12.626991421747814],[27.860182228945302,-12.626629743853735],[27.859998089763078,-12.62663033730776],[27.85999748553825,-12.626449498347247],[27.859813346472812,-12.62645009167551],[27.859812742391714,-12.62626925269703],[27.859444464485414,-12.626270438949312],[27.85944386067381,-12.626089599952865],[27.85852316639764,-12.626092563306342],[27.858523769562453,-12.62627340233872],[27.85797135250088,-12.626275178856009],[27.8579719552884,-12.626456017915338],[27.85778781611516,-12.626456609842228],[27.8577884187859,-12.626637448901556],[27.857604279477915,-12.626638040711667],[27.857605484585836,-12.626999718857272],[27.85778962414535,-12.626999127029197],[27.85779022684304,-12.627179966088526],[27.857974366528317,-12.627179374125703],[27.85797496936974,-12.627360213176049],[27.858527388757953,-12.627358436506047],[27.85852799199463,-12.627539275520459],[27.858712131895505,-12.627538683036613],[27.85871273526693,-12.627719522042042],[27.858896875302552,-12.62771892942345],[27.85889627179638,-12.627538090427004],[27.859264551571176,-12.627536904812525],[27.859265155328877,-12.62771774379999],[27.859081015320207,-12.62771833667011],[27.859081618952146,-12.627899175657573],[27.859449899221016,-12.627897989764618],[27.859448691436118,-12.627536311825622],[27.85963283130106,-12.627535718703973]],[[27.85963283130106,-12.627535718703973],[27.859816971157016,-12.62753512545656],[27.85981636701304,-12.627354286496045],[27.85963222729183,-12.627354879734476],[27.85963283130106,-12.627535718703973]],[[27.85926334408272,-12.627175226846582],[27.859263947822456,-12.627356065834045],[27.859448087561635,-12.627355472847142],[27.859447483696133,-12.627174633868663],[27.85926334408272,-12.627175226846582]],[[27.85962981135372,-12.626631523847506],[27.85963041532702,-12.626812362825985],[27.859814554661952,-12.62681176960552],[27.85981395056289,-12.626630930645007],[27.85962981135372,-12.626631523847506]],[[27.86000050673425,-12.627353693131852],[27.860001715273732,-12.62771537102593],[27.86018585523749,-12.627714777509022],[27.860185250833002,-12.627533938575457],[27.860369390653027,-12.627533344941767],[27.860368786131755,-12.627352506017186],[27.86000050673425,-12.627353693131852]]]},"id":"1_1_1_1_+29666+430202","properties":{"area_ha":4.339156903421898,"class":1,"count":108,"label":"mining","meanLoss":-0.39216022981231713,"severity":1.701644768437634}},{"type":"Feature","geometry":{"geodesic":false,"type":"Polygon","coordinates":[[[27.857695803441306,-12.487570308505193],[27.857697590756345,-12.488112831315615],[27.858065672335844,-12.48811166020893],[27.858066268386,-12.48829250112777],[27.85825030929253,-12.488291915372306],[27.858251501662338,-12.488653597183038],[27.859171707326862,-12.488650666465357],[27.859171110495172,-12.488469825609398],[27.859355151473565,-12.488469239099349],[27.85935634539746,-12.488830920793301],[27.859724427839343,-12.488829747359977],[27.859723830621373,-12.488648906530967],[27.85990787169858,-12.488648319643627],[27.859907274354853,-12.488467478814616],[27.860275356230794,-12.48846630466264],[27.86027356348993,-12.487923782238495],[27.860089522942726,-12.487924369350415],[27.86008892551815,-12.487743528530387],[27.859904885087726,-12.48774411550756],[27.85990369050806,-12.487382433840558],[27.86008773067797,-12.487381846872369],[27.86008653588271,-12.487020165214348],[27.85935037615528,-12.48702251223371],[27.859349779278674,-12.486841671359784],[27.858245540172618,-12.486845188066491],[27.858246136276676,-12.487026028985332],[27.858062096268462,-12.487026614677914],[27.858062692255736,-12.48720745560574],[27.857878652103793,-12.487208041172558],[27.857879843853762,-12.487569723037188],[27.857695803441306,-12.487570308505193]],[[27.858982892862745,-12.48720452586722],[27.858983489496808,-12.487385366750129],[27.85916752972062,-12.487384780419744],[27.85916693295181,-12.487203939545818],[27.858982892862745,-12.48720452586722]],[[27.859168723276202,-12.487746462158611],[27.85916932006298,-12.487927303023554],[27.85972144182137,-12.487925543196962],[27.85972084464832,-12.48774470235897],[27.859168723276202,-12.487746462158611]]]},"id":"1_1_1_1_+29668+430972","properties":{"area_ha":4.3392162646068595,"class":1,"count":108,"label":"mining","meanLoss":-0.3849477619118112,"severity":1.67037158951174}},{"type":"Feature","geometry":{"geodesic":false,"type":"MultiPolygon","coordinates":[[[[27.8820136206601,-12.602868430060878],[27.8821977417772,-12.602867822539235],[27.882196504572477,-12.602506146118394],[27.882012383706904,-12.602506753622071],[27.8820136206601,-12.602868430060878]]],[[[27.882203928420665,-12.604676204508696],[27.882388050822357,-12.604675596771456],[27.882388669662774,-12.604856434941452],[27.882572792190228,-12.604855827069466],[27.88257093530067,-12.60431331256846],[27.882386813159492,-12.604313920413496],[27.88238743198194,-12.604494758592477],[27.88220330970601,-12.604495366320732],[27.882203928420665,-12.604676204508696]]],[[[27.882937321956856,-12.603769582018053],[27.882937941147617,-12.603950420179066],[27.883122062992353,-12.60394981196572],[27.883123301652347,-12.604311488260798],[27.883491545835895,-12.604310271429863],[27.883490926249877,-12.6041294332958],[27.88330680428836,-12.604130041769658],[27.883305565394803,-12.603768365492545],[27.882937321956856,-12.603769582018053]]],[[[27.882203928420665,-12.604676204508696],[27.882019806001004,-12.60467681212017],[27.882020424589893,-12.604857650308134],[27.881836302035488,-12.604858257802826],[27.881835065127206,-12.604496581399951],[27.8820191874211,-12.604495973923225],[27.882018568859163,-12.604315135726278],[27.882202691009326,-12.60431452813277],[27.882202072321626,-12.604133689944806],[27.882017950297225,-12.604134297529333],[27.88201733174427,-12.603953459323403],[27.88275381928491,-12.603951028266648],[27.8827532002289,-12.603770190096652],[27.882937321956856,-12.603769582018053],[27.882936702784065,-12.60358874385704],[27.882752581181872,-12.603589351926656],[27.882751343114766,-12.60322767557768],[27.882383100404454,-12.60322889128572],[27.882382481644886,-12.603048053088774],[27.882014239150173,-12.603049268284774],[27.8820136206601,-12.602868430060878],[27.88164537838098,-12.602869644726873],[27.88164661485807,-12.60323132119263],[27.881462493444527,-12.603231928354948],[27.88146372970602,-12.603593604829689],[27.88127960802298,-12.603594211884207],[27.881278372022,-12.603232535391502],[27.880910129158973,-12.603233749078331],[27.88090889371495,-12.602872072531726],[27.88072477252598,-12.602872679173021],[27.880726007709498,-12.60323435572861],[27.880541886251034,-12.603234962253124],[27.880544973733716,-12.604139153642095],[27.880729095838966,-12.604138547072665],[27.880729713493604,-12.604319385341476],[27.880913835715635,-12.604318778628317],[27.880914453514006,-12.604499616879162],[27.881098575852814,-12.604499010040238],[27.881099193785932,-12.6046798482821],[27.881283316250506,-12.604679241299445],[27.88128455239522,-12.60504091775622],[27.88146867511132,-12.605040310629835],[27.8814692933319,-12.605221148844747],[27.881837538979703,-12.605219934196718],[27.881838157469776,-12.605400772393665],[27.882022280410457,-12.605400164872021],[27.882022899035277,-12.605581003051],[27.88220702209274,-12.605580395394611],[27.882206403342153,-12.605399557224613],[27.882390526264867,-12.605398949451443],[27.882391764035532,-12.605760625773469],[27.882760010366052,-12.605759409804916],[27.88275939122021,-12.60557857166187],[27.882943514241738,-12.605577963502423],[27.882942275707506,-12.605216287225312],[27.88275815294649,-12.605216895366793],[27.882757533818612,-12.605036057223746],[27.882205165858952,-12.605037880866654],[27.882203928420665,-12.604676204508696]],[[27.88127960802298,-12.603594211884207],[27.88109548633994,-12.60359481880398],[27.88109734001353,-12.604137333556515],[27.881281462091827,-12.60413672660081],[27.88127960802298,-12.603594211884207]],[[27.88164661485807,-12.60323132119263],[27.8816472331056,-12.60341215942551],[27.882015476157267,-12.603410944705615],[27.882014857649228,-12.603230106499687],[27.88164661485807,-12.60323132119263]],[[27.88201733174427,-12.603953459323403],[27.882016094683273,-12.603591782920528],[27.881831973027186,-12.60359239035234],[27.881832591427425,-12.603773228567253],[27.881648469645572,-12.6037738358733],[27.88164908792005,-12.603954674097196],[27.88201733174427,-12.603953459323403]],[[27.882383100404454,-12.60322889128572],[27.882198979026843,-12.603229498960077],[27.882200216321397,-12.603591175362952],[27.88238433795054,-12.60359056767063],[27.882383100404454,-12.60322889128572]]],[[[27.881278372022,-12.603232535391502],[27.881462493444527,-12.603231928354948],[27.881461875331745,-12.603051090113086],[27.881277754043964,-12.603051697140657],[27.881278372022,-12.603232535391502]]]]},"id":"1_1_1_1_+29790+430332","properties":{"area_ha":4.459647699857925,"class":1,"count":111,"label":"mining","meanLoss":-0.3635610523454304,"severity":1.6213542108502252}},{"type":"Feature","geometry":{"geodesic":false,"type":"Polygon","coordinates":[[[27.855681463576815,-12.490651037554132],[27.8560495489472,-12.490649868971712],[27.85604538583078,-12.489383982072699],[27.85567730224804,-12.489385150538338],[27.855676707805866,-12.489204309520682],[27.855860749475966,-12.489203725364218],[27.85585956036704,-12.488842043346873],[27.85530743611133,-12.488843795394054],[27.855308030275026,-12.489024636429676],[27.855123988712727,-12.489025220199863],[27.855124582759643,-12.489206061244468],[27.85494054105361,-12.489206644897875],[27.85493994713246,-12.48902580385327],[27.85420378073953,-12.489028137182304],[27.854203187339404,-12.488847296101767],[27.85401914584897,-12.488847879108386],[27.8540203323977,-12.489209561296411],[27.854388415890607,-12.489208395121477],[27.854389009434463,-12.48938923619303],[27.854204967557752,-12.489389819352365],[27.85420615442089,-12.48975150151344],[27.85402211229265,-12.489752084564975],[27.85402329893121,-12.490113766735034],[27.853839256533476,-12.490114349678771],[27.85384044295644,-12.49047603184883],[27.8540244856057,-12.490475448887127],[27.854026265698284,-12.491017972101792],[27.854394351742407,-12.491016805747194],[27.854394945376097,-12.491197646791798],[27.85457898851943,-12.49119706341687],[27.854577801000524,-12.490835381336643],[27.855682058090853,-12.490831878544839],[27.855681463576815,-12.490651037554132]],[[27.855309812828995,-12.489567159518577],[27.855311001237233,-12.489928841571855],[27.855679085619474,-12.489927673555373],[27.855678491150353,-12.489746832555683],[27.855494449093978,-12.489747416613332],[27.85549385476859,-12.489566575595676],[27.855309812828995,-12.489567159518577]],[[27.85549623214202,-12.490289939648333],[27.855495637780695,-12.49010909863966],[27.85531159545483,-12.49010968258951],[27.855312189690387,-12.490290523607166],[27.85549623214202,-12.490289939648333]],[[27.85549623214202,-12.490289939648333],[27.855497420882635,-12.490651621656696],[27.855681463576815,-12.490651037554132],[27.85568027458467,-12.490289355563736],[27.85549623214202,-12.490289939648333]]]},"id":"1_1_1_1_+29649+430961","properties":{"area_ha":4.178512153869287,"class":1,"count":104,"label":"mining","meanLoss":-0.37832129788755775,"severity":1.580820141290763}},{"type":"Feature","geometry":{"geodesic":false,"type":"MultiPolygon","coordinates":[[[[27.860580749614805,-12.635670500129462],[27.86057893441606,-12.635127983688095],[27.860394789161226,-12.635128577806874],[27.860396603973697,-12.63567109427519],[27.860580749614805,-12.635670500129462]]],[[[27.860581354702017,-12.635851338937263],[27.860213063159286,-12.635852527129906],[27.86021245833259,-12.63567168830414],[27.860028312673514,-12.63567228219834],[27.860027707981565,-12.63549144336359],[27.859843562448255,-12.635492037123043],[27.859842957900035,-12.635311198270328],[27.86002710330758,-12.635310604519857],[27.860026498633594,-12.635129765676124],[27.859474062779267,-12.635131546532277],[27.85947466705799,-12.635312385393975],[27.859106376180016,-12.635313572014567],[27.859106980207212,-12.635494410894232],[27.858922834628988,-12.635495004024865],[27.85892525032455,-12.636218359561493],[27.858741104216318,-12.636218952602295],[27.85873989661108,-12.635857274816013],[27.858555750745392,-12.635857867704102],[27.8585569580991,-12.636219545508348],[27.858372811972902,-12.636220138288639],[27.858373415532977,-12.63640097718627],[27.858189269263047,-12.63640156984978],[27.85818987270634,-12.636582408765378],[27.858005726292678,-12.636583001303121],[27.85800632961919,-12.636763840227703],[27.85819047614963,-12.636763247671992],[27.858192286560357,-12.637305764391837],[27.858376433468088,-12.637305171683412],[27.858377037091042,-12.637486010572061],[27.8592977721687,-12.637483045098561],[27.85929656364718,-12.637121367402113],[27.859480710384233,-12.637120773948086],[27.859480106006693,-12.636939935104353],[27.859664252600016,-12.636939341524563],[27.85966485710332,-12.637120180359313],[27.859849003813423,-12.637119586644776],[27.859847794555286,-12.636757908993241],[27.859479501638138,-12.636759096251637],[27.859478897287545,-12.636578257407903],[27.85966304362036,-12.63657766384608],[27.859662439144003,-12.636396825002347],[27.86003073151318,-12.636395637519373],[27.860031336250046,-12.63657647634514],[27.86021548255591,-12.636575882406023],[27.860214877693277,-12.63639504358924],[27.86039902385541,-12.636394449533341],[27.860398418876,-12.636213610716558],[27.8605825648944,-12.63621301654388],[27.860581354702017,-12.635851338937263]],[[27.858557561784938,-12.636400384405981],[27.85855816548874,-12.636581223294629],[27.858742311866468,-12.63658063037061],[27.858741708036902,-12.636399791490943],[27.858557561784938,-12.636400384405981]],[[27.860029522075383,-12.63603395986784],[27.860030126794282,-12.636214798693606],[27.86021427283963,-12.636214204772456],[27.86021366799497,-12.63603336594669],[27.860029522075383,-12.63603395986784]]],[[[27.860581354702017,-12.635851338937263],[27.86113379193975,-12.635849555691593],[27.861132581001765,-12.635487878120907],[27.860948435522353,-12.635488472643928],[27.86094904086109,-12.635669311442745],[27.860580749614805,-12.635670500129462],[27.860581354702017,-12.635851338937263]]]]},"id":"1_1_1_1_+29672+430152","properties":{"area_ha":4.057911238389783,"class":1,"count":101,"label":"mining","meanLoss":-0.37742785811041973,"severity":1.5315687471076567}},{"type":"Feature","geometry":{"geodesic":false,"type":"MultiPolygon","coordinates":[[[[27.854641839884902,-12.621764832694506],[27.85427356792545,-12.621766011391957],[27.85427416789226,-12.62194685069383],[27.854642440112226,-12.621945671978413],[27.854641839884902,-12.621764832694506]]],[[[27.854824775162946,-12.621402564607285],[27.85482417483681,-12.621221725332362],[27.854455903667873,-12.621222904236424],[27.854456503742483,-12.621403743529315],[27.854824775162946,-12.621402564607285]]],[[[27.854641839884902,-12.621764832694506],[27.855194247756714,-12.621763063696115],[27.85519484837031,-12.621943902953074],[27.85537898443538,-12.621943313020443],[27.855379585183726,-12.622124152259435],[27.855747857556405,-12.6221229720079],[27.855749059610055,-12.622484650440967],[27.855564923167695,-12.622485240652075],[27.855565524077736,-12.622666079882084],[27.85538138750063,-12.622666669967426],[27.855382589096138,-12.623028348427445],[27.85556672592477,-12.623027758324135],[27.855567927816722,-12.623389436757202],[27.855752064896887,-12.623388846501177],[27.855751463825147,-12.62320800729812],[27.85593560076158,-12.623207416925315],[27.85593499957306,-12.623026577722255],[27.85630327316745,-12.623025396617319],[27.856304476092465,-12.623387074978522],[27.856488613136694,-12.623386484219441],[27.856492824555527,-12.624652358353394],[27.856676962498074,-12.624651767405668],[27.856674555399387,-12.623928410809027],[27.85685869282091,-12.623927819762486],[27.856857489060463,-12.623566141473148],[27.856673351908437,-12.62356673249274],[27.856672148453416,-12.623205054167471],[27.85648801154393,-12.623205645052314],[27.856485605262712,-12.622482288338894],[27.856669741651174,-12.622481697489981],[27.856669139977562,-12.622300858313872],[27.856853276222292,-12.622300267357161],[27.8568514708601,-12.621757749837816],[27.856667335001646,-12.62175834077656],[27.85666613172629,-12.621396662406374],[27.85648199611038,-12.621397253192404],[27.856481394625416,-12.621216413998328],[27.85574485258398,-12.621218775857857],[27.85574545356589,-12.621399615096848],[27.855561317905064,-12.621400205254057],[27.855560717057905,-12.621219366006082],[27.85519244596083,-12.621220545925242],[27.855191845383164,-12.6210397066593],[27.855007709955903,-12.621040296421251],[27.855008910859706,-12.621401974962117],[27.854824775162946,-12.621402564607285],[27.85482537549807,-12.62158340388221],[27.854641239666563,-12.62158399341958],[27.854641839884902,-12.621764832694506]],[[27.856299664634953,-12.62194036147083],[27.856300266030086,-12.622121200664905],[27.856484402176,-12.622120609968707],[27.85648380064612,-12.621939770774631],[27.856299664634953,-12.62194036147083]]]]},"id":"1_1_1_1_+29643+430230","properties":{"area_ha":3.6963265792865343,"class":1,"count":92,"label":"mining","meanLoss":-0.40637606835776063,"severity":1.5020986626567523}},{"type":"Feature","geometry":{"geodesic":false,"type":"MultiPolygon","coordinates":[[[[27.859452314907596,-12.628621345615656],[27.8598205961736,-12.62862015914778],[27.859819991975723,-12.628439320205231],[27.85945171097023,-12.628440506655142],[27.859452314907596,-12.628621345615656]]],[[[27.858715752258814,-12.628623717042242],[27.85908403360566,-12.62862253158946],[27.85908342992881,-12.62844169261098],[27.85926757044952,-12.628441099695943],[27.859266966655884,-12.628260260726446],[27.858898685857007,-12.628261446403807],[27.858898082323883,-12.628080607416344],[27.858345661435486,-12.628082384948728],[27.858344455186707,-12.62772070691092],[27.857976175061566,-12.627721891258773],[27.857977380798307,-12.628083569341499],[27.85779324046624,-12.628084161340253],[27.85779203499001,-12.627722483248546],[27.85742375481097,-12.627723666841815],[27.857424959766178,-12.628085344969454],[27.857240819407163,-12.628085936590917],[27.857241421772475,-12.628266775668212],[27.857057281269732,-12.628267367172894],[27.857058485766796,-12.628629045318501],[27.85724262652107,-12.628628453795853],[27.85724383131458,-12.628990131914511],[27.857796254314017,-12.628988356538082],[27.85779745991601,-12.629350034593857],[27.857429177410335,-12.629351218348823],[27.857430382536222,-12.629712896431547],[27.857062099473588,-12.629714079710405],[27.857062701793986,-12.629894918769734],[27.85687856012343,-12.629895510220518],[27.856879162318066,-12.63007634928883],[27.857247445919686,-12.630075166225566],[27.857248048383816,-12.63025600526693],[27.857432190296915,-12.630255413537668],[27.857432792904774,-12.630436252570048],[27.857801076964538,-12.630435068716267],[27.857799871245764,-12.630073390687441],[27.857984012997164,-12.630072798589872],[27.857982807062797,-12.629711120561046],[27.858166948553688,-12.629710528355677],[27.858165742385754,-12.629348850335836],[27.857981601155377,-12.62934944253222],[27.85798099822412,-12.629168603508823],[27.858165139319755,-12.629168011330405],[27.858163933214705,-12.62880633330158],[27.858716355684138,-12.62880455603869],[27.858715752258814,-12.628623717042242]],[[27.858715752258814,-12.628623717042242],[27.85871454543511,-12.62826203904935],[27.858530405013212,-12.628262631569127],[27.858531611576403,-12.628624309579987],[27.858715752258814,-12.628623717042242]],[[27.85797798367566,-12.628264408373877],[27.85797858657098,-12.628445247406257],[27.85816272715457,-12.628444655254787],[27.85816212413349,-12.628263816231392],[27.85797798367566,-12.628264408373877]]],[[[27.859452314907596,-12.628621345615656],[27.85908403360566,-12.62862253158946],[27.8590846372915,-12.628803370558957],[27.85890049649231,-12.628803963366197],[27.858901100061367,-12.628984802344677],[27.85871695912743,-12.628985395026152],[27.85871756257072,-12.629166234013615],[27.858533421493057,-12.62916682657831],[27.858534628155063,-12.62952850456222],[27.858718769484256,-12.62952791197956],[27.858718166023,-12.62934707300108],[27.858902307217445,-12.629346480301638],[27.858901703630423,-12.629165641323157],[27.859085844690124,-12.629165048506936],[27.85908524098632,-12.628984209528454],[27.859269381893306,-12.628983616595452],[27.859268778072725,-12.628802777634938],[27.859452918853947,-12.62880218457617],[27.859452314907596,-12.628621345615656]]]]},"id":"1_1_1_1_+29660+430193","properties":{"area_ha":3.53561076501461,"class":1,"count":88,"label":"mining","meanLoss":-0.39463628599068756,"severity":1.3952803010140593}},{"type":"Feature","geometry":{"geodesic":false,"type":"MultiPolygon","coordinates":[[[[27.848417574115608,-12.632816010985328],[27.84823342993875,-12.632816596606045],[27.848234026204505,-12.632997436033682],[27.84841817051611,-12.632996850403982],[27.848417574115608,-12.632816010985328]]],[[[27.849523036179107,-12.632993333939819],[27.849522439006055,-12.632812494575063],[27.8493382948831,-12.632813080959348],[27.849338891921406,-12.63299392034207],[27.849523036179107,-12.632993333939819]]],[[[27.848417574115608,-12.632816010985328],[27.84878586245135,-12.632814839357618],[27.848785265808306,-12.632633999947947],[27.849705985830195,-12.632631068691277],[27.849707180427828,-12.632992747420788],[27.84989132465858,-12.632992160775991],[27.849890727234,-12.632811321420219],[27.85007487133001,-12.632810734649658],[27.85007427377966,-12.632629895302868],[27.85025841773194,-12.632629308415527],[27.85025901541703,-12.632810147762317],[27.85099559167529,-12.632807798910394],[27.850996189881403,-12.632988638212268],[27.85154862236705,-12.632986875214623],[27.851546826616833,-12.632444357380868],[27.850994395290012,-12.632446120297663],[27.85099379711085,-12.632265280986806],[27.850625509781217,-12.63226645561489],[27.85062610769987,-12.632447294943711],[27.850441963882343,-12.632447882073599],[27.850441366098437,-12.632267042735792],[27.84970479127748,-12.63226938995278],[27.849704194014596,-12.632088550588024],[27.849520050412664,-12.632089137062142],[27.849520647549785,-12.632269976444864],[27.848784072549165,-12.63227232111962],[27.848783475933068,-12.63209148170995],[27.84786275761798,-12.632094409651836],[27.847862161657652,-12.631913570188265],[27.84749387452565,-12.63191474045952],[27.847494470225463,-12.632095579941057],[27.847310326515736,-12.632096164888036],[27.847310922098767,-12.632277004378556],[27.846942634391844,-12.632278173922174],[27.846944420413312,-12.6328206924117],[27.846760276155607,-12.632821277017321],[27.846760871388298,-12.633002116516824],[27.846945015771766,-12.63300153190222],[27.8469456111392,-12.63318237139274],[27.847129755648435,-12.633181786643389],[27.847130351150618,-12.633362626115943],[27.84749864039366,-12.633361456221982],[27.847497448868268,-12.632999777294842],[27.84731330451175,-12.633000362286737],[27.8473121132828,-12.63263868334163],[27.84749625738779,-12.632638098358717],[27.847495661652044,-12.632457258886163],[27.847679805613303,-12.63245667378647],[27.847680997336326,-12.63281835271361],[27.84786514154911,-12.632817767470186],[27.847864545552852,-12.632636928015598],[27.848416977733073,-12.63263517155769],[27.848417574115608,-12.632816010985328]]],[[[27.849707180427828,-12.632992747420788],[27.849523036179107,-12.632993333939819],[27.849524827743178,-12.633535852043071],[27.849893117004186,-12.63353467881636],[27.849892519543673,-12.63335383946957],[27.84970837505241,-12.633354426141317],[27.849707180427828,-12.632992747420788]]]]},"id":"1_1_1_1_+29603+430170","properties":{"area_ha":3.5356253341469346,"class":1,"count":88,"label":"mining","meanLoss":-0.391407671139885,"severity":1.3838708780616293}},{"type":"Feature","geometry":{"geodesic":false,"type":"Polygon","coordinates":[[[27.853202920618756,-12.63207738335225],[27.853204120076274,-12.632439061767352],[27.853388263750073,-12.632438472724054],[27.85338886361807,-12.63261931191813],[27.85357300740865,-12.632618722749067],[27.853574207432104,-12.63298040111027],[27.853942495507336,-12.632979222349936],[27.85394309579754,-12.63316006150808],[27.854127239947445,-12.633159471925794],[27.8541278403724,-12.633340311074953],[27.854680273163474,-12.633338541546557],[27.85468147481288,-12.633700219781996],[27.855418052768957,-12.633697858560271],[27.85541685008649,-12.633336180396698],[27.855600994290292,-12.633335589790331],[27.855600392832276,-12.633154750713036],[27.855968680961407,-12.633153569131993],[27.855968079251863,-12.632972730072666],[27.856152223168205,-12.632972139097989],[27.856151621341883,-12.63279130003866],[27.85633576512348,-12.632790708956186],[27.856334561228284,-12.632429030846513],[27.856518704740385,-12.632428439647258],[27.8565181026805,-12.632247600605895],[27.856333959303143,-12.632248191787184],[27.85633275546185,-12.631886513668526],[27.85596446918325,-12.631887695635845],[27.855967477551303,-12.632791891004354],[27.855415046116683,-12.632793663119898],[27.855414444820365,-12.632612824024637],[27.854493726226796,-12.632615774972379],[27.85449312558625,-12.632434935832201],[27.854308981966348,-12.632435525639067],[27.85430778096373,-12.632073847322781],[27.854123637595357,-12.632074436985917],[27.85412303723329,-12.63189359781879],[27.85393889399068,-12.631894187338196],[27.85393829376336,-12.631713348162085],[27.853570007502725,-12.631714526796655],[27.853570607469536,-12.63189536599073],[27.853386464190997,-12.631895955132842],[27.853387064032045,-12.632076794335902],[27.853202920618756,-12.63207738335225]]]},"id":"1_1_1_1_+29636+430171","properties":{"area_ha":3.4552603645784816,"class":1,"count":86,"label":"mining","meanLoss":-0.3915653138332558,"severity":1.352960109031783}},{"type":"Feature","geometry":{"geodesic":false,"type":"MultiPolygon","coordinates":[[[[27.884048252164305,-12.605574311850793],[27.884047632120147,-12.605393473770627],[27.884231754944047,-12.605392864730831],[27.884230514622168,-12.605031188570502],[27.883862269477422,-12.605032406497381],[27.88386412920566,-12.605574920773808],[27.884048252164305,-12.605574311850793]]],[[[27.886071118325436,-12.604844253355008],[27.886070496897872,-12.604663415364675],[27.885886374684826,-12.604664025635163],[27.885886995986624,-12.604844863643462],[27.886071118325436,-12.604844253355008]]],[[[27.886989241659197,-12.604117848226636],[27.887173363423088,-12.60411723721953],[27.887172741258905,-12.603936399274112],[27.88698861962078,-12.603937010272235],[27.886989241659197,-12.604117848226636]]],[[[27.88423361549873,-12.605935378944377],[27.884232375122952,-12.605573702802014],[27.884048252164305,-12.605574311850793],[27.884049492288554,-12.605935988011122],[27.88423361549873,-12.605935378944377]]],[[[27.886989241659197,-12.604117848226636],[27.88643687629567,-12.604119680493373],[27.886437497956795,-12.604300518474723],[27.88680574179898,-12.604299297080345],[27.88680698565124,-12.604660972998131],[27.886622863483108,-12.60466158378066],[27.886624728951578,-12.60520409767081],[27.886440606379207,-12.605204708354524],[27.886439984673164,-12.605023870382157],[27.886255862226555,-12.605024480931123],[27.886257105387113,-12.60538615688484],[27.88644122809423,-12.605385546326891],[27.88644184981824,-12.605566384290276],[27.885889481274674,-12.605568215631747],[27.88589010262139,-12.60574905362208],[27.88552185661426,-12.605750273893563],[27.885519993382598,-12.60520775985968],[27.88515174811209,-12.605208979583189],[27.88515298974551,-12.605570655635722],[27.884784743927028,-12.605571874883124],[27.88478536449221,-12.605752712927355],[27.884601241443733,-12.605753322371394],[27.884601861892133,-12.60593416042461],[27.88423361549873,-12.605935378944377],[27.88423547613426,-12.606477893130974],[27.884419599730712,-12.606477283911513],[27.884418979372146,-12.606296445858298],[27.885339596536934,-12.606293397883523],[27.885338975549544,-12.606112559875223],[27.886259591825002,-12.60610950877431],[27.886258970199812,-12.605928670801942],[27.8866272163866,-12.605927449497397],[27.886626594509877,-12.605746611542997],[27.886810717459543,-12.60574600070657],[27.88681009546604,-12.605565162761152],[27.88717834107791,-12.605563940728972],[27.887177718832877,-12.605383102792537],[27.887361841495082,-12.605382491596785],[27.887361219142253,-12.605201653678316],[27.887545341660726,-12.6052010423568],[27.88754471918213,-12.605020204447314],[27.887728841565856,-12.605019593009017],[27.887728218970484,-12.60483875509953],[27.88791234121048,-12.604838143544452],[27.88791171848934,-12.60465730564395],[27.888095840603572,-12.604656693972089],[27.888095217765652,-12.60447585608057],[27.8877269737977,-12.604477079271577],[27.88772759637511,-12.604657917190046],[27.8873593521197,-12.604659139895963],[27.887358729793817,-12.604478301959528],[27.886990485754,-12.604479524135439],[27.886989241659197,-12.604117848226636]],[[27.88515298974551,-12.605570655635722],[27.885153610580186,-12.605751493661987],[27.885337733601716,-12.605750883840656],[27.885337112641277,-12.605570045823374],[27.88515298974551,-12.605570655635722]],[[27.887175852169648,-12.604840588992218],[27.88717647438773,-12.605021426928651],[27.887360596789424,-12.605020815750866],[27.887359974445577,-12.604839977823413],[27.887175852169648,-12.604840588992218]]],[[[27.886255862226555,-12.605024480931123],[27.886255240655263,-12.604843642949772],[27.886071118325436,-12.604844253355008],[27.88607173976198,-12.605025091345341],[27.886255862226555,-12.605024480931123]]]]},"id":"1_1_1_1_+29817+430324","properties":{"area_ha":3.5355684914795202,"class":1,"count":88,"label":"mining","meanLoss":-0.3553882078211105,"severity":1.256499349815694}},{"type":"Feature","geometry":{"geodesic":false,"type":"Polygon","coordinates":[[[27.841073885457185,-12.52650397473125],[27.84107622989838,-12.527227339511542],[27.84126029918269,-12.527226763601615],[27.84126088544121,-12.527407604780967],[27.841444954851283,-12.52740702873629],[27.841445541253535,-12.527587869906661],[27.841629610780387,-12.527587293727237],[27.841630197317386,-12.52776813487964],[27.841998336595676,-12.527766982125534],[27.84199892340217,-12.527947823268955],[27.8421829931536,-12.52794724668529],[27.84218240623033,-12.527766405559836],[27.84236647584701,-12.527765828868374],[27.842365888797975,-12.52758498774292],[27.84273402775287,-12.527583833991685],[27.842733440452303,-12.527402992884197],[27.84291750979051,-12.527402415824424],[27.842915747574402,-12.526859892510945],[27.842731678622467,-12.526860469534785],[27.84273109136682,-12.526679628418314],[27.84236295368753,-12.526680782079717],[27.84236177971522,-12.526319099792877],[27.84125736801585,-12.526322557659935],[27.841257954229455,-12.52650339884827],[27.841073885457185,-12.52650397473125]]]},"id":"1_1_1_1_+29575+430754","properties":{"area_ha":2.5312212616648395,"class":1,"count":63,"label":"mining","meanLoss":-0.4533023142948036,"severity":1.1474084559048845}},{"type":"Feature","geometry":{"geodesic":false,"type":"Polygon","coordinates":[[[27.822219260287387,-12.501424981644725],[27.82221983205608,-12.501605824045786],[27.82258793609346,-12.5016047001815],[27.822587364064255,-12.501423857789423],[27.82277141593921,-12.501423295677617],[27.822770271647236,-12.501061610911426],[27.823138374858168,-12.50106048633747],[27.823137802478616,-12.500879643972342],[27.823321853940353,-12.50087908150121],[27.82332128143504,-12.500698239136081],[27.823505332762025,-12.500697676557152],[27.82350476013993,-12.500516834201006],[27.824240964846005,-12.50051458264561],[27.824242684284343,-12.501057109615234],[27.824426735826925,-12.501056546380534],[27.824427309113773,-12.501237388691765],[27.824979464064914,-12.501235698224097],[27.82498003774702,-12.501416540508377],[27.82553219300359,-12.501414848890866],[27.825531044875806,-12.501053164376202],[27.82534699338712,-12.501053728356505],[27.82534641946247,-12.50087288609019],[27.82516236809955,-12.500873449935744],[27.82516122053771,-12.500511765367184],[27.825529322751507,-12.500510637586244],[27.825528748728043,-12.500329795310947],[27.82516064676577,-12.500330923082903],[27.825160073011798,-12.500150080798623],[27.824976022142952,-12.50015064448248],[27.824976595780143,-12.500331486784727],[27.824608493763975,-12.5003326138021],[27.824606773669867,-12.499790086850442],[27.82387057107483,-12.499792339277203],[27.823871716777163,-12.500154023980512],[27.823687665845434,-12.500154586793004],[27.82368823858431,-12.50033542914915],[27.82332013645136,-12.500336554405823],[27.823320708938706,-12.500517396770952],[27.82295260650931,-12.500518521542537],[27.822953178754116,-12.500699363925632],[27.822585076028275,-12.500700488212125],[27.82258679204403,-12.501243015397344],[27.822402740285852,-12.501243577383386],[27.822403312180313,-12.501424419775464],[27.822219260287387,-12.501424981644725]]]},"id":"1_1_1_1_+29479+430901","properties":{"area_ha":2.651785370994118,"class":1,"count":66,"label":"mining","meanLoss":-0.4233251373043097,"severity":1.1225674062776447}},{"type":"Feature","geometry":{"geodesic":false,"type":"Polygon","coordinates":[[[27.80552936227617,-12.520464103229784],[27.805529923327967,-12.5206449461339],[27.805713989593936,-12.520644394837811],[27.805715673180508,-12.521186923505251],[27.805899739832753,-12.52118637206543],[27.805899178502482,-12.521005529188262],[27.806083245011,-12.52100497763166],[27.806082683563947,-12.520824134754491],[27.806266749937713,-12.520823583081109],[27.806266188364898,-12.520642740212924],[27.806634320833954,-12.52064163649785],[27.80663319720323,-12.520279950788428],[27.806449131233705,-12.52028050268639],[27.806448569562075,-12.520099659818204],[27.80626450370933,-12.520100211590401],[27.806263380644545,-12.519738525836065],[27.806447446236778,-12.519737974081833],[27.806446884592095,-12.519557131204664],[27.80699908094659,-12.519555475214338],[27.806998518924612,-12.519374632364118],[27.807182584229388,-12.519374080124797],[27.807180897831085,-12.51883155157414],[27.80699683291259,-12.518832103795495],[27.806996270926547,-12.518651260936291],[27.80644407649445,-12.518652916800855],[27.806444638094217,-12.518833759687007],[27.806260573139784,-12.518834311396322],[27.806261134622773,-12.519015154291457],[27.806077069524612,-12.51901570588399],[27.806078192266003,-12.519377391683244],[27.805894126907333,-12.51937794316798],[27.805896371967908,-12.520101314757502],[27.80571230608821,-12.520101866152407],[27.80571342841638,-12.520463551942678],[27.80552936227617,-12.520464103229784]]]},"id":"1_1_1_1_+29383+430797","properties":{"area_ha":2.169656982006622,"class":1,"count":54,"label":"mining","meanLoss":-0.5159075168255951,"severity":1.1193423459503513}},{"type":"Feature","geometry":{"geodesic":false,"type":"MultiPolygon","coordinates":[[[[27.810514954718656,-12.525512768508388],[27.810514389965803,-12.52533192589173],[27.81033032059166,-12.525332480673285],[27.810330885209765,-12.525513323289942],[27.810514954718656,-12.525512768508388]]],[[[27.810514389965803,-12.52533192589173],[27.810698459339942,-12.525331370984414],[27.810699024209576,-12.525512213592089],[27.810514954718656,-12.525512768508388],[27.810515519471508,-12.525693611116063],[27.811067728321568,-12.525691945971902],[27.81106716318244,-12.525511103382195],[27.811251232655394,-12.525510548088603],[27.8112506673905,-12.525329705507877],[27.81161880604895,-12.525328594561365],[27.81161767504306,-12.524966909426865],[27.812353951228083,-12.524964686087555],[27.81235281922506,-12.524603001006954],[27.812720956760618,-12.524601888614155],[27.812719824281487,-12.524240203560502],[27.812903892775278,-12.524239647188931],[27.812902760080554,-12.523877962144264],[27.812718691838292,-12.523878518497868],[27.812718125630166,-12.523697675953077],[27.812534057513666,-12.523698232171935],[27.812535189678385,-12.524059917261518],[27.81143077924564,-12.52406325202345],[27.811431344573414,-12.524244094613156],[27.8110632074421,-12.524245205209326],[27.81106377251835,-12.524426047808015],[27.81087970380896,-12.524426602930928],[27.810880268768425,-12.524607445538603],[27.81069619992429,-12.524608000535752],[27.810696764757992,-12.52478884315241],[27.81051269577911,-12.524789398032777],[27.81051326049603,-12.524970240658417],[27.81069732960966,-12.524969685769067],[27.81069789447031,-12.52515052837674],[27.810513825230917,-12.525151083275075],[27.810514389965803,-12.52533192589173]]]]},"id":"1_1_1_1_+29414+430769","properties":{"area_ha":2.6919738339327886,"class":1,"count":67,"label":"mining","meanLoss":-0.3953912742543265,"severity":1.06438296445799}},{"type":"Feature","geometry":{"geodesic":false,"type":"MultiPolygon","coordinates":[[[[27.8563261350399,-12.629897283827265],[27.85651027674639,-12.629896692753775],[27.856509674812266,-12.629715853667497],[27.856325533240526,-12.629716444740987],[27.8563261350399,-12.629897283827265]]],[[[27.856328542336218,-12.630620640172378],[27.85632914418949,-12.630801479249673],[27.856145001827233,-12.630802070242314],[27.856145603554744,-12.630982909328592],[27.856329746042764,-12.630982318326968],[27.856330347905022,-12.63116315739528],[27.856146205291235,-12.631163748405887],[27.856148010554616,-12.631706265637773],[27.856516296554737,-12.631705083445876],[27.856517500629597,-12.63206676155555],[27.857254073555104,-12.632064395563772],[27.857252868447187,-12.631702717525963],[27.857621154339512,-12.631701533797946],[27.857620551534023,-12.631520694792517],[27.857804694336455,-12.631520102748846],[27.857803488509884,-12.63115842474697],[27.857435203417058,-12.631159608672615],[27.857434600773267,-12.630978769649218],[27.857066315896038,-12.630979953053842],[27.85706571352174,-12.63079911401248],[27.856697428878075,-12.630800296887095],[27.85669682676429,-12.630619457818783],[27.856328542336218,-12.630620640172378]],[[27.857251663375198,-12.631341039470188],[27.857252265911193,-12.631521878502566],[27.85743640873159,-12.631521286710424],[27.857435806069834,-12.631340447696012],[27.857251663375198,-12.631341039470188]]],[[[27.856880366743265,-12.630438027398505],[27.856880968973833,-12.630618866457832],[27.85706511116541,-12.630618274962133],[27.85706450880908,-12.630437435920772],[27.856880366743265,-12.630438027398505]]],[[[27.856328542336218,-12.630620640172378],[27.856327940500908,-12.6304398010861],[27.856880366743265,-12.630438027398505],[27.856879764530667,-12.630257188348159],[27.856695622581633,-12.630257779691144],[27.856695020503782,-12.630076940622832],[27.856510878680513,-12.63007753183107],[27.8565114806326,-12.630258370908365],[27.856327338674586,-12.630258962008805],[27.8563261350399,-12.629897283827265],[27.856141993333413,-12.629897874774992],[27.856141391659804,-12.62971703567973],[27.855957250070098,-12.62971762649271],[27.855956047010334,-12.629355948266255],[27.856140188348515,-12.629355357471242],[27.856138985064174,-12.62899367925377],[27.85595484399549,-12.628994270030816],[27.855954242501543,-12.628813430908606],[27.855770101540656,-12.628814021550905],[27.855770702908842,-12.628994860682099],[27.85558656182219,-12.628995451207617],[27.85558716306461,-12.629176290338812],[27.85577130428601,-12.629175699804309],[27.855773709884506,-12.629899056293153],[27.85595785160896,-12.629898465596954],[27.85595905472262,-12.630260143805444],[27.856143196698604,-12.630259552974497],[27.856144400108708,-12.630621231156036],[27.856328542336218,-12.630620640172378]]]]},"id":"1_1_1_1_+29647+430187","properties":{"area_ha":2.73206420735003,"class":1,"count":68,"label":"mining","meanLoss":-0.35386377759471593,"severity":0.9667785610441948}},{"type":"Feature","geometry":{"geodesic":false,"type":"Polygon","coordinates":[[[27.911170710589907,-12.56931539804121],[27.91117198495794,-12.569677072476773],[27.911540176922415,-12.569675820395949],[27.911540814375925,-12.569856657595764],[27.911724910474945,-12.569856031353229],[27.91172427288669,-12.569675194162397],[27.911908368850963,-12.569674567812065],[27.911907093449873,-12.569312893448366],[27.91227528482146,-12.569311640388376],[27.912274646882864,-12.569130803224493],[27.912458742415946,-12.569130176514834],[27.912458104360567,-12.56894933935095],[27.9126421997589,-12.568948712524513],[27.91264156158674,-12.568767875378596],[27.912825656850327,-12.568767248435375],[27.91282438026346,-12.568405574134557],[27.913008475257552,-12.56840494708354],[27.91300783685183,-12.568224109946605],[27.913191931711175,-12.568223482778807],[27.91319129318867,-12.568042645641873],[27.91300719845509,-12.56804327280069],[27.913006560067334,-12.567862435654773],[27.912822465459517,-12.56786306267884],[27.91282182721549,-12.567682225514957],[27.912637732724455,-12.567682852404278],[27.912637094615175,-12.567502015231412],[27.91226890585768,-12.567503268614795],[27.9122701815642,-12.567864942987477],[27.91208608692045,-12.567865569499507],[27.912085449188464,-12.567684732308672],[27.91190135465251,-12.567685358685955],[27.91190071705527,-12.567504521477154],[27.911716622645084,-12.567505147728673],[27.911717260107576,-12.567685984946454],[27.91153316556264,-12.567686611072208],[27.911534440263047,-12.568048285516756],[27.91171853506849,-12.568047659373036],[27.911719810074324,-12.568409333781652],[27.912272095209318,-12.568407454533027],[27.912272733111983,-12.568588291705893],[27.911720447590714,-12.56859017099045],[27.91172108511609,-12.568771008190266],[27.911905180424593,-12.56877038188485],[27.9119064557628,-12.569132056257533],[27.911722360193785,-12.569132682589899],[27.91172299774611,-12.569313519780732],[27.91153890204235,-12.569314145996316],[27.91153826461579,-12.569133308787517],[27.911354169019827,-12.569133934868354],[27.91135480632062,-12.569314772077153],[27.911170710589907,-12.56931539804121]],[[27.91263900896996,-12.568044526741028],[27.91263964710619,-12.568225363904912],[27.9128237419835,-12.568224736988642],[27.912823103721507,-12.568043899833741],[27.91263900896996,-12.568044526741028]]]},"id":"1_1_1_1_+29956+430525","properties":{"area_ha":2.4105904634854003,"class":1,"count":60,"label":"mining","meanLoss":-0.3749733695664863,"severity":0.9039072287379585}},{"type":"Feature","geometry":{"geodesic":false,"type":"Polygon","coordinates":[[[27.770353179254712,-12.637573990852335],[27.770352637534664,-12.637393147993134],[27.770168486512645,-12.637393679912563],[27.770167403342043,-12.63703199416721],[27.769983252571553,-12.637032525951891],[27.76998650139166,-12.638117583214902],[27.770170652943683,-12.638117051385304],[27.7701711945739,-12.638297894244507],[27.770355346242706,-12.638297362280161],[27.77035426273074,-12.637935676570741],[27.770538414139036,-12.637935144498599],[27.770537330402494,-12.637573458789177],[27.770353179254712,-12.637573990852335]],[[27.770353179254712,-12.637573990852335],[27.77016902810693,-12.637574522789732],[27.7701695697102,-12.637755365657917],[27.770353720992727,-12.637754833711538],[27.770353179254712,-12.637573990852335]]]},"id":"1_1_1_2_+29181+430143","properties":{"class":0,"count":12,"label":"forest"}},{"type":"Feature","geometry":{"geodesic":false,"type":"Polygon","coordinates":[[[27.769971342806333,-12.63305398188163],[27.76997188406824,-12.633234824812698],[27.770156032125815,-12.633234293198695],[27.77015549072916,-12.633053450267628],[27.769971342806333,-12.63305398188163]]]},"id":"1_1_1_2_+29181+430165","properties":{"class":0,"count":1,"label":"forest"}},{"type":"Feature","geometry":{"geodesic":false,"type":"Polygon","coordinates":[[[27.76996593061844,-12.63124555235536],[27.769966471799503,-12.63142639532236],[27.770150618563505,-12.631425863780223],[27.770150077247695,-12.631245020831189],[27.76996593061844,-12.63124555235536]]]},"id":"1_1_1_2_+29181+430175","properties":{"class":0,"count":1,"label":"forest"}},{"type":"Feature","geometry":{"geodesic":false,"type":"Polygon","coordinates":[[[27.771989372761364,-12.630516326993103],[27.7719888301969,-12.63033548410695],[27.772172976089536,-12.63033495121734],[27.77217189073603,-12.629973265445036],[27.771987745103903,-12.62997379831668],[27.771987202566386,-12.629792955421545],[27.77180305705104,-12.629793488158441],[27.771803599462793,-12.62997433106256],[27.771435308153627,-12.629975396177025],[27.77143585031385,-12.63015623909911],[27.77106755870824,-12.630157303719503],[27.7710664749178,-12.629795617848385],[27.770882329366522,-12.62979614995646],[27.77088178761054,-12.629615307007427],[27.770697642185027,-12.629615838971771],[27.770696558960527,-12.62925415306472],[27.77051241377756,-12.629254684885336],[27.77051295525506,-12.629435527852335],[27.770144664610648,-12.629436591143222],[27.770143582176665,-12.629074905173288],[27.769959437101495,-12.629075436607627],[27.769961060366196,-12.629617965580493],[27.770145205836624,-12.629617434119204],[27.770145747071584,-12.629798277095187],[27.76996160147539,-12.629798808565459],[27.769962683711746,-12.63016049452641],[27.770146829559465,-12.630159963047154],[27.770147370821373,-12.630340806014154],[27.77033151679486,-12.630340274400153],[27.770329892658793,-12.629797745499152],[27.770698183806264,-12.629796681929788],[27.770699808723865,-12.63033921077689],[27.770515662768346,-12.630339742651403],[27.770516204290765,-12.630520585600436],[27.7703320582005,-12.63052111735817],[27.77033314102076,-12.63088280326522],[27.770517287371536,-12.630882271498505],[27.77051782892989,-12.631063114438556],[27.77088612187399,-12.631062050500882],[27.770886663692853,-12.63124289343195],[27.77107081027719,-12.631242361260993],[27.77107243617396,-12.631784890000295],[27.77088828920334,-12.631785422198202],[27.77088774735753,-12.631604579276118],[27.770703600494713,-12.631605111330295],[27.77070305879263,-12.631424268399227],[27.770518912055575,-12.63142480032764],[27.77051837048824,-12.63124395738759],[27.77033422387695,-12.631244489172271],[27.770336931156674,-12.632148703881507],[27.77052107841475,-12.63214817205191],[27.770521620027,-12.632329014982977],[27.7708899147857,-12.632327950937507],[27.770889372912936,-12.632147108024405],[27.77199425620088,-12.632143912878636],[27.771993713564548,-12.631963070019435],[27.772177860624996,-12.631962537057959],[27.7721773178629,-12.631781694189774],[27.772361464779618,-12.631781161111517],[27.77236037903085,-12.631419475402096],[27.77254452567807,-12.631418942207059],[27.772543982691396,-12.63123809935684],[27.77235983616994,-12.631238632533911],[27.77235929330903,-12.631057789674708],[27.772175146913337,-12.631058322726014],[27.77217351878875,-12.63051579409451],[27.771989372761364,-12.630516326993103]],[[27.77106755870824,-12.630157303719503],[27.770883412896453,-12.630157835836561],[27.770883954679384,-12.630338678776612],[27.771068100616937,-12.63033814665057],[27.77106755870824,-12.630157303719503]],[[27.771989372761364,-12.630516326993103],[27.77180522673398,-12.630516859765931],[27.771805769172683,-12.630697702661065],[27.771989915334814,-12.630697169879253],[27.771989372761364,-12.630516326993103]]]},"id":"1_1_1_2_+29181+430187","properties":{"class":0,"count":125,"label":"forest"}},{"type":"Feature","geometry":{"geodesic":false,"type":"Polygon","coordinates":[[[27.76995348577172,-12.627086163530452],[27.76995402675515,-12.62726700655135],[27.770138170536747,-12.627266475188877],[27.770137629427552,-12.62708563217696],[27.76995348577172,-12.627086163530452]]]},"id":"1_1_1_2_+29181+430198","properties":{"class":0,"count":1,"label":"forest"}},{"type":"Feature","geometry":{"geodesic":false,"type":"Polygon","coordinates":[[[27.769932934420076,-12.620214126948639],[27.769934015776084,-12.6205758131701],[27.77011815476966,-12.62057528210407],[27.770117073162126,-12.620213595900577],[27.769932934420076,-12.620214126948639]]]},"id":"1_1_1_2_+29181+430236","properties":{"class":0,"count":2,"label":"forest"}},{"type":"Feature","geometry":{"geodesic":false,"type":"Polygon","coordinates":[[[27.769930231200743,-12.619309911341087],[27.769931312466916,-12.619671597598481],[27.770299589160494,-12.619670535412522],[27.770299048266892,-12.619489692301793],[27.770114910054854,-12.61949022344867],[27.770114369296003,-12.619309380328957],[27.769930231200743,-12.619309911341087]]]},"id":"1_1_1_2_+29181+430241","properties":{"class":0,"count":3,"label":"forest"}},{"type":"Feature","geometry":{"geodesic":false,"type":"Polygon","coordinates":[[[27.76991077417678,-12.612799557171881],[27.769911314504437,-12.612980400381426],[27.77009544808117,-12.612979869647774],[27.770094907618763,-12.612799026438228],[27.76991077417678,-12.612799557171881]]]},"id":"1_1_1_2_+29181+430277","properties":{"class":0,"count":1,"label":"forest"}},{"type":"Feature","geometry":{"geodesic":false,"type":"MultiPolygon","coordinates":[[[[27.770063575549464,-12.602310116224217],[27.770064655495116,-12.602671802921785],[27.770248781696683,-12.602671272502542],[27.770247701499503,-12.60230958582294],[27.770063575549464,-12.602310116224217]]],[[[27.770063575549464,-12.602310116224217],[27.77006195568938,-12.601767586155407],[27.769877830125616,-12.601768116412954],[27.769879449599426,-12.60231064649973],[27.770063575549464,-12.602310116224217]]]]},"id":"1_1_1_2_+29181+430338","properties":{"class":0,"count":5,"label":"forest"}},{"type":"Feature","geometry":{"geodesic":false,"type":"Polygon","coordinates":[[[27.770164695577233,-12.636127779745433],[27.770165237117617,-12.636308622640568],[27.7703493873581,-12.63630809075707],[27.77034884569195,-12.636127247879903],[27.770164695577233,-12.636127779745433]]]},"id":"1_1_1_2_+29182+430148","properties":{"class":0,"count":1,"label":"forest"}},{"type":"Feature","geometry":{"geodesic":false,"type":"Polygon","coordinates":[[[27.770093826738865,-12.612437340019136],[27.770094367174323,-12.612618183228683],[27.770278500481563,-12.612617652378248],[27.770277959911358,-12.612436809177686],[27.770093826738865,-12.612437340019136]]]},"id":"1_1_1_2_+29182+430279","properties":{"class":0,"count":1,"label":"forest"}},{"type":"Feature","geometry":{"geodesic":false,"type":"Polygon","coordinates":[[[27.769871353002923,-12.599597995832285],[27.769872432436536,-12.599959682619684],[27.770056556715705,-12.59995915245197],[27.770056016864153,-12.599778309062762],[27.770240140999594,-12.599777778778266],[27.770239601022276,-12.599596935398042],[27.769871353002923,-12.599597995832285]]]},"id":"1_1_1_2_+29182+430350","properties":{"class":0,"count":3,"label":"forest"}},{"type":"Feature","geometry":{"geodesic":false,"type":"Polygon","coordinates":[[[27.769928308231112,-12.55691835755741],[27.769928846097386,-12.557099201530525],[27.77011293983384,-12.557098673087575],[27.770112401832815,-12.556917829123446],[27.769928308231112,-12.55691835755741]]]},"id":"1_1_1_2_+29182+430586","properties":{"class":0,"count":1,"label":"forest"}},{"type":"Feature","geometry":{"geodesic":false,"type":"MultiPolygon","coordinates":[[[[27.77010809817497,-12.555471077365489],[27.770108636104126,-12.555651921338603],[27.770292728807515,-12.555651392841755],[27.770292190752595,-12.555470548868641],[27.77010809817497,-12.555471077365489]]],[[[27.77010809817497,-12.555471077365489],[27.770107560254793,-12.555290233383392],[27.769923467802933,-12.555290761745493],[27.769924005597346,-12.55547160572759],[27.77010809817497,-12.555471077365489]]]]},"id":"1_1_1_2_+29182+430595","properties":{"class":0,"count":2,"label":"forest"}},{"type":"Feature","geometry":{"geodesic":false,"type":"Polygon","coordinates":[[[27.769922392250045,-12.554929073754352],[27.769922930017504,-12.555109917754413],[27.770107022343602,-12.555109389401297],[27.770106484441392,-12.554928545410217],[27.769922392250045,-12.554929073754352]]]},"id":"1_1_1_2_+29182+430597","properties":{"class":0,"count":1,"label":"forest"}},{"type":"Feature","geometry":{"geodesic":false,"type":"Polygon","coordinates":[[[27.769915401937794,-12.552578101600822],[27.76991593960644,-12.552758945627835],[27.770100030261673,-12.552758417382515],[27.77009949246726,-12.552577573364486],[27.769915401937794,-12.552578101600822]]]},"id":"1_1_1_2_+29182+430610","properties":{"class":0,"count":1,"label":"forest"}},{"type":"Feature","geometry":{"geodesic":false,"type":"Polygon","coordinates":[[[27.76990518787742,-12.549142064638433],[27.76990733795912,-12.549865440917161],[27.770275515146313,-12.549864384543303],[27.770274439575456,-12.54950269643538],[27.77009035123788,-12.549503224671717],[27.770089275963468,-12.549141536545827],[27.76990518787742,-12.549142064638433]]]},"id":"1_1_1_2_+29182+430629","properties":{"class":0,"count":6,"label":"forest"}},{"type":"Feature","geometry":{"geodesic":false,"type":"Polygon","coordinates":[[[27.769902500477414,-12.548237844233878],[27.769904650379452,-12.548961220566506],[27.770272826282053,-12.548960164264512],[27.7702712130695,-12.548417632075678],[27.770087125504475,-12.548418160258116],[27.770086587916676,-12.548237316186187],[27.769902500477414,-12.548237844233878]]]},"id":"1_1_1_2_+29182+430634","properties":{"class":0,"count":7,"label":"forest"}},{"type":"Feature","geometry":{"geodesic":false,"type":"Polygon","coordinates":[[[27.769854699629942,-12.532142710827928],[27.769855236355358,-12.532323555124435],[27.770039312493815,-12.532323027768449],[27.770038775642636,-12.532142183471942],[27.769854699629942,-12.532142710827928]]]},"id":"1_1_1_2_+29182+430723","properties":{"class":0,"count":1,"label":"forest"}},{"type":"Feature","geometry":{"geodesic":false,"type":"MultiPolygon","coordinates":[[[[27.77059542602397,-12.595436476410136],[27.770595966064167,-12.595617319835275],[27.77078008720822,-12.595616789344168],[27.770779547042256,-12.59543594592801],[27.77059542602397,-12.595436476410136]]],[[[27.77059542602397,-12.595436476410136],[27.770594885992754,-12.595255632984994],[27.770779006885274,-12.595255102511853],[27.770778466737276,-12.595074259095695],[27.770594345979504,-12.595074789568836],[27.770593805966254,-12.594893946134713],[27.77040968532526,-12.594894476473106],[27.770409145446756,-12.594713633029999],[27.770225024931527,-12.594714163233647],[27.770224485196753,-12.594533319781556],[27.77077684632922,-12.594531728829255],[27.77077738645925,-12.594712572254396],[27.77096150694753,-12.594712041673457],[27.770960426453907,-12.594350354841142],[27.77114454667269,-12.594349824152404],[27.77114508705425,-12.594530667559578],[27.7713292073988,-12.594530136736093],[27.771328666891478,-12.594349293337903],[27.77151278710128,-12.594348762388654],[27.771512246477176,-12.594167918990463],[27.77077576610509,-12.594170041978973],[27.770776306217154,-12.594350885404115],[27.77059218597142,-12.594351415841324],[27.770591106025766,-12.593989728964091],[27.77040698603156,-12.59399025925757],[27.770406446197974,-12.59380941580548],[27.77003820644312,-12.593810475997179],[27.770042523288236,-12.595257223658818],[27.770226644198726,-12.595256693562968],[27.77022718396943,-12.595437536997093],[27.77059542602397,-12.595436476410136]]]]},"id":"1_1_1_2_+29183+430382","properties":{"class":0,"count":32,"label":"forest"}},{"type":"Feature","geometry":{"geodesic":false,"type":"Polygon","coordinates":[[[27.77015654526147,-12.571747025648119],[27.770157083945215,-12.571927869405636],[27.77034118822789,-12.57192734019912],[27.770340649418383,-12.571746496450585],[27.77015654526147,-12.571747025648119]]]},"id":"1_1_1_2_+29183+430504","properties":{"class":0,"count":1,"label":"forest"}},{"type":"Feature","geometry":{"geodesic":false,"type":"Polygon","coordinates":[[[27.76997028697146,-12.57102417963592],[27.769971902564553,-12.571566710953388],[27.770156006586713,-12.571566181890601],[27.77015492926414,-12.5712044943576],[27.770339033034777,-12.571203965178032],[27.77033849425222,-12.571023121420515],[27.76997028697146,-12.57102417963592]]]},"id":"1_1_1_2_+29183+430508","properties":{"class":0,"count":4,"label":"forest"}},{"type":"Feature","geometry":{"geodesic":false,"type":"Polygon","coordinates":[[[27.770140927124995,-12.566502555593146],[27.77014146556619,-12.56668339942253],[27.77032556611187,-12.566682870440593],[27.77032502754491,-12.566502026620192],[27.770140927124995,-12.566502555593146]]]},"id":"1_1_1_2_+29183+430533","properties":{"class":0,"count":1,"label":"forest"}},{"type":"Feature","geometry":{"geodesic":false,"type":"Polygon","coordinates":[[[27.769951444053792,-12.564694645939898],[27.769951982279395,-12.56487548979623],[27.77013608154947,-12.564874961020903],[27.7701366199188,-12.565055804877236],[27.769952520513982,-12.565056333661545],[27.769954135271636,-12.565598865221558],[27.77013823505375,-12.5655983364103],[27.770138773450032,-12.56577918025765],[27.77032287335791,-12.565778651311645],[27.77032341188894,-12.565959495141026],[27.7705075119136,-12.565958966069257],[27.770508050588358,-12.566139809889657],[27.770692150729797,-12.566139280674157],[27.770692689539306,-12.566320124485573],[27.771060890055747,-12.566319065668297],[27.771061429134747,-12.566499909461747],[27.77142962987577,-12.566498850123448],[27.771429090545237,-12.566318006347965],[27.771797290998794,-12.566316946524575],[27.771796751416737,-12.566136102758074],[27.771980851504278,-12.566135572662226],[27.771978153081946,-12.565231353847688],[27.772162252513716,-12.565230823662008],[27.772161172954338,-12.56486913613799],[27.771977073774096,-12.564869666305704],[27.771976534129156,-12.56468882253022],[27.77160833601122,-12.56468988247039],[27.771608875395646,-12.56487072626384],[27.77142477619744,-12.56487125604528],[27.771425315456103,-12.565052099847712],[27.771241216123148,-12.56505262951237],[27.77124175526503,-12.565233473314803],[27.770689456817006,-12.565235061590124],[27.770690534355175,-12.565596749230924],[27.770322334835864,-12.565597807482261],[27.770319103847314,-12.564512744425116],[27.770135004846736,-12.56451327330824],[27.7701355431981,-12.564694117164573],[27.769951444053792,-12.564694645939898]],[[27.77124283357575,-12.565595160910688],[27.771243372744582,-12.565776004704137],[27.77179567227957,-12.565774415225073],[27.77179513272446,-12.56559357144959],[27.77124283357575,-12.565595160910688]],[[27.7712439119224,-12.565956848497587],[27.7712444511092,-12.566137692291038],[27.77142855122369,-12.566137162572481],[27.771428011911127,-12.565956318788015],[27.7712439119224,-12.565956848497587]]]},"id":"1_1_1_2_+29183+430544","properties":{"class":0,"count":66,"label":"forest"}},{"type":"Feature","geometry":{"geodesic":false,"type":"Polygon","coordinates":[[[27.770120472647672,-12.559630488262004],[27.770121010765475,-12.559811332181217],[27.77030510642432,-12.559810803504707],[27.77030456817177,-12.559629959585493],[27.770120472647672,-12.559630488262004]]]},"id":"1_1_1_2_+29183+430571","properties":{"class":0,"count":1,"label":"forest"}},{"type":"Feature","geometry":{"geodesic":false,"type":"Polygon","coordinates":[[[27.772363636384952,-12.632504532512394],[27.772363093470144,-12.632323689662176],[27.771994798846194,-12.632324755746822],[27.77199751220751,-12.63322897003385],[27.77218166016627,-12.633228437009492],[27.77218220300023,-12.63340927985073],[27.772366351075775,-12.633408746700608],[27.77236689404448,-12.63358958953286],[27.77218274583419,-12.633590122691965],[27.772183288677134,-12.633770965533202],[27.772367437013187,-12.633770432365115],[27.772368522986536,-12.634132118011653],[27.7725526715831,-12.634131584699835],[27.772547783813707,-12.632503999272442],[27.772363636384952,-12.632504532512394]],[[27.772363636384952,-12.632504532512394],[27.772179488947213,-12.632505065626583],[27.77218003174524,-12.632685908476802],[27.77236417930874,-12.632685375353631],[27.772363636384952,-12.632504532512394]]]},"id":"1_1_2_+29193+430169","properties":{"class":0,"count":20,"label":"water"}},{"type":"Feature","geometry":{"geodesic":false,"type":"Polygon","coordinates":[[[27.808096720507542,-12.517382046039662],[27.808097283203253,-12.517562888871916],[27.808281347178518,-12.517562335958859],[27.80828078434806,-12.517381493135588],[27.808096720507542,-12.517382046039662]]]},"id":"1_1_2_+29390+430804","properties":{"class":0,"count":1,"label":"water"}},{"type":"Feature","geometry":{"geodesic":false,"type":"Polygon","coordinates":[[[27.808279095937536,-12.516838964656797],[27.80827965873206,-12.517019807480066],[27.80846372231207,-12.517019254468194],[27.808463159391778,-12.516838411644924],[27.808279095937536,-12.516838964656797]]]},"id":"1_1_2_+29391+430807","properties":{"class":0,"count":1,"label":"water"}},{"type":"Feature","geometry":{"geodesic":false,"type":"Polygon","coordinates":[[[27.809562467061333,-12.515207505918477],[27.80956303068231,-12.515388348705814],[27.809747093040606,-12.515387794885457],[27.80974652930285,-12.51520695209812],[27.809562467061333,-12.515207505918477]]]},"id":"1_1_2_+29398+430816","properties":{"class":0,"count":1,"label":"water"}},{"type":"Feature","geometry":{"geodesic":false,"type":"Polygon","coordinates":[[[27.8101095781608,-12.513578259074931],[27.81011070600462,-12.513939944649605],[27.810294767320876,-12.513939390514839],[27.810294203259726,-12.513758547736485],[27.811214509050473,-12.513755775221108],[27.811213379688496,-12.513394089736266],[27.811581501431668,-12.5133929798857],[27.811580936508136,-12.51321213715226],[27.811764997231503,-12.513211582047314],[27.81176443219119,-12.51303073932286],[27.811948492779806,-12.513030184101131],[27.811947362465617,-12.512668498661204],[27.812131422784738,-12.512667943322695],[27.812130857510862,-12.512487100616207],[27.81231491770422,-12.512486545160916],[27.812313786922907,-12.512124859738957],[27.81194566704823,-12.512125970487839],[27.81194510192707,-12.511945127754402],[27.81176104210202,-12.511945682931213],[27.811761607097417,-12.512126525673635],[27.81157754712864,-12.512127080724682],[27.811578112007254,-12.512307923476087],[27.811394051903726,-12.512308478410352],[27.81139574619822,-12.512851006655584],[27.811211685708415,-12.512851561491036],[27.81121225035347,-12.51303240424244],[27.810660068443887,-12.513034068030144],[27.81066119700636,-12.51339575357787],[27.810477136094352,-12.513396307937214],[27.8104777002633,-12.513577150715568],[27.8101095781608,-12.513578259074931]]]},"id":"1_1_2_+29410+430834","properties":{"class":0,"count":43,"label":"water"}},{"type":"Feature","geometry":{"geodesic":false,"type":"MultiPolygon","coordinates":[[[[27.81217157987644,-12.525507769734176],[27.812172145779137,-12.525688612278968],[27.81235621533294,-12.525688056221806],[27.812355649286513,-12.525507213685998],[27.81217157987644,-12.525507769734176]]],[[[27.81217157987644,-12.525507769734176],[27.812169882195303,-12.524965242108783],[27.812353951228083,-12.524964686087555],[27.81235281922506,-12.524603001006954],[27.812720956760618,-12.524601888614155],[27.81272039051656,-12.524421046087328],[27.812904459136117,-12.524420489715757],[27.812902760080554,-12.523877962144264],[27.812534623596026,-12.523879074716726],[27.812535189678385,-12.524059917261518],[27.81198298450244,-12.524061585208422],[27.811982418806355,-12.523880742636681],[27.811062077307575,-12.523883519993976],[27.811062642365854,-12.524064362601651],[27.810878573916977,-12.524064917697615],[27.81087970380896,-12.524426602930928],[27.81069563509059,-12.524427157919094],[27.810696764757992,-12.52478884315241],[27.81051269577911,-12.524789398032777],[27.810514954718656,-12.525512768508388],[27.810699024209576,-12.525512213592089],[27.810699589097176,-12.525693056190779],[27.811251797920285,-12.525691390669326],[27.8112506673905,-12.525329705507877],[27.811986944671467,-12.525327483111797],[27.8119875104484,-12.52550832565659],[27.81217157987644,-12.525507769734176]]]]},"id":"1_1_2_+29415+430768","properties":{"class":0,"count":86,"label":"water"}},{"type":"Feature","geometry":{"geodesic":false,"type":"MultiPolygon","coordinates":[[[[27.813048328937224,-12.511580108693405],[27.813232388447865,-12.51157955265421],[27.813231822455336,-12.51139870997467],[27.813415881822245,-12.511398153818694],[27.813414749612612,-12.5110364684686],[27.81323069049723,-12.511037024606608],[27.81323125647179,-12.51121786729513],[27.813047197221664,-12.51121842331636],[27.813048328937224,-12.511580108693405]]],[[[27.813048328937224,-12.511580108693405],[27.812864269417602,-12.511580664606834],[27.812864835167584,-12.51176150730434],[27.813048894803988,-12.511760951381927],[27.813048328937224,-12.511580108693405]]]]},"id":"1_1_2_+29418+430839","properties":{"class":0,"count":5,"label":"water"}},{"type":"Feature","geometry":{"geodesic":false,"type":"Polygon","coordinates":[[[27.81322503125467,-12.509228597640536],[27.8132255971394,-12.509409440347024],[27.813409655104937,-12.50940888428088],[27.813409089094442,-12.509228041583375],[27.81322503125467,-12.509228597640536]]]},"id":"1_1_2_+29418+430849","properties":{"class":0,"count":1,"label":"water"}},{"type":"Feature","geometry":{"geodesic":false,"type":"MultiPolygon","coordinates":[[[[27.813703100015324,-12.485536516404755],[27.813703665127502,-12.485717359407689],[27.813887706303525,-12.485716804051213],[27.813888271550454,-12.485897647045162],[27.81407231284326,-12.485897091553941],[27.81407287822493,-12.486077934538907],[27.8142569196435,-12.486077378912938],[27.814257485168906,-12.486258221879938],[27.814441526695273,-12.486257666128203],[27.81444209235542,-12.486438509086222],[27.81499421729385,-12.48643684103152],[27.814994783340275,-12.486617683962587],[27.815178825091223,-12.486617127689831],[27.81517769274684,-12.48625544183668],[27.815361734237275,-12.48625488544714],[27.815361167957285,-12.486074042525056],[27.815177126592616,-12.486074598905612],[27.815176560438392,-12.485893755974544],[27.81462443668574,-12.485895424325689],[27.814623870926773,-12.485714581367672],[27.814255788628625,-12.485715692960971],[27.814255223139153,-12.485534849984987],[27.813703100015324,-12.485536516404755]]],[[[27.813703100015324,-12.485536516404755],[27.813702534912128,-12.485355673401823],[27.81351849397865,-12.485356228614567],[27.81351905895608,-12.485537071626483],[27.813703100015324,-12.485536516404755]]]]},"id":"1_1_2_+29420+430981","properties":{"class":0,"count":25,"label":"water"}},{"type":"Feature","geometry":{"geodesic":false,"type":"Polygon","coordinates":[[[27.81510419656983,-12.52152032432963],[27.815105332112214,-12.521882009239551],[27.815289398827343,-12.521881451340844],[27.81528826303343,-12.52151976644889],[27.81510419656983,-12.52152032432963]]]},"id":"1_1_2_+29428+430781","properties":{"class":0,"count":2,"label":"water"}},{"type":"Feature","geometry":{"geodesic":false,"type":"Polygon","coordinates":[[[27.815945175174143,-12.554793056971556],[27.815946884937624,-12.55533558289015],[27.81613097535929,-12.555335022943284],[27.816130405297393,-12.555154180982397],[27.816314495593296,-12.555153620927733],[27.816313925414622,-12.554972778975829],[27.816129835253463,-12.55497333902151],[27.816129265209536,-12.554792497060623],[27.815945175174143,-12.554793056971556]]]},"id":"1_1_2_+29432+430597","properties":{"class":0,"count":4,"label":"water"}},{"type":"Feature","geometry":{"geodesic":false,"type":"Polygon","coordinates":[[[27.818558148355454,-12.507765681058368],[27.818558717887342,-12.507946523540278],[27.81892683123127,-12.507945404122653],[27.81892626144785,-12.507764561649726],[27.818558148355454,-12.507765681058368]]]},"id":"1_1_2_+29448+430857","properties":{"class":0,"count":2,"label":"water"}},{"type":"Feature","geometry":{"geodesic":false,"type":"Polygon","coordinates":[[[27.819861377915398,-12.512463663274],[27.81986251923395,-12.512825347995275],[27.820046579310528,-12.512824787239925],[27.820047150109044,-12.513005629596071],[27.820231210302403,-12.513005068705974],[27.820230068453846,-12.512643384020631],[27.820046008512016,-12.512643944892762],[27.820045437731466,-12.512463102536616],[27.819861377915398,-12.512463663274]]]},"id":"1_1_2_+29454+430831","properties":{"class":0,"count":4,"label":"water"}},{"type":"Feature","geometry":{"geodesic":false,"type":"Polygon","coordinates":[[[27.82117094977888,-12.519150899154214],[27.821171521664358,-12.51933174136663],[27.821907780107654,-12.519329492865507],[27.82190606295104,-12.518786966318093],[27.821721998742213,-12.518787528600578],[27.821722570987014,-12.518968370795028],[27.821538506634454,-12.518968932969717],[27.821539078762477,-12.519149775173148],[27.82117094977888,-12.519150899154214]]]},"id":"1_1_2_+29464+430796","properties":{"class":0,"count":7,"label":"water"}},{"type":"Feature","geometry":{"geodesic":false,"type":"Polygon","coordinates":[[[27.824010035753385,-12.543736958643857],[27.824010610773982,-12.54391780039813],[27.82419469271555,-12.543917235429682],[27.824194117560207,-12.54373639368439],[27.824010035753385,-12.543736958643857]]]},"id":"1_1_2_+29476+430658","properties":{"class":0,"count":1,"label":"water"}},{"type":"Feature","geometry":{"geodesic":false,"type":"Polygon","coordinates":[[[27.82612055676211,-12.512806211759699],[27.826121706821272,-12.51316789590605],[27.826489826866627,-12.513166765681694],[27.82648810101432,-12.512624239511572],[27.8263040413869,-12.512624804659684],[27.82630461653326,-12.512805646728369],[27.82612055676211,-12.512806211759699]]]},"id":"1_1_2_+29489+430830","properties":{"class":0,"count":5,"label":"water"}},{"type":"Feature","geometry":{"geodesic":false,"type":"Polygon","coordinates":[[[27.828820458772608,-12.551317571122286],[27.828823352560548,-12.552221778267707],[27.829375615372403,-12.552220071980708],[27.829375036210575,-12.552039230576776],[27.829559123667803,-12.552038661574892],[27.82955854438919,-12.551857820179944],[27.82919036971728,-12.551858958048966],[27.829189790708163,-12.551678116636051],[27.829005703484498,-12.551678685377423],[27.829004545744745,-12.551317002533628],[27.828820458772608,-12.551317571122286]]]},"id":"1_1_2_+29502+430616","properties":{"class":0,"count":11,"label":"water"}},{"type":"Feature","geometry":{"geodesic":false,"type":"Polygon","coordinates":[[[27.842306483774173,-12.622346562188042],[27.842307075368687,-12.622527402037889],[27.84249121246682,-12.62252682097163],[27.842490620746542,-12.622345981121784],[27.842306483774173,-12.622346562188042]]]},"id":"1_1_2_+29574+430223","properties":{"class":0,"count":1,"label":"water"}},{"type":"Feature","geometry":{"geodesic":false,"type":"Polygon","coordinates":[[[27.841073885457185,-12.52650397473125],[27.84107622989838,-12.527227339511542],[27.84126029918269,-12.527226763601615],[27.84126088544121,-12.527407604780967],[27.841444954851283,-12.52740702873629],[27.841445541253535,-12.527587869906661],[27.841629610780387,-12.527587293727237],[27.841630197317386,-12.52776813487964],[27.84236647584701,-12.527765828868374],[27.842365888797975,-12.52758498774292],[27.842549958279914,-12.527584410925693],[27.842549371114096,-12.527403569809222],[27.842733440452303,-12.527402992884197],[27.842732853169704,-12.527222151767726],[27.842916922373163,-12.527221574725921],[27.842916334973783,-12.527040733618433],[27.842732265887104,-12.527041310651256],[27.842731678622467,-12.526860469534785],[27.842547609661555,-12.526861046441844],[27.842547022531665,-12.526680205307407],[27.84236295368753,-12.526680782079717],[27.842362366701376,-12.526499940936297],[27.842178297974023,-12.526500517573862],[27.842177711122613,-12.526319676421458],[27.84125736801585,-12.526322557659935],[27.841257954229455,-12.52650339884827],[27.841073885457185,-12.52650397473125]]]},"id":"1_1_2_+29574+430754","properties":{"class":0,"count":57,"label":"water"}},{"type":"Feature","geometry":{"geodesic":false,"type":"Polygon","coordinates":[[[27.841197526285058,-12.621084166483584],[27.841198117035155,-12.621265006405295],[27.841382253288867,-12.621264426156504],[27.841382844182696,-12.621445266069232],[27.84156698055319,-12.621444685685693],[27.8415663895336,-12.621263845781948],[27.842118798204908,-12.621262103903696],[27.842119389610776,-12.621442943780492],[27.842487662270916,-12.621441781881536],[27.842487070604538,-12.621260942022708],[27.84267120679537,-12.621260360884584],[27.842671798596495,-12.62144120073443],[27.842855934904108,-12.62144061946156],[27.84285534297722,-12.621259779620697],[27.8430394791411,-12.621259198240027],[27.84303888709743,-12.621078358399165],[27.843223023135547,-12.621077776901716],[27.843223615304982,-12.621258616724612],[27.843591887596816,-12.621257453316487],[27.84359011032494,-12.62071493388373],[27.843405974574285,-12.620715515623726],[27.8434065668605,-12.620896355446622],[27.84322243096611,-12.620896937069835],[27.84322183880566,-12.620716097237956],[27.842853567250447,-12.620717260089124],[27.842854159150388,-12.620898099938971],[27.842301751359425,-12.62089984329046],[27.842301159854745,-12.620719003413663],[27.842117024032223,-12.620719584264327],[27.842117615420122,-12.620900424150106],[27.841565207521363,-12.620902165974458],[27.84156579852299,-12.621083005878203],[27.841197526285058,-12.621084166483584]]]},"id":"1_1_2_+29580+430232","properties":{"class":0,"count":31,"label":"water"}},{"type":"Feature","geometry":{"geodesic":false,"type":"Polygon","coordinates":[[[27.84359544239209,-12.622342492110137],[27.84359603488492,-12.622523331897101],[27.84378017192915,-12.62252274994151],[27.843779579301575,-12.622341910163529],[27.84359544239209,-12.622342492110137]]]},"id":"1_1_2_+29581+430223","properties":{"class":0,"count":1,"label":"water"}},{"type":"Feature","geometry":{"geodesic":false,"type":"Polygon","coordinates":[[[27.843934682409547,-12.613480176149384],[27.843937644029275,-12.614384375605228],[27.84449003760889,-12.614382629756422],[27.844488852156108,-12.614020950029781],[27.844672983073828,-12.614020367849612],[27.84467179740545,-12.613658688131952],[27.84448766674824,-12.61365927030314],[27.8444870740488,-12.613478430435327],[27.843934682409547,-12.613480176149384]]]},"id":"1_1_2_+29585+430272","properties":{"class":0,"count":17,"label":"water"}},{"type":"Feature","geometry":{"geodesic":false,"type":"Polygon","coordinates":[[[27.844175414789916,-12.517994635385104],[27.844177766228988,-12.518718000048617],[27.844545892436788,-12.518716844626516],[27.844546480572788,-12.518897685769936],[27.844730543784486,-12.518897107856764],[27.844731132064215,-12.519077948991201],[27.845099258730155,-12.519076792778582],[27.845099847270397,-12.519257633886069],[27.845652037579228,-12.51925589859247],[27.845651448661695,-12.51907505751193],[27.845467385360166,-12.519075636053923],[27.845466796568395,-12.518894794964401],[27.84528273339263,-12.518895373371647],[27.84527979023328,-12.51799116780726],[27.845095727677354,-12.517991746052807],[27.845095139199994,-12.517810904927355],[27.844542951882552,-12.517812638882466],[27.844543539973635,-12.51799348003487],[27.844175414789916,-12.517994635385104]]]},"id":"1_1_2_+29590+430801","properties":{"class":0,"count":38,"label":"water"}},{"type":"Feature","geometry":{"geodesic":false,"type":"Polygon","coordinates":[[[27.846243732488453,-12.531370507565164],[27.84624491237168,-12.531732189348947],[27.846428984611446,-12.531731609693043],[27.846428394535085,-12.531550768810135],[27.846612466640106,-12.53155018903745],[27.846611876446964,-12.531369348163524],[27.846243732488453,-12.531370507565164]]]},"id":"1_1_2_+29598+430726","properties":{"class":0,"count":3,"label":"water"}},{"type":"Feature","geometry":{"geodesic":false,"type":"Polygon","coordinates":[[[27.84898055298439,-12.523947326367411],[27.84898114446212,-12.524128167232353],[27.849165211177247,-12.524127586049314],[27.849164619573752,-12.523946745193355],[27.84898055298439,-12.523947326367411]]]},"id":"1_1_2_+29612+430767","properties":{"class":0,"count":1,"label":"water"}},{"type":"Feature","geometry":{"geodesic":false,"type":"Polygon","coordinates":[[[27.76982787430961,-12.523100492526112],[27.769828410612817,-12.523281336948381],[27.770012480346285,-12.52328080997867],[27.77001194391731,-12.5230999655564],[27.76982787430961,-12.523100492526112]]]},"id":"1_2_+29182+430773","properties":{"class":0,"count":1,"label":"urban"}},{"type":"Feature","geometry":{"geodesic":false,"type":"Polygon","coordinates":[[[27.770187429718234,-12.520205927569842],[27.770187966147205,-12.520386772019062],[27.770372033805565,-12.520386244923586],[27.770371497250828,-12.520205400483349],[27.770187429718234,-12.520205927569842]]]},"id":"1_2_+29184+430789","properties":{"class":0,"count":1,"label":"urban"}},{"type":"Feature","geometry":{"geodesic":false,"type":"Polygon","coordinates":[[[27.77072690184097,-12.63938135494973],[27.770727443920343,-12.639562197764016],[27.770911596469496,-12.63956166536848],[27.770911054264356,-12.639380822554195],[27.77072690184097,-12.63938135494973]]]},"id":"1_2_+29185+430130","properties":{"class":0,"count":1,"label":"urban"}},{"type":"Feature","geometry":{"geodesic":false,"type":"Polygon","coordinates":[[[27.77004897718948,-12.535578224665395],[27.770049514202356,-12.535759068916986],[27.77078582843103,-12.535756957606575],[27.770785290915097,-12.535576113390915],[27.77004897718948,-12.535578224665395]]]},"id":"1_2_+29186+430704","properties":{"class":0,"count":4,"label":"urban"}},{"type":"Feature","geometry":{"geodesic":false,"type":"Polygon","coordinates":[[[27.77003126065138,-12.529610363069319],[27.770033407624908,-12.53033374038111],[27.77076970646544,-12.530331630004946],[27.770769169192054,-12.530150785717423],[27.771137318306895,-12.530149729792722],[27.77113678079096,-12.529968885514181],[27.771504929609357,-12.529967829095407],[27.771504391841894,-12.529786984834832],[27.771320317562953,-12.529787513098118],[27.771319779939223,-12.529606668819579],[27.7709516316149,-12.52960772495089],[27.77095109425168,-12.529426880654384],[27.77058294614295,-12.529427936264675],[27.770583483254644,-12.529608780579148],[27.77003126065138,-12.529610363069319]]]},"id":"1_2_+29187+430738","properties":{"class":0,"count":27,"label":"urban"}},{"type":"Feature","geometry":{"geodesic":false,"type":"MultiPolygon","coordinates":[[[[27.770810058419695,-12.481864746554864],[27.77081059357306,-12.482045591489175],[27.770994634075347,-12.482045065552525],[27.770994098787234,-12.481864220627198],[27.770810058419695,-12.481864746554864]]],[[[27.770810058419695,-12.481864746554864],[27.77080952326633,-12.48168390161157],[27.770625483006587,-12.48168442740449],[27.77062601803419,-12.481865272356766],[27.770810058419695,-12.481864746554864]]]]},"id":"1_2_+29187+431002","properties":{"class":0,"count":2,"label":"urban"}},{"type":"Feature","geometry":{"geodesic":false,"type":"Polygon","coordinates":[[[27.770862007992577,-12.499406694034901],[27.770862543963407,-12.49958753873565],[27.771046596862444,-12.499587012035432],[27.77104606076585,-12.499406167343666],[27.770862007992577,-12.499406694034901]]]},"id":"1_2_+29188+430904","properties":{"class":0,"count":1,"label":"urban"}},{"type":"Feature","geometry":{"geodesic":false,"type":"Polygon","coordinates":[[[27.77106161109749,-12.504650662416719],[27.771062683793737,-12.50501235165652],[27.7712467405196,-12.505011824596975],[27.771245667571826,-12.504650135375142],[27.77106161109749,-12.504650662416719]]]},"id":"1_2_+29189+430875","properties":{"class":0,"count":2,"label":"urban"}},{"type":"Feature","geometry":{"geodesic":false,"type":"MultiPolygon","coordinates":[[[[27.77123923055891,-12.502479999828541],[27.771240303309057,-12.502841689104274],[27.7714243584988,-12.50284116201778],[27.77142328548814,-12.50247947275103],[27.77123923055891,-12.502479999828541]]],[[[27.77123923055891,-12.502479999828541],[27.77123869419282,-12.50229915518169],[27.77105463938037,-12.502299682124454],[27.771055175620695,-12.502480526771302],[27.77123923055891,-12.502479999828541]]]]},"id":"1_2_+29189+430888","properties":{"class":0,"count":3,"label":"urban"}},{"type":"Feature","geometry":{"geodesic":false,"type":"Polygon","coordinates":[[[27.771569057849156,-12.613156462307872],[27.771569599353608,-12.613337305454534],[27.771753733110007,-12.613336773553073],[27.771753191470808,-12.613155930424375],[27.771569057849156,-12.613156462307872]]]},"id":"1_2_+29190+430275","properties":{"class":0,"count":1,"label":"urban"}},{"type":"Feature","geometry":{"geodesic":false,"type":"Polygon","coordinates":[[[27.77131816710396,-12.529064135983957],[27.77131924231549,-12.529425824541038],[27.771503316342905,-12.529425296295718],[27.771502240870863,-12.52906360774762],[27.77131816710396,-12.529064135983957]]]},"id":"1_2_+29190+430740","properties":{"class":0,"count":2,"label":"urban"}},{"type":"Feature","geometry":{"geodesic":false,"type":"Polygon","coordinates":[[[27.77117920999151,-12.48222538441544],[27.771180280864176,-12.482587074239145],[27.771364321734776,-12.482586548033],[27.771363250601595,-12.482224858218279],[27.77117920999151,-12.48222538441544]]]},"id":"1_2_+29190+430999","properties":{"class":0,"count":2,"label":"urban"}},{"type":"Feature","geometry":{"geodesic":false,"type":"Polygon","coordinates":[[[27.770889726813223,-12.570659845675074],[27.770891883443642,-12.571383220624297],[27.77126009115559,-12.571382161115316],[27.771259012305883,-12.571020473672148],[27.77144311589685,-12.571019943746977],[27.771442576350726,-12.570839100034377],[27.771810783245204,-12.570838039806745],[27.77181024344755,-12.57065719611211],[27.77162614013506,-12.570657726270841],[27.771625060845178,-12.570296038845637],[27.77180916389716,-12.570295508695889],[27.771808624126454,-12.570114664983286],[27.77144041827402,-12.570115725148035],[27.77144095777523,-12.57029656886962],[27.771256854705282,-12.57029709876784],[27.771257394098697,-12.570477942498409],[27.771073290885017,-12.570478472279849],[27.771073830152666,-12.570659316010415],[27.770889726813223,-12.570659845675074]]]},"id":"1_2_+29191+430513","properties":{"class":0,"count":19,"label":"urban"}},{"type":"Feature","geometry":{"geodesic":false,"type":"Polygon","coordinates":[[[27.77112388288791,-12.525628622110558],[27.771124420206213,-12.525809466442997],[27.771308491673427,-12.525808938476155],[27.771309029126478,-12.525989782808594],[27.771124957524517,-12.525990310775436],[27.771125494860787,-12.526171155107876],[27.771309566579532,-12.52617062713205],[27.77131010405055,-12.526351471455508],[27.771494175895057,-12.52635094333595],[27.771492563122678,-12.525808410392532],[27.771676634571925,-12.525807882174162],[27.77167609687633,-12.525627037859689],[27.77112388288791,-12.525628622110558]]]},"id":"1_2_+29191+430759","properties":{"class":0,"count":7,"label":"urban"}},{"type":"Feature","geometry":{"geodesic":false,"type":"Polygon","coordinates":[[[27.771693307465295,-12.531414054674169],[27.771693845430388,-12.531594898907793],[27.771877920975953,-12.531594370312131],[27.771877382876117,-12.531413526087489],[27.771693307465295,-12.531414054674169]]]},"id":"1_2_+29192+430727","properties":{"class":0,"count":1,"label":"urban"}},{"type":"Feature","geometry":{"geodesic":false,"type":"Polygon","coordinates":[[[27.771680398719578,-12.527073792303607],[27.77168093648704,-12.527254636591131],[27.771865008951387,-12.527254108193098],[27.771864471049177,-12.527073263905574],[27.771680398719578,-12.527073792303607]]]},"id":"1_2_+29192+430751","properties":{"class":0,"count":1,"label":"urban"}},{"type":"Feature","geometry":{"geodesic":false,"type":"Polygon","coordinates":[[[27.771487725272664,-12.524180811409561],[27.771488800295547,-12.524542500092407],[27.77185694138843,-12.524541443646683],[27.77185425262299,-12.523637222011436],[27.771670182718843,-12.523637750256755],[27.771671795572068,-12.52418028327204],[27.771487725272664,-12.524180811409561]]]},"id":"1_2_+29192+430770","properties":{"class":0,"count":7,"label":"urban"}},{"type":"Feature","geometry":{"geodesic":false,"type":"Polygon","coordinates":[[[27.77141953023381,-12.501213560241048],[27.771420066671762,-12.501394404896882],[27.77178817497614,-12.501393350463385],[27.771787638277676,-12.501212505825517],[27.77141953023381,-12.501213560241048]]]},"id":"1_2_+29192+430894","properties":{"class":0,"count":2,"label":"urban"}},{"type":"Feature","geometry":{"geodesic":false,"type":"Polygon","coordinates":[[[27.77218491725088,-12.634313494020976],[27.772185460129755,-12.63449433685323],[27.772369608986832,-12.634493803658193],[27.772369065982193,-12.634312960834922],[27.77218491725088,-12.634313494020976]]]},"id":"1_2_+29193+430158","properties":{"class":0,"count":1,"label":"urban"}},{"type":"Feature","geometry":{"geodesic":false,"type":"Polygon","coordinates":[[[27.771979607921512,-12.627261154620163],[27.771980150342248,-12.62744199755123],[27.772348437977307,-12.627440931888792],[27.772347895305042,-12.62726008897569],[27.771979607921512,-12.627261154620163]]]},"id":"1_2_+29193+430197","properties":{"class":0,"count":2,"label":"urban"}},{"type":"Feature","geometry":{"geodesic":false,"type":"Polygon","coordinates":[[[27.77197798071321,-12.626718625808993],[27.77197906550976,-12.627080311680112],[27.772347352632778,-12.62707924606259],[27.772346267315204,-12.62671756021842],[27.77197798071321,-12.626718625808993]]]},"id":"1_2_+29193+430200","properties":{"class":0,"count":4,"label":"urban"}},{"type":"Feature","geometry":{"geodesic":false,"type":"MultiPolygon","coordinates":[[[[27.77203401989337,-12.522189938953886],[27.77221808875547,-12.522189410519921],[27.772217550835297,-12.5220085661785],[27.77203348210794,-12.522009094603481],[27.77203401989337,-12.522189938953886]]],[[[27.77203401989337,-12.522189938953886],[27.7716658821512,-12.522190995444527],[27.771668032367646,-12.522914372873098],[27.77148396297554,-12.52291490095672],[27.77148503787266,-12.523276589675499],[27.77166910752528,-12.523276061564927],[27.771668569946463,-12.523095217223505],[27.771852639464335,-12.523094688996151],[27.771850488699915,-12.522371311612494],[27.772034557696763,-12.52237078329531],[27.77203401989337,-12.522189938953886]]]]},"id":"1_2_+29194+430779","properties":{"class":0,"count":9,"label":"urban"}},{"type":"Feature","geometry":{"geodesic":false,"type":"Polygon","coordinates":[[[27.771813409173493,-12.50989304558647],[27.771813946276204,-12.510073890107556],[27.7721820668336,-12.510072834416418],[27.772181529479365,-12.509891989913298],[27.771813409173493,-12.50989304558647]]]},"id":"1_2_+29194+430846","properties":{"class":0,"count":2,"label":"urban"}},{"type":"Feature","geometry":{"geodesic":false,"type":"Polygon","coordinates":[[[27.772554300983295,-12.634674113133713],[27.77255484414065,-12.634854955939016],[27.77273899324027,-12.634854422474483],[27.772738449957153,-12.634673579678163],[27.772554300983295,-12.634674113133713]]]},"id":"1_2_+29195+430156","properties":{"class":0,"count":1,"label":"urban"}},{"type":"Feature","geometry":{"geodesic":false,"type":"MultiPolygon","coordinates":[[[[27.77174312169783,-12.486202392528261],[27.771743657695612,-12.486383237363757],[27.77192770121624,-12.48638271060964],[27.77192823735775,-12.486563555436152],[27.77211228100414,-12.486563028556272],[27.772111208478574,-12.486201338912231],[27.772295251864453,-12.48620081191557],[27.77229471548938,-12.48601996709804],[27.771926628969148,-12.486021020947632],[27.771927165092695,-12.486201865783128],[27.77174312169783,-12.486202392528261]]],[[[27.77174312169783,-12.486202392528261],[27.77174258570005,-12.486021547683782],[27.771558542421968,-12.486022074294167],[27.771559078285,-12.486202919138647],[27.77174312169783,-12.486202392528261]]]]},"id":"1_2_+29195+430978","properties":{"class":0,"count":6,"label":"urban"}},{"type":"Feature","geometry":{"geodesic":false,"type":"Polygon","coordinates":[[[27.769853626215045,-12.531781022207966],[27.769854162922496,-12.531961866522439],[27.77003823880942,-12.531961339175435],[27.770037701976207,-12.531780494869945],[27.769853626215045,-12.531781022207966]]]},"id":"2_+29182+430725","properties":{"class":0,"count":1,"label":"bare_soil"}},{"type":"Feature","geometry":{"geodesic":false,"type":"Polygon","coordinates":[[[27.769828946925006,-12.523462181370652],[27.769831092245635,-12.52418555904177],[27.770199232979195,-12.524184504895734],[27.770198696379545,-12.524003660500412],[27.77001462614302,-12.524004187622838],[27.77001301678424,-12.523461654391959],[27.769828946925006,-12.523462181370652]]]},"id":"2_+29182+430771","properties":{"class":0,"count":5,"label":"bare_soil"}},{"type":"Feature","geometry":{"geodesic":false,"type":"Polygon","coordinates":[[[27.770270933289204,-12.610085847300883],[27.770271473751613,-12.61026669053738],[27.77045560537002,-12.610266159659995],[27.77045506478185,-12.610085316432484],[27.770270933289204,-12.610085847300883]]]},"id":"2_+29183+430292","properties":{"class":0,"count":1,"label":"bare_soil"}},{"type":"Feature","geometry":{"geodesic":false,"type":"MultiPolygon","coordinates":[[[[27.77006670284548,-12.541546083593476],[27.770250785523668,-12.541545555707483],[27.77025024812452,-12.541364711545723],[27.770066165572093,-12.541365239422733],[27.77006670284548,-12.541546083593476]]],[[[27.77006670284548,-12.541546083593476],[27.769882620158306,-12.541546611362689],[27.769884231655077,-12.542089143874916],[27.770068314728526,-12.542088616087737],[27.77006670284548,-12.541546083593476]]]]},"id":"2_+29183+430672","properties":{"class":0,"count":4,"label":"bare_soil"}},{"type":"Feature","geometry":{"geodesic":false,"type":"Polygon","coordinates":[[[27.77043271812016,-12.54082165105767],[27.770616800268343,-12.540821122938114],[27.770613574633753,-12.539736057967557],[27.770245411873507,-12.539737113964124],[27.77024487454622,-12.539556269775414],[27.769876712010547,-12.53955732525994],[27.7698777861441,-12.539919013664308],[27.770061867672446,-12.539918485966961],[27.77006347932193,-12.540461018533087],[27.76987939740731,-12.540461546248402],[27.769881008742384,-12.541004078814527],[27.77024917334418,-12.541003023204238],[27.770249710725366,-12.541183867374981],[27.770433793143045,-12.541183339372205],[27.77043271812016,-12.54082165105767]],[[27.77043271812016,-12.54082165105767],[27.770432180622194,-12.540640806886927],[27.77024809859079,-12.540641334862752],[27.770248635962993,-12.540822179042479],[27.77043271812016,-12.54082165105767]]]},"id":"2_+29183+430682","properties":{"class":0,"count":26,"label":"bare_soil"}},{"type":"Feature","geometry":{"geodesic":false,"type":"Polygon","coordinates":[[[27.77001838162193,-12.525270098417037],[27.770018918149717,-12.525450942803376],[27.77020298941032,-12.525450415618067],[27.770202452747785,-12.52526957123173],[27.77001838162193,-12.525270098417037]]]},"id":"2_+29183+430761","properties":{"class":0,"count":1,"label":"bare_soil"}},{"type":"Feature","geometry":{"geodesic":false,"type":"Polygon","coordinates":[[[27.769955665381044,-12.50411128801272],[27.769956200929666,-12.504292132695502],[27.77014025720637,-12.504291606417492],[27.770139721523,-12.504110761752678],[27.769955665381044,-12.50411128801272]]]},"id":"2_+29183+430878","properties":{"class":0,"count":1,"label":"bare_soil"}},{"type":"Feature","geometry":{"geodesic":false,"type":"Polygon","coordinates":[[[27.769940138046273,-12.498866791367616],[27.76994067335235,-12.49904763611328],[27.770124725919015,-12.499047110068833],[27.77012419047819,-12.498866265332152],[27.769940138046273,-12.498866791367616]]]},"id":"2_+29183+430907","properties":{"class":0,"count":1,"label":"bare_soil"}},{"type":"Feature","geometry":{"geodesic":false,"type":"Polygon","coordinates":[[[27.769938532172954,-12.498324257112657],[27.76993960274918,-12.498685946621952],[27.770307707343513,-12.498684894434243],[27.77030717179489,-12.498504049697562],[27.77012311963247,-12.498504575849807],[27.770122584218594,-12.498323731104142],[27.769938532172954,-12.498324257112657]]]},"id":"2_+29183+430910","properties":{"class":0,"count":3,"label":"bare_soil"}},{"type":"Feature","geometry":{"geodesic":false,"type":"Polygon","coordinates":[[[27.769936391128308,-12.497600878076101],[27.769937461632665,-12.497962567603361],[27.770121513426776,-12.49796204160383],[27.770120442661906,-12.497600352094535],[27.769936391128308,-12.497600878076101]]]},"id":"2_+29183+430914","properties":{"class":0,"count":2,"label":"bare_soil"}},{"type":"Feature","geometry":{"geodesic":false,"type":"Polygon","coordinates":[[[27.769908034863132,-12.488016102118209],[27.769908569666153,-12.488196947016588],[27.77009261455222,-12.488196421439264],[27.770092079623435,-12.48801557654987],[27.769908034863132,-12.488016102118209]]]},"id":"2_+29183+430967","properties":{"class":0,"count":1,"label":"bare_soil"}},{"type":"Feature","geometry":{"geodesic":false,"type":"MultiPolygon","coordinates":[[[[27.770419283177283,-12.536300546196216],[27.770419820468636,-12.536481390420859],[27.7706038995356,-12.536480862498932],[27.770603362118482,-12.536300018283272],[27.770419283177283,-12.536300546196216]]],[[[27.770419283177283,-12.536300546196216],[27.770418745885927,-12.536119701971575],[27.770234667070493,-12.53612022974977],[27.7702352042271,-12.536301073983395],[27.770419283177283,-12.536300546196216]]]]},"id":"2_+29184+430701","properties":{"class":0,"count":2,"label":"bare_soil"}},{"type":"Feature","geometry":{"geodesic":false,"type":"Polygon","coordinates":[[[27.77022124076941,-12.531599123109652],[27.770221777719403,-12.531779967406159],[27.7704058534626,-12.53177943981661],[27.77040531638684,-12.531598595529086],[27.77022124076941,-12.531599123109652]]]},"id":"2_+29184+430726","properties":{"class":0,"count":1,"label":"bare_soil"}},{"type":"Feature","geometry":{"geodesic":false,"type":"MultiPolygon","coordinates":[[[[27.770294321170173,-12.494163775316526],[27.77029539187216,-12.494525464897686],[27.76992729316179,-12.494526516726069],[27.769927828270237,-12.494707361534616],[27.770664026176068,-12.494705257347844],[27.770662954944076,-12.494343567802616],[27.770847004142055,-12.49434304145274],[27.770845932694467,-12.493981351907514],[27.77047783479258,-12.493982404445566],[27.770478370260353,-12.494163249227162],[27.770294321170173,-12.494163775316526]]],[[[27.770294321170173,-12.494163775316526],[27.770292715180073,-12.493621240917836],[27.770108666467184,-12.493621766854485],[27.770109201665463,-12.493802611663032],[27.769925152817827,-12.4938031374829],[27.769926222971844,-12.494164827108976],[27.770294321170173,-12.494163775316526]]]]},"id":"2_+29184+430936","properties":{"class":0,"count":16,"label":"bare_soil"}},{"type":"Feature","geometry":{"geodesic":false,"type":"Polygon","coordinates":[[[27.770107596106556,-12.49326007722841],[27.77010813128687,-12.493440922045938],[27.770292179873994,-12.493440396118272],[27.77029164456792,-12.493259551309725],[27.770107596106556,-12.49326007722841]]]},"id":"2_+29184+430938","properties":{"class":0,"count":1,"label":"bare_soil"}},{"type":"Feature","geometry":{"geodesic":false,"type":"Polygon","coordinates":[[[27.77007924371312,-12.483675298575573],[27.770080313184415,-12.48403698846216],[27.77026435512401,-12.484036462947719],[27.770263285401185,-12.483674773079098],[27.77007924371312,-12.483675298575573]]]},"id":"2_+29184+430991","properties":{"class":0,"count":2,"label":"bare_soil"}},{"type":"Feature","geometry":{"geodesic":false,"type":"Polygon","coordinates":[[[27.770637574159633,-12.609542255764769],[27.7706381148556,-12.60972309899228],[27.770822246069766,-12.609722567890318],[27.770821705248032,-12.60954172467179],[27.770637574159633,-12.609542255764769]]]},"id":"2_+29185+430295","properties":{"class":0,"count":1,"label":"bare_soil"}},{"type":"Feature","geometry":{"geodesic":false,"type":"MultiPolygon","coordinates":[[[[27.770340927626624,-12.509897263257578],[27.770524987855918,-12.509896736485494],[27.770524451660506,-12.50971589191051],[27.770340391565963,-12.50971641867361],[27.770340927626624,-12.509897263257578]]],[[[27.770340927626624,-12.509897263257578],[27.770156867397333,-12.509897789894913],[27.770157939303065,-12.51025947907183],[27.770341999792866,-12.51025895241653],[27.770340927626624,-12.509897263257578]]]]},"id":"2_+29185+430847","properties":{"class":0,"count":3,"label":"bare_soil"}},{"type":"Feature","geometry":{"geodesic":false,"type":"Polygon","coordinates":[[[27.77015258012476,-12.508451033097408],[27.77015311600576,-12.508631877699342],[27.77052123466771,-12.508630824406705],[27.770520698535183,-12.508449979813754],[27.77015258012476,-12.508451033097408]]]},"id":"2_+29185+430854","properties":{"class":0,"count":2,"label":"bare_soil"}},{"type":"Feature","geometry":{"geodesic":false,"type":"Polygon","coordinates":[[[27.770334495383764,-12.50772712808827],[27.77033503136358,-12.507907972699186],[27.77051909017353,-12.507907446016935],[27.770518554076936,-12.507726601415001],[27.770334495383764,-12.50772712808827]]]},"id":"2_+29185+430858","properties":{"class":0,"count":1,"label":"bare_soil"}},{"type":"Feature","geometry":{"geodesic":false,"type":"Polygon","coordinates":[[[27.770125796809648,-12.499408799542197],[27.77012633227742,-12.499589644269895],[27.770494438138382,-12.49958859175879],[27.770493902419076,-12.499407747040076],[27.770125796809648,-12.499408799542197]]]},"id":"2_+29185+430904","properties":{"class":0,"count":2,"label":"bare_soil"}},{"type":"Feature","geometry":{"geodesic":false,"type":"Polygon","coordinates":[[[27.770117765897957,-12.496696128276382],[27.770118836581975,-12.497057817812626],[27.770486938858657,-12.497056765517119],[27.770485867662597,-12.496695076016808],[27.770117765897957,-12.496696128276382]]]},"id":"2_+29185+430919","properties":{"class":0,"count":4,"label":"bare_soil"}},{"type":"Feature","geometry":{"geodesic":false,"type":"Polygon","coordinates":[[[27.770299139589625,-12.495791378377849],[27.770300210444326,-12.496153067914094],[27.770484260944862,-12.496152541743882],[27.77048318982965,-12.49579085221662],[27.770299139589625,-12.495791378377849]]]},"id":"2_+29185+430924","properties":{"class":0,"count":2,"label":"bare_soil"}},{"type":"Feature","geometry":{"geodesic":false,"type":"Polygon","coordinates":[[[27.770290038703582,-12.492717016875103],[27.770474086769685,-12.492716490848622],[27.770472480599924,-12.492173956422983],[27.76992033752451,-12.492175534035303],[27.76992301259963,-12.493079758194815],[27.77010706094421,-12.49307923241088],[27.770106525781863,-12.49289838759335],[27.770290573982713,-12.492897861692633],[27.770290038703582,-12.492717016875103]],[[27.770290038703582,-12.492717016875103],[27.770288968172277,-12.492355327240045],[27.770104920348718,-12.492355853122795],[27.770105990628497,-12.492717542766837],[27.770290038703582,-12.492717016875103]]]},"id":"2_+29185+430944","properties":{"class":0,"count":10,"label":"bare_soil"}},{"type":"Feature","geometry":{"geodesic":false,"type":"Polygon","coordinates":[[[27.770911054264356,-12.639380822554195],[27.770911596469496,-12.63956166536848],[27.771095749009667,-12.639561132838198],[27.771095206678762,-12.639380290032893],[27.770911054264356,-12.639380822554195]]]},"id":"2_+29186+430130","properties":{"class":0,"count":1,"label":"bare_soil"}}]}