{
"type": "FeatureCollection",
"name": "chingola_mines",
"crs": { "type": "name", "properties": { "name": "urn:ogc:def:crs:OGC:1.3:CRS84" } },
"features": [
{ "type": "Feature", "properties": { "id": 1, "name": "Nchanga Mi", "status": "Active", "area_ha": 1744.049 }, "geometry": { "type": "MultiPolygon", "coordinates": [ [ [ [ 27.838939904823629, -12.532887009730263 ], [ 27.838767581852238, -12.532887009730263 ], [ 27.838595258880847, -12.53280084824457 ], [ 27.838595258880847, -12.532628525273179 ], [ 27.83842293590946, -12.532456202301789 ], [ 27.83842293590946, -12.532283879330398 ], [ 27.838250612938069, -12.532197717844703 ], [ 27.838250612938069, -12.532025394873314 ], [ 27.838164451452371, -12.531853071901923 ], [ 27.837992128480984, -12.531680748930533 ], [ 27.837905966995287, -12.531508425959142 ], [ 27.837819805509593, -12.531336102987753 ], [ 27.837733644023899, -12.531163780016362 ], [ 27.837561321052508, -12.531077618530668 ], [ 27.837561321052508, -12.530905295559277 ], [ 27.837475159566811, -12.530732972587888 ], [ 27.837388998081117, -12.530560649616497 ], [ 27.837302836595423, -12.530388326645108 ], [ 27.837216675109726, -12.530216003673717 ], [ 27.837216675109726, -12.530043680702327 ], [ 27.837044352138339, -12.529871357730936 ], [ 27.836958190652641, -12.529699034759545 ], [ 27.836872029166948, -12.529526711788156 ], [ 27.83678586768125, -12.529354388816765 ], [ 27.836613544709863, -12.529354388816765 ], [ 27.836527383224166, -12.529182065845376 ], [ 27.836441221738472, -12.529009742873985 ], [ 27.836268898767081, -12.528923581388291 ], [ 27.83609657579569, -12.528837419902596 ], [ 27.836010414309996, -12.528665096931205 ], [ 27.835924252824302, -12.528492773959815 ], [ 27.835838091338605, -12.528320450988424 ], [ 27.835751929852911, -12.528148128017035 ], [ 27.835665768367218, -12.527975805045644 ], [ 27.835493445395826, -12.52788964355995 ], [ 27.835493445395826, -12.527717320588559 ], [ 27.835407283910129, -12.52754499761717 ], [ 27.835234960938742, -12.527458836131474 ], [ 27.835148799453044, -12.527286513160083 ], [ 27.835148799453044, -12.527114190188694 ], [ 27.834976476481657, -12.527028028702999 ], [ 27.834804153510266, -12.526941867217303 ], [ 27.834804153510266, -12.526769544245914 ], [ 27.834717992024569, -12.526597221274523 ], [ 27.834631830538875, -12.526424898303134 ], [ 27.834459507567484, -12.526338736817438 ], [ 27.834459507567484, -12.526166413846049 ], [ 27.834287184596096, -12.526080252360353 ], [ 27.834114861624705, -12.525994090874658 ], [ 27.834114861624705, -12.525821767903269 ], [ 27.834028700139008, -12.525649444931878 ], [ 27.833942538653314, -12.525477121960488 ], [ 27.833856377167621, -12.525304798989097 ], [ 27.833770215681923, -12.525132476017708 ], [ 27.83368405419623, -12.524960153046317 ], [ 27.833511731224839, -12.524873991560622 ], [ 27.833425569739145, -12.524701668589232 ], [ 27.833339408253448, -12.524529345617841 ], [ 27.833253246767754, -12.524357022646452 ], [ 27.83316708528206, -12.524098538189365 ], [ 27.83316708528206, -12.523926215217976 ], [ 27.83316708528206, -12.523753892246585 ], [ 27.83316708528206, -12.523581569275196 ], [ 27.833080923796363, -12.523236923332416 ], [ 27.833080923796363, -12.523064600361025 ], [ 27.833080923796363, -12.522892277389635 ], [ 27.832994762310669, -12.522719954418244 ], [ 27.832994762310669, -12.522547631446855 ], [ 27.832908600824972, -12.522375308475464 ], [ 27.832736277853584, -12.522202985504075 ], [ 27.832650116367887, -12.522030662532684 ], [ 27.8324777933965, -12.52194450104699 ], [ 27.832305470425108, -12.521772178075599 ], [ 27.832219308939411, -12.52159985510421 ], [ 27.832046985968024, -12.521513693618514 ], [ 27.832046985968024, -12.521341370647123 ], [ 27.831960824482326, -12.521169047675734 ], [ 27.831874662996633, -12.520996724704343 ], [ 27.831788501510939, -12.520824401732954 ], [ 27.831788501510939, -12.520652078761563 ], [ 27.831702340025242, -12.520479755790173 ], [ 27.831702340025242, -12.520307432818782 ], [ 27.831702340025242, -12.520135109847393 ], [ 27.831616178539548, -12.519962786876002 ], [ 27.831616178539548, -12.519790463904613 ], [ 27.831530017053851, -12.519618140933222 ], [ 27.831530017053851, -12.519445817961833 ], [ 27.831530017053851, -12.519273494990442 ], [ 27.831530017053851, -12.519101172019052 ], [ 27.831702340025242, -12.518756526076272 ], [ 27.831702340025242, -12.518584203104881 ], [ 27.831702340025242, -12.518411880133492 ], [ 27.831788501510939, -12.518239557162101 ], [ 27.831788501510939, -12.518067234190712 ], [ 27.831960824482326, -12.517894911219321 ], [ 27.832046985968024, -12.517722588247931 ], [ 27.832133147453717, -12.51755026527654 ], [ 27.832219308939411, -12.517377942305151 ], [ 27.832391631910802, -12.517377942305151 ], [ 27.832391631910802, -12.51720561933376 ], [ 27.832563954882193, -12.517119457848064 ], [ 27.832736277853584, -12.517033296362371 ], [ 27.832822439339278, -12.51686097339098 ], [ 27.832994762310669, -12.516774811905284 ], [ 27.83316708528206, -12.516602488933895 ], [ 27.833339408253448, -12.516430165962504 ], [ 27.833425569739145, -12.516257842991115 ], [ 27.833597892710532, -12.516171681505419 ], [ 27.833597892710532, -12.51599935853403 ], [ 27.833770215681923, -12.51599935853403 ], [ 27.833770215681923, -12.515827035562639 ], [ 27.833942538653314, -12.51565471259125 ], [ 27.833942538653314, -12.515482389619859 ], [ 27.834028700139008, -12.515310066648469 ], [ 27.834114861624705, -12.515137743677078 ], [ 27.834114861624705, -12.514965420705689 ], [ 27.834114861624705, -12.514706936248603 ], [ 27.834114861624705, -12.514534613277213 ], [ 27.834201023110399, -12.514362290305822 ], [ 27.834287184596096, -12.514189967334433 ], [ 27.834459507567484, -12.514017644363042 ], [ 27.834545669053181, -12.513845321391653 ], [ 27.834717992024569, -12.513759159905957 ], [ 27.834804153510266, -12.513586836934566 ], [ 27.834976476481657, -12.513500675448872 ], [ 27.835062637967351, -12.513242190991786 ], [ 27.835234960938742, -12.513156029506092 ], [ 27.835321122424435, -12.512983706534701 ], [ 27.835493445395826, -12.512897545049006 ], [ 27.83557960688152, -12.512725222077616 ], [ 27.835665768367218, -12.512552899106225 ], [ 27.835838091338605, -12.512552899106225 ], [ 27.836010414309996, -12.512466737620532 ], [ 27.836182737281387, -12.512466737620532 ], [ 27.836355060252778, -12.512466737620532 ], [ 27.836527383224166, -12.512466737620532 ], [ 27.836699706195557, -12.512466737620532 ], [ 27.836872029166948, -12.512466737620532 ], [ 27.837044352138339, -12.512552899106225 ], [ 27.837216675109726, -12.512552899106225 ], [ 27.837388998081117, -12.512466737620532 ], [ 27.837561321052508, -12.512466737620532 ], [ 27.837733644023899, -12.512380576134836 ], [ 27.837905966995287, -12.512380576134836 ], [ 27.837905966995287, -12.512208253163445 ], [ 27.838078289966678, -12.512208253163445 ], [ 27.838250612938069, -12.512208253163445 ], [ 27.83842293590946, -12.512208253163445 ], [ 27.838595258880847, -12.512122091677751 ], [ 27.838681420366544, -12.51194976870636 ], [ 27.838853743337932, -12.511863607220665 ], [ 27.838939904823629, -12.511691284249276 ], [ 27.83911222779502, -12.51160512276358 ], [ 27.839284550766408, -12.511432799792191 ], [ 27.839284550766408, -12.5112604768208 ], [ 27.839543035223496, -12.511174315335104 ], [ 27.83962919670919, -12.511001992363715 ], [ 27.839801519680581, -12.510829669392324 ], [ 27.839973842651968, -12.51074350790663 ], [ 27.840146165623359, -12.510657346420935 ], [ 27.84031848859475, -12.510657346420935 ], [ 27.840490811566141, -12.510657346420935 ], [ 27.840663134537529, -12.510571184935239 ], [ 27.840749296023226, -12.51039886196385 ], [ 27.840921618994617, -12.510140377506763 ], [ 27.841007780480311, -12.509968054535374 ], [ 27.841093941966005, -12.509795731563983 ], [ 27.841266264937396, -12.509709570078289 ], [ 27.841352426423089, -12.509537247106898 ], [ 27.841438587908787, -12.509364924135509 ], [ 27.84152474939448, -12.509192601164118 ], [ 27.841697072365871, -12.509106439678423 ], [ 27.841697072365871, -12.508934116707033 ], [ 27.841783233851565, -12.508761793735642 ], [ 27.841783233851565, -12.508589470764253 ], [ 27.841783233851565, -12.508417147792862 ], [ 27.841869395337262, -12.508244824821473 ], [ 27.84204171830865, -12.508158663335777 ], [ 27.842214041280041, -12.508072501850082 ], [ 27.842386364251432, -12.508072501850082 ], [ 27.842558687222823, -12.508072501850082 ], [ 27.84273101019421, -12.508072501850082 ], [ 27.842903333165602, -12.508072501850082 ], [ 27.843075656136993, -12.507986340364386 ], [ 27.843247979108384, -12.507986340364386 ], [ 27.843420302079771, -12.507986340364386 ], [ 27.843592625051162, -12.507986340364386 ], [ 27.843764948022553, -12.507986340364386 ], [ 27.843764948022553, -12.508158663335777 ], [ 27.843764948022553, -12.508330986307167 ], [ 27.843764948022553, -12.508503309278558 ], [ 27.843764948022553, -12.508675632249949 ], [ 27.843764948022553, -12.508847955221338 ], [ 27.843937270993944, -12.508934116707033 ], [ 27.844109593965332, -12.509020278192729 ], [ 27.844281916936723, -12.509106439678423 ], [ 27.844454239908114, -12.509106439678423 ], [ 27.844626562879505, -12.509106439678423 ], [ 27.844798885850896, -12.509106439678423 ], [ 27.844971208822283, -12.509106439678423 ], [ 27.845143531793674, -12.509106439678423 ], [ 27.845315854765065, -12.509106439678423 ], [ 27.845488177736456, -12.509106439678423 ], [ 27.845660500707844, -12.509106439678423 ], [ 27.845832823679235, -12.509106439678423 ], [ 27.846005146650626, -12.509106439678423 ], [ 27.846177469622017, -12.509106439678423 ], [ 27.846177469622017, -12.508934116707033 ], [ 27.846177469622017, -12.508761793735642 ], [ 27.846177469622017, -12.508589470764253 ], [ 27.846177469622017, -12.508417147792862 ], [ 27.846177469622017, -12.508244824821473 ], [ 27.846177469622017, -12.508072501850082 ], [ 27.846177469622017, -12.507900178878693 ], [ 27.846177469622017, -12.507727855907302 ], [ 27.846177469622017, -12.507555532935912 ], [ 27.846263631107711, -12.507383209964521 ], [ 27.846263631107711, -12.507210886993132 ], [ 27.846263631107711, -12.507038564021741 ], [ 27.846177469622017, -12.506866241050352 ], [ 27.846177469622017, -12.506693918078961 ], [ 27.846091308136319, -12.506521595107571 ], [ 27.846263631107711, -12.506521595107571 ], [ 27.846435954079102, -12.506435433621876 ], [ 27.846608277050489, -12.506435433621876 ], [ 27.84678060002188, -12.506435433621876 ], [ 27.846952922993271, -12.506435433621876 ], [ 27.847125245964662, -12.506521595107571 ], [ 27.84729756893605, -12.506607756593265 ], [ 27.847469891907441, -12.506607756593265 ], [ 27.847642214878832, -12.506693918078961 ], [ 27.847814537850223, -12.506780079564656 ], [ 27.84798686082161, -12.506952402536045 ], [ 27.848159183793001, -12.506952402536045 ], [ 27.848331506764392, -12.507038564021741 ], [ 27.848503829735783, -12.507038564021741 ], [ 27.848676152707171, -12.507038564021741 ], [ 27.848848475678562, -12.507038564021741 ], [ 27.849020798649953, -12.507038564021741 ], [ 27.849193121621344, -12.507038564021741 ], [ 27.849365444592731, -12.507038564021741 ], [ 27.849451606078429, -12.506866241050352 ], [ 27.849537767564122, -12.506693918078961 ], [ 27.849710090535513, -12.506693918078961 ], [ 27.849882413506904, -12.506521595107571 ], [ 27.849968574992598, -12.50634927213618 ], [ 27.850140897963989, -12.50634927213618 ], [ 27.850227059449683, -12.506176949164791 ], [ 27.85031322093538, -12.5060046261934 ], [ 27.850399382421074, -12.505832303222011 ], [ 27.850571705392465, -12.505832303222011 ], [ 27.850571705392465, -12.50565998025062 ], [ 27.850744028363856, -12.50565998025062 ], [ 27.85083018984955, -12.505487657279231 ], [ 27.851002512820941, -12.505487657279231 ], [ 27.851174835792328, -12.505573818764924 ], [ 27.851347158763719, -12.50565998025062 ], [ 27.85151948173511, -12.50565998025062 ], [ 27.851691804706501, -12.50565998025062 ], [ 27.851864127677889, -12.50565998025062 ], [ 27.85203645064928, -12.50565998025062 ], [ 27.852208773620671, -12.50565998025062 ], [ 27.852381096592062, -12.505573818764924 ], [ 27.852553419563449, -12.505573818764924 ], [ 27.85272574253484, -12.505573818764924 ], [ 27.85272574253484, -12.505401495793535 ], [ 27.852898065506231, -12.505401495793535 ], [ 27.853070388477622, -12.505401495793535 ], [ 27.85324271144901, -12.505487657279231 ], [ 27.853415034420401, -12.505573818764924 ], [ 27.853587357391792, -12.505573818764924 ], [ 27.853759680363183, -12.505401495793535 ], [ 27.85393200333457, -12.50531533430784 ], [ 27.854104326305961, -12.505056849850755 ], [ 27.854276649277352, -12.504970688365059 ], [ 27.854448972248743, -12.504970688365059 ], [ 27.854448972248743, -12.50479836539367 ], [ 27.854448972248743, -12.504626042422279 ], [ 27.854535133734437, -12.50445371945089 ], [ 27.854707456705828, -12.504367557965194 ], [ 27.854879779677219, -12.504281396479499 ], [ 27.854879779677219, -12.50410907350811 ], [ 27.855052102648607, -12.504022912022414 ], [ 27.855052102648607, -12.503850589051023 ], [ 27.854879779677219, -12.503678266079634 ], [ 27.854707456705828, -12.503592104593938 ], [ 27.854535133734437, -12.503592104593938 ], [ 27.854362810763046, -12.503505943108243 ], [ 27.854190487791659, -12.503419781622549 ], [ 27.854104326305961, -12.503247458651158 ], [ 27.85393200333457, -12.503247458651158 ], [ 27.853759680363183, -12.503247458651158 ], [ 27.853759680363183, -12.503075135679767 ], [ 27.853587357391792, -12.502988974194073 ], [ 27.853415034420401, -12.502902812708378 ], [ 27.853328872934707, -12.502730489736987 ], [ 27.853156549963316, -12.502558166765597 ], [ 27.853070388477622, -12.502385843794206 ], [ 27.853070388477622, -12.502213520822817 ], [ 27.852898065506231, -12.502041197851426 ], [ 27.852898065506231, -12.501868874880037 ], [ 27.852811904020538, -12.501696551908646 ], [ 27.85272574253484, -12.501524228937257 ], [ 27.85272574253484, -12.501351905965866 ], [ 27.852553419563449, -12.501265744480172 ], [ 27.852467258077755, -12.500921098537392 ], [ 27.852381096592062, -12.500748775566001 ], [ 27.852381096592062, -12.500576452594611 ], [ 27.852294935106364, -12.500317968137525 ], [ 27.852294935106364, -12.500145645166135 ], [ 27.852208773620671, -12.499973322194744 ], [ 27.852208773620671, -12.499800999223355 ], [ 27.852122612134977, -12.499628676251964 ], [ 27.85203645064928, -12.499456353280575 ], [ 27.85203645064928, -12.499284030309184 ], [ 27.85203645064928, -12.499111707337795 ], [ 27.851864127677889, -12.498939384366404 ], [ 27.851864127677889, -12.498767061395014 ], [ 27.851864127677889, -12.498594738423623 ], [ 27.851864127677889, -12.498422415452234 ], [ 27.851864127677889, -12.498250092480843 ], [ 27.851864127677889, -12.498077769509454 ], [ 27.851950289163586, -12.497905446538063 ], [ 27.85203645064928, -12.497733123566674 ], [ 27.852122612134977, -12.497560800595283 ], [ 27.852208773620671, -12.497388477623893 ], [ 27.852294935106364, -12.497216154652502 ], [ 27.852381096592062, -12.497043831681113 ], [ 27.852553419563449, -12.496957670195417 ], [ 27.852639581049146, -12.496785347224026 ], [ 27.852811904020538, -12.496699185738333 ], [ 27.852984226991925, -12.496613024252637 ], [ 27.853070388477622, -12.496440701281246 ], [ 27.85324271144901, -12.496354539795552 ], [ 27.853415034420401, -12.496268378309857 ], [ 27.853587357391792, -12.496182216824161 ], [ 27.853759680363183, -12.496009893852772 ], [ 27.85393200333457, -12.496009893852772 ], [ 27.854104326305961, -12.495837570881381 ], [ 27.854276649277352, -12.495665247909992 ], [ 27.854448972248743, -12.495665247909992 ], [ 27.854621295220131, -12.495579086424296 ], [ 27.854793618191522, -12.495579086424296 ], [ 27.855052102648607, -12.495492924938601 ], [ 27.855224425619998, -12.495406763452905 ], [ 27.855396748591389, -12.495406763452905 ], [ 27.85556907156278, -12.495320601967212 ], [ 27.855741394534167, -12.495320601967212 ], [ 27.855913717505558, -12.495320601967212 ], [ 27.856086040476949, -12.495320601967212 ], [ 27.85625836344834, -12.495234440481516 ], [ 27.856430686419728, -12.495234440481516 ], [ 27.856516847905425, -12.495406763452905 ], [ 27.856603009391119, -12.495579086424296 ], [ 27.856689170876816, -12.495751409395686 ], [ 27.856861493848204, -12.495837570881381 ], [ 27.856861493848204, -12.496009893852772 ], [ 27.856947655333901, -12.496182216824161 ], [ 27.857033816819595, -12.496354539795552 ], [ 27.857206139790986, -12.496354539795552 ], [ 27.857206139790986, -12.496526862766942 ], [ 27.857378462762377, -12.496526862766942 ], [ 27.857550785733764, -12.496440701281246 ], [ 27.857723108705155, -12.496354539795552 ], [ 27.857809270190849, -12.496182216824161 ], [ 27.857895431676546, -12.496009893852772 ], [ 27.85798159316224, -12.495837570881381 ], [ 27.85798159316224, -12.495665247909992 ], [ 27.858153916133631, -12.495665247909992 ], [ 27.858153916133631, -12.495492924938601 ], [ 27.858240077619325, -12.495320601967212 ], [ 27.858326239105022, -12.495148278995821 ], [ 27.858326239105022, -12.494975956024431 ], [ 27.858498562076409, -12.494975956024431 ], [ 27.858498562076409, -12.49480363305304 ], [ 27.858584723562107, -12.494631310081651 ], [ 27.8586708850478, -12.49445898711026 ], [ 27.858757046533498, -12.494286664138871 ], [ 27.858929369504885, -12.494200502653175 ], [ 27.858929369504885, -12.494028179681784 ], [ 27.859101692476276, -12.493942018196091 ], [ 27.85918785396197, -12.493769695224699 ], [ 27.859274015447667, -12.49359737225331 ], [ 27.859446338419058, -12.493511210767615 ], [ 27.859532499904752, -12.493338887796224 ], [ 27.859704822876143, -12.49325272631053 ], [ 27.85987714584753, -12.493166564824834 ], [ 27.859963307333228, -12.492994241853443 ], [ 27.860135630304619, -12.49290808036775 ], [ 27.860307953276006, -12.49290808036775 ], [ 27.860480276247397, -12.492735757396359 ], [ 27.860652599218788, -12.492649595910663 ], [ 27.860824922190179, -12.492563434424969 ], [ 27.860997245161567, -12.492563434424969 ], [ 27.861083406647264, -12.492391111453578 ], [ 27.861255729618655, -12.492304949967883 ], [ 27.861428052590043, -12.492304949967883 ], [ 27.861600375561434, -12.492218788482187 ], [ 27.861772698532825, -12.492218788482187 ], [ 27.861945021504216, -12.492132626996494 ], [ 27.862031182989909, -12.491960304025103 ], [ 27.8622035059613, -12.491960304025103 ], [ 27.862375828932688, -12.491874142539407 ], [ 27.862548151904079, -12.491874142539407 ], [ 27.86272047487547, -12.491787981053713 ], [ 27.862806636361164, -12.491615658082322 ], [ 27.862978959332555, -12.491615658082322 ], [ 27.863065120818248, -12.491443335110933 ], [ 27.863151282303946, -12.491271012139542 ], [ 27.863323605275337, -12.491184850653847 ], [ 27.863323605275337, -12.491012527682457 ], [ 27.863409766761031, -12.490840204711066 ], [ 27.863495928246724, -12.490667881739677 ], [ 27.863495928246724, -12.490495558768286 ], [ 27.863582089732422, -12.490323235796897 ], [ 27.863754412703809, -12.490150912825506 ], [ 27.863840574189506, -12.489978589854116 ], [ 27.863840574189506, -12.489806266882725 ], [ 27.863840574189506, -12.489633943911336 ], [ 27.863840574189506, -12.489461620939945 ], [ 27.863754412703809, -12.489289297968556 ], [ 27.863754412703809, -12.489116974997165 ], [ 27.8639267356752, -12.48885849054008 ], [ 27.864099058646591, -12.488772329054385 ], [ 27.864185220132285, -12.488600006082995 ], [ 27.864357543103676, -12.4885138445973 ], [ 27.864529866075067, -12.488341521625911 ], [ 27.864616027560761, -12.48816919865452 ], [ 27.864788350532152, -12.488083037168824 ], [ 27.864874512017845, -12.487910714197435 ], [ 27.865046834989236, -12.487824552711739 ], [ 27.86513299647493, -12.48765222974035 ], [ 27.86513299647493, -12.487479906768959 ], [ 27.865305319446321, -12.487393745283264 ], [ 27.865477642417712, -12.48730758379757 ], [ 27.865649965389103, -12.487221422311874 ], [ 27.865822288360491, -12.487135260826179 ], [ 27.865994611331882, -12.487049099340483 ], [ 27.866166934303273, -12.486962937854788 ], [ 27.866253095788966, -12.486790614883398 ], [ 27.866425418760358, -12.486704453397703 ], [ 27.866597741731749, -12.486618291912007 ], [ 27.86677006470314, -12.486618291912007 ], [ 27.866856226188833, -12.486445968940618 ], [ 27.867028549160224, -12.486359807454923 ], [ 27.867200872131615, -12.486359807454923 ], [ 27.867373195103003, -12.486273645969227 ], [ 27.867545518074394, -12.486273645969227 ], [ 27.867717841045785, -12.486187484483533 ], [ 27.867890164017176, -12.486187484483533 ], [ 27.868062486988563, -12.486187484483533 ], [ 27.868234809959954, -12.486187484483533 ], [ 27.868407132931345, -12.486187484483533 ], [ 27.868579455902736, -12.486187484483533 ], [ 27.868751778874124, -12.486273645969227 ], [ 27.868924101845515, -12.486273645969227 ], [ 27.869096424816906, -12.486359807454923 ], [ 27.869268747788297, -12.486359807454923 ], [ 27.869441070759684, -12.486359807454923 ], [ 27.869613393731075, -12.486359807454923 ], [ 27.869785716702467, -12.486273645969227 ], [ 27.869958039673858, -12.486273645969227 ], [ 27.870130362645245, -12.486273645969227 ], [ 27.870302685616636, -12.486273645969227 ], [ 27.870475008588027, -12.486273645969227 ], [ 27.870647331559418, -12.486273645969227 ], [ 27.870819654530806, -12.486359807454923 ], [ 27.870991977502197, -12.486359807454923 ], [ 27.871164300473588, -12.486359807454923 ], [ 27.871336623444979, -12.486359807454923 ], [ 27.871508946416366, -12.486359807454923 ], [ 27.871681269387757, -12.486445968940618 ], [ 27.871939753844842, -12.486532130426314 ], [ 27.872112076816233, -12.486532130426314 ], [ 27.872284399787624, -12.486532130426314 ], [ 27.872370561273318, -12.486704453397703 ], [ 27.872629045730402, -12.486790614883398 ], [ 27.872887530187487, -12.486962937854788 ], [ 27.873059853158878, -12.486962937854788 ], [ 27.873232176130269, -12.487049099340483 ], [ 27.87340449910166, -12.487049099340483 ], [ 27.873576822073048, -12.487049099340483 ], [ 27.873749145044439, -12.487049099340483 ], [ 27.87392146801583, -12.487049099340483 ], [ 27.874093790987221, -12.487049099340483 ], [ 27.874352275444306, -12.487221422311874 ], [ 27.874524598415697, -12.487221422311874 ], [ 27.874696921387084, -12.48730758379757 ], [ 27.874869244358475, -12.487393745283264 ], [ 27.875041567329866, -12.487393745283264 ], [ 27.875213890301257, -12.487393745283264 ], [ 27.875472374758342, -12.487479906768959 ], [ 27.875644697729729, -12.487566068254655 ], [ 27.87581702070112, -12.487566068254655 ], [ 27.875989343672511, -12.48765222974035 ], [ 27.876161666643902, -12.487738391226044 ], [ 27.87633398961529, -12.487824552711739 ], [ 27.876506312586681, -12.487910714197435 ], [ 27.876678635558072, -12.48799687568313 ], [ 27.876850958529463, -12.488083037168824 ], [ 27.877023281500854, -12.488083037168824 ], [ 27.877195604472242, -12.488083037168824 ], [ 27.877367927443633, -12.48816919865452 ], [ 27.877540250415024, -12.488255360140215 ], [ 27.877712573386415, -12.488341521625911 ], [ 27.877884896357802, -12.488341521625911 ], [ 27.878057219329193, -12.488427683111604 ], [ 27.878229542300584, -12.4885138445973 ], [ 27.878229542300584, -12.488341521625911 ], [ 27.878229542300584, -12.48816919865452 ], [ 27.878229542300584, -12.487910714197435 ], [ 27.878229542300584, -12.487738391226044 ], [ 27.878229542300584, -12.487566068254655 ], [ 27.878229542300584, -12.487393745283264 ], [ 27.878229542300584, -12.487221422311874 ], [ 27.878143380814887, -12.487049099340483 ], [ 27.878057219329193, -12.486876776369094 ], [ 27.878057219329193, -12.486704453397703 ], [ 27.877971057843499, -12.486532130426314 ], [ 27.877884896357802, -12.486359807454923 ], [ 27.877884896357802, -12.486187484483533 ], [ 27.877884896357802, -12.486015161512142 ], [ 27.877884896357802, -12.485842838540753 ], [ 27.877884896357802, -12.485670515569362 ], [ 27.877798734872108, -12.485498192597973 ], [ 27.877798734872108, -12.485325869626582 ], [ 27.877884896357802, -12.485498192597973 ], [ 27.877971057843499, -12.485670515569362 ], [ 27.878143380814887, -12.485756677055058 ], [ 27.878229542300584, -12.485929000026447 ], [ 27.878401865271975, -12.486015161512142 ], [ 27.878574188243363, -12.486101322997838 ], [ 27.878574188243363, -12.486273645969227 ], [ 27.878746511214754, -12.486359807454923 ], [ 27.878746511214754, -12.486532130426314 ], [ 27.878832672700447, -12.486704453397703 ], [ 27.878918834186145, -12.486876776369094 ], [ 27.879004995671838, -12.487049099340483 ], [ 27.879177318643229, -12.487049099340483 ], [ 27.879263480128923, -12.486790614883398 ], [ 27.879435803100314, -12.486704453397703 ], [ 27.879608126071705, -12.486532130426314 ], [ 27.879780449043096, -12.486445968940618 ], [ 27.879952772014484, -12.486445968940618 ], [ 27.880125094985875, -12.486359807454923 ], [ 27.880297417957266, -12.486359807454923 ], [ 27.880469740928657, -12.486359807454923 ], [ 27.880469740928657, -12.486187484483533 ], [ 27.880642063900044, -12.486187484483533 ], [ 27.880814386871435, -12.486015161512142 ], [ 27.880986709842826, -12.486015161512142 ], [ 27.881159032814217, -12.485842838540753 ], [ 27.881331355785605, -12.485756677055058 ], [ 27.881331355785605, -12.485929000026447 ], [ 27.881331355785605, -12.486101322997838 ], [ 27.881417517271302, -12.486273645969227 ], [ 27.88158984024269, -12.486359807454923 ], [ 27.88158984024269, -12.486532130426314 ], [ 27.881676001728387, -12.486704453397703 ], [ 27.881934486185472, -12.486876776369094 ], [ 27.882020647671165, -12.487049099340483 ], [ 27.882192970642556, -12.487135260826179 ], [ 27.882192970642556, -12.48730758379757 ], [ 27.882365293613947, -12.487393745283264 ], [ 27.882537616585338, -12.487479906768959 ], [ 27.882709939556726, -12.487566068254655 ], [ 27.882796101042423, -12.487738391226044 ], [ 27.882968424013814, -12.487738391226044 ], [ 27.883140746985202, -12.487824552711739 ], [ 27.883313069956593, -12.487824552711739 ], [ 27.883485392927984, -12.487824552711739 ], [ 27.883657715899375, -12.487824552711739 ], [ 27.883830038870762, -12.487824552711739 ], [ 27.884002361842153, -12.487824552711739 ], [ 27.884174684813544, -12.487910714197435 ], [ 27.884347007784935, -12.48799687568313 ], [ 27.884519330756323, -12.48799687568313 ], [ 27.884691653727714, -12.48799687568313 ], [ 27.884863976699105, -12.488083037168824 ], [ 27.885036299670496, -12.488083037168824 ], [ 27.885208622641883, -12.48816919865452 ], [ 27.885467107098968, -12.48816919865452 ], [ 27.885467107098968, -12.488341521625911 ], [ 27.885639430070359, -12.488427683111604 ], [ 27.88581175304175, -12.4885138445973 ], [ 27.885897914527444, -12.488686167568691 ], [ 27.886070237498835, -12.488686167568691 ], [ 27.886156398984529, -12.48885849054008 ], [ 27.88632872195592, -12.48885849054008 ], [ 27.88632872195592, -12.489030813511471 ], [ 27.886501044927311, -12.489116974997165 ], [ 27.886501044927311, -12.489289297968556 ], [ 27.886587206413004, -12.489461620939945 ], [ 27.886673367898702, -12.489633943911336 ], [ 27.886673367898702, -12.489806266882725 ], [ 27.886673367898702, -12.489978589854116 ], [ 27.886759529384396, -12.490150912825506 ], [ 27.886845690870089, -12.490323235796897 ], [ 27.886845690870089, -12.490495558768286 ], [ 27.886845690870089, -12.490667881739677 ], [ 27.886845690870089, -12.490840204711066 ], [ 27.886931852355787, -12.491012527682457 ], [ 27.886931852355787, -12.491184850653847 ], [ 27.88701801384148, -12.491357173625238 ], [ 27.88701801384148, -12.491529496596627 ], [ 27.88701801384148, -12.491701819568018 ], [ 27.88701801384148, -12.491874142539407 ], [ 27.88701801384148, -12.492046465510798 ], [ 27.88701801384148, -12.492218788482187 ], [ 27.88701801384148, -12.492391111453578 ], [ 27.88701801384148, -12.492563434424969 ], [ 27.886845690870089, -12.492649595910663 ], [ 27.886845690870089, -12.492821918882054 ], [ 27.886759529384396, -12.492994241853443 ], [ 27.886673367898702, -12.493166564824834 ], [ 27.886501044927311, -12.49325272631053 ], [ 27.886501044927311, -12.493425049281919 ], [ 27.886501044927311, -12.49359737225331 ], [ 27.88632872195592, -12.493855856710395 ], [ 27.886156398984529, -12.493942018196091 ], [ 27.885984076013141, -12.49411434116748 ], [ 27.88581175304175, -12.494200502653175 ], [ 27.885639430070359, -12.494286664138871 ], [ 27.885467107098968, -12.494286664138871 ], [ 27.885294784127581, -12.494200502653175 ], [ 27.88512246115619, -12.494200502653175 ], [ 27.884863976699105, -12.494200502653175 ], [ 27.88460549224202, -12.494286664138871 ], [ 27.884433169270629, -12.494286664138871 ], [ 27.884260846299238, -12.494286664138871 ], [ 27.884088523327847, -12.49445898711026 ], [ 27.88391620035646, -12.49445898711026 ], [ 27.883743877385069, -12.494545148595956 ], [ 27.883571554413678, -12.494631310081651 ], [ 27.883399231442286, -12.494631310081651 ], [ 27.883226908470899, -12.49480363305304 ], [ 27.883140746985202, -12.494975956024431 ], [ 27.883054585499508, -12.495148278995821 ], [ 27.883054585499508, -12.495320601967212 ], [ 27.882968424013814, -12.495492924938601 ], [ 27.882968424013814, -12.495665247909992 ], [ 27.882796101042423, -12.495837570881381 ], [ 27.882796101042423, -12.496009893852772 ], [ 27.882709939556726, -12.496182216824161 ], [ 27.882709939556726, -12.496354539795552 ], [ 27.882623778071032, -12.496526862766942 ], [ 27.882537616585338, -12.496699185738333 ], [ 27.882451455099641, -12.496871508709722 ], [ 27.882365293613947, -12.497043831681113 ], [ 27.882537616585338, -12.496957670195417 ], [ 27.882709939556726, -12.496957670195417 ], [ 27.882882262528117, -12.496957670195417 ], [ 27.883054585499508, -12.496957670195417 ], [ 27.883226908470899, -12.496871508709722 ], [ 27.883399231442286, -12.496871508709722 ], [ 27.883571554413678, -12.496871508709722 ], [ 27.883743877385069, -12.496785347224026 ], [ 27.88391620035646, -12.496699185738333 ], [ 27.884088523327847, -12.496699185738333 ], [ 27.884260846299238, -12.496613024252637 ], [ 27.884433169270629, -12.496526862766942 ], [ 27.884519330756323, -12.496354539795552 ], [ 27.884691653727714, -12.496354539795552 ], [ 27.884863976699105, -12.496268378309857 ], [ 27.885036299670496, -12.496182216824161 ], [ 27.88512246115619, -12.496009893852772 ], [ 27.885294784127581, -12.496009893852772 ], [ 27.885467107098968, -12.496009893852772 ], [ 27.885553268584665, -12.495837570881381 ], [ 27.885725591556056, -12.495751409395686 ], [ 27.885897914527444, -12.495665247909992 ], [ 27.886070237498835, -12.495579086424296 ], [ 27.886242560470226, -12.495492924938601 ], [ 27.886414883441617, -12.495492924938601 ], [ 27.886587206413004, -12.495492924938601 ], [ 27.886759529384396, -12.495320601967212 ], [ 27.886931852355787, -12.495320601967212 ], [ 27.887104175327178, -12.495320601967212 ], [ 27.887362659784262, -12.495320601967212 ], [ 27.887534982755653, -12.495148278995821 ], [ 27.887707305727041, -12.495062117510125 ], [ 27.887879628698432, -12.494975956024431 ], [ 27.888051951669823, -12.494975956024431 ], [ 27.888224274641214, -12.494889794538736 ], [ 27.888396597612601, -12.49480363305304 ], [ 27.888482759098299, -12.494631310081651 ], [ 27.888655082069686, -12.494631310081651 ], [ 27.888827405041077, -12.494545148595956 ], [ 27.888999728012468, -12.49445898711026 ], [ 27.889172050983859, -12.494372825624565 ], [ 27.889344373955247, -12.494372825624565 ], [ 27.889516696926638, -12.494372825624565 ], [ 27.889689019898029, -12.494372825624565 ], [ 27.88986134286942, -12.494372825624565 ], [ 27.890033665840807, -12.494372825624565 ], [ 27.890205988812198, -12.494372825624565 ], [ 27.890378311783589, -12.494372825624565 ], [ 27.89055063475498, -12.494372825624565 ], [ 27.890722957726368, -12.494372825624565 ], [ 27.890895280697759, -12.49445898711026 ], [ 27.89106760366915, -12.49445898711026 ], [ 27.891326088126235, -12.49445898711026 ], [ 27.891498411097626, -12.49445898711026 ], [ 27.891670734069017, -12.49445898711026 ], [ 27.891843057040404, -12.494545148595956 ], [ 27.892015380011795, -12.494631310081651 ], [ 27.892187702983186, -12.494717471567345 ], [ 27.892360025954577, -12.49480363305304 ], [ 27.892446187440271, -12.494975956024431 ], [ 27.892618510411662, -12.494975956024431 ], [ 27.892704671897356, -12.495148278995821 ], [ 27.892876994868747, -12.495320601967212 ], [ 27.893049317840138, -12.495406763452905 ], [ 27.893049317840138, -12.495579086424296 ], [ 27.893049317840138, -12.495751409395686 ], [ 27.893049317840138, -12.495923732367077 ], [ 27.893049317840138, -12.496096055338466 ], [ 27.893049317840138, -12.496268378309857 ], [ 27.893049317840138, -12.496440701281246 ], [ 27.893049317840138, -12.496613024252637 ], [ 27.893049317840138, -12.496785347224026 ], [ 27.893049317840138, -12.496957670195417 ], [ 27.893049317840138, -12.497129993166807 ], [ 27.893049317840138, -12.497302316138198 ], [ 27.89296315635444, -12.497474639109587 ], [ 27.89296315635444, -12.497646962080978 ], [ 27.892876994868747, -12.497819285052367 ], [ 27.892876994868747, -12.497991608023758 ], [ 27.892790833383053, -12.498163930995149 ], [ 27.892790833383053, -12.498336253966539 ], [ 27.892704671897356, -12.49850857693793 ], [ 27.892704671897356, -12.498680899909319 ], [ 27.892704671897356, -12.498939384366404 ], [ 27.892704671897356, -12.499111707337795 ], [ 27.892704671897356, -12.499284030309184 ], [ 27.892704671897356, -12.499456353280575 ], [ 27.892704671897356, -12.499628676251964 ], [ 27.892704671897356, -12.499800999223355 ], [ 27.892704671897356, -12.499973322194744 ], [ 27.892704671897356, -12.500145645166135 ], [ 27.892704671897356, -12.500317968137525 ], [ 27.892704671897356, -12.500490291108916 ], [ 27.892704671897356, -12.500662614080305 ], [ 27.892704671897356, -12.500834937051696 ], [ 27.892704671897356, -12.501007260023085 ], [ 27.892704671897356, -12.501179582994476 ], [ 27.892704671897356, -12.501351905965866 ], [ 27.892704671897356, -12.501524228937257 ], [ 27.892790833383053, -12.501696551908646 ], [ 27.892790833383053, -12.501868874880037 ], [ 27.892876994868747, -12.502041197851426 ], [ 27.892876994868747, -12.502213520822817 ], [ 27.893049317840138, -12.502472005279902 ], [ 27.893049317840138, -12.502730489736987 ], [ 27.893221640811525, -12.502902812708378 ], [ 27.893307802297223, -12.503075135679767 ], [ 27.893393963782916, -12.503247458651158 ], [ 27.893393963782916, -12.503419781622549 ], [ 27.893393963782916, -12.503592104593938 ], [ 27.893480125268614, -12.503764427565329 ], [ 27.893480125268614, -12.503936750536718 ], [ 27.893480125268614, -12.50410907350811 ], [ 27.893480125268614, -12.504281396479499 ], [ 27.893480125268614, -12.50445371945089 ], [ 27.893480125268614, -12.504626042422279 ], [ 27.893393963782916, -12.50479836539367 ], [ 27.893393963782916, -12.504970688365059 ], [ 27.893307802297223, -12.50514301133645 ], [ 27.893135479325831, -12.505229172822144 ], [ 27.893049317840138, -12.505401495793535 ], [ 27.89296315635444, -12.505573818764924 ], [ 27.892790833383053, -12.50565998025062 ], [ 27.892704671897356, -12.505832303222011 ], [ 27.892618510411662, -12.5060046261934 ], [ 27.892446187440271, -12.506090787679096 ], [ 27.892360025954577, -12.50634927213618 ], [ 27.89227386446888, -12.506521595107571 ], [ 27.892101541497489, -12.506693918078961 ], [ 27.892015380011795, -12.506866241050352 ], [ 27.892015380011795, -12.507038564021741 ], [ 27.891929218526101, -12.507210886993132 ], [ 27.89175689555471, -12.507210886993132 ], [ 27.891670734069017, -12.507383209964521 ], [ 27.891584572583319, -12.507555532935912 ], [ 27.891326088126235, -12.507641694421606 ], [ 27.891239926640541, -12.507814017392997 ], [ 27.891153765154844, -12.507986340364386 ], [ 27.891326088126235, -12.508072501850082 ], [ 27.891326088126235, -12.508244824821473 ], [ 27.891412249611928, -12.508417147792862 ], [ 27.891584572583319, -12.508503309278558 ], [ 27.891670734069017, -12.508675632249949 ], [ 27.89175689555471, -12.508847955221338 ], [ 27.891929218526101, -12.508934116707033 ], [ 27.892015380011795, -12.509106439678423 ], [ 27.892187702983186, -12.509106439678423 ], [ 27.892360025954577, -12.509278762649814 ], [ 27.892360025954577, -12.509451085621203 ], [ 27.892532348925965, -12.509451085621203 ], [ 27.892618510411662, -12.509623408592594 ], [ 27.892704671897356, -12.509795731563983 ], [ 27.892790833383053, -12.509968054535374 ], [ 27.892876994868747, -12.510140377506763 ], [ 27.893049317840138, -12.510226538992459 ], [ 27.893049317840138, -12.51039886196385 ], [ 27.893221640811525, -12.510571184935239 ], [ 27.893221640811525, -12.51074350790663 ], [ 27.893307802297223, -12.51091583087802 ], [ 27.893393963782916, -12.511088153849411 ], [ 27.893393963782916, -12.511518961277885 ], [ 27.893393963782916, -12.511691284249276 ], [ 27.893393963782916, -12.511863607220665 ], [ 27.893480125268614, -12.512035930192056 ], [ 27.893480125268614, -12.512208253163445 ], [ 27.893480125268614, -12.512380576134836 ], [ 27.893393963782916, -12.512639060591921 ], [ 27.893393963782916, -12.512811383563312 ], [ 27.893393963782916, -12.512983706534701 ], [ 27.893307802297223, -12.513156029506092 ], [ 27.893307802297223, -12.513328352477481 ], [ 27.893307802297223, -12.513500675448872 ], [ 27.893307802297223, -12.513672998420262 ], [ 27.893307802297223, -12.513845321391653 ], [ 27.893135479325831, -12.513931482877348 ], [ 27.893049317840138, -12.514103805848737 ], [ 27.89296315635444, -12.514276128820129 ], [ 27.892790833383053, -12.514362290305822 ], [ 27.892704671897356, -12.514534613277213 ], [ 27.892704671897356, -12.514706936248603 ], [ 27.892618510411662, -12.514879259219994 ], [ 27.892618510411662, -12.515051582191383 ], [ 27.892532348925965, -12.515223905162774 ], [ 27.892360025954577, -12.515310066648469 ], [ 27.892187702983186, -12.515396228134163 ], [ 27.892015380011795, -12.515396228134163 ], [ 27.891843057040404, -12.515568551105554 ], [ 27.891670734069017, -12.51565471259125 ], [ 27.891498411097626, -12.51565471259125 ], [ 27.891326088126235, -12.515740874076943 ], [ 27.891153765154844, -12.515740874076943 ], [ 27.890981442183456, -12.515740874076943 ], [ 27.890809119212065, -12.515740874076943 ], [ 27.890636796240674, -12.515740874076943 ], [ 27.890464473269283, -12.515740874076943 ], [ 27.890292150297896, -12.515740874076943 ], [ 27.890119827326505, -12.515740874076943 ], [ 27.889947504355113, -12.515740874076943 ], [ 27.889775181383722, -12.515740874076943 ], [ 27.889602858412335, -12.515740874076943 ], [ 27.889430535440944, -12.515740874076943 ], [ 27.889258212469553, -12.515740874076943 ], [ 27.888999728012468, -12.515827035562639 ], [ 27.888827405041077, -12.515827035562639 ], [ 27.888655082069686, -12.515827035562639 ], [ 27.888482759098299, -12.515827035562639 ], [ 27.888310436126908, -12.515827035562639 ], [ 27.888138113155517, -12.515913197048334 ], [ 27.887879628698432, -12.51599935853403 ], [ 27.887707305727041, -12.51599935853403 ], [ 27.887534982755653, -12.51599935853403 ], [ 27.887362659784262, -12.51599935853403 ], [ 27.887190336812871, -12.516085520019724 ], [ 27.88701801384148, -12.516171681505419 ], [ 27.886845690870089, -12.516171681505419 ], [ 27.886673367898702, -12.516257842991115 ], [ 27.886501044927311, -12.516257842991115 ], [ 27.88632872195592, -12.516257842991115 ], [ 27.886156398984529, -12.516257842991115 ], [ 27.885984076013141, -12.516257842991115 ], [ 27.88581175304175, -12.516257842991115 ], [ 27.885639430070359, -12.516171681505419 ], [ 27.885467107098968, -12.516171681505419 ], [ 27.885294784127581, -12.51599935853403 ], [ 27.88512246115619, -12.51599935853403 ], [ 27.884950138184799, -12.515913197048334 ], [ 27.884777815213408, -12.51565471259125 ], [ 27.884433169270629, -12.51565471259125 ], [ 27.884433169270629, -12.515482389619859 ], [ 27.884174684813544, -12.515396228134163 ], [ 27.884002361842153, -12.515137743677078 ], [ 27.883830038870762, -12.515051582191383 ], [ 27.883485392927984, -12.514706936248603 ], [ 27.883313069956593, -12.514620774762909 ], [ 27.883054585499508, -12.514620774762909 ], [ 27.882882262528117, -12.514534613277213 ], [ 27.882709939556726, -12.514448451791518 ], [ 27.882537616585338, -12.514448451791518 ], [ 27.882365293613947, -12.514534613277213 ], [ 27.882192970642556, -12.514534613277213 ], [ 27.881934486185472, -12.514534613277213 ], [ 27.881762163214081, -12.514534613277213 ], [ 27.88158984024269, -12.514534613277213 ], [ 27.881417517271302, -12.514534613277213 ], [ 27.881245194299911, -12.514534613277213 ], [ 27.88107287132852, -12.514534613277213 ], [ 27.880900548357129, -12.514534613277213 ], [ 27.880728225385742, -12.514534613277213 ], [ 27.880555902414351, -12.514620774762909 ], [ 27.88038357944296, -12.514706936248603 ], [ 27.880211256471569, -12.514793097734298 ], [ 27.880038933500181, -12.514793097734298 ], [ 27.87986661052879, -12.514879259219994 ], [ 27.879694287557399, -12.514965420705689 ], [ 27.879521964586008, -12.514965420705689 ], [ 27.87934964161462, -12.515051582191383 ], [ 27.879177318643229, -12.515137743677078 ], [ 27.879004995671838, -12.515223905162774 ], [ 27.878832672700447, -12.515310066648469 ], [ 27.87866034972906, -12.515310066648469 ], [ 27.878488026757669, -12.515310066648469 ], [ 27.878315703786278, -12.515310066648469 ], [ 27.878143380814887, -12.515310066648469 ], [ 27.877971057843499, -12.515310066648469 ], [ 27.877798734872108, -12.515310066648469 ], [ 27.877540250415024, -12.515310066648469 ], [ 27.877367927443633, -12.515310066648469 ], [ 27.877195604472242, -12.515310066648469 ], [ 27.877023281500854, -12.515310066648469 ], [ 27.876850958529463, -12.515223905162774 ], [ 27.876678635558072, -12.515137743677078 ], [ 27.876506312586681, -12.515137743677078 ], [ 27.87633398961529, -12.515137743677078 ], [ 27.876161666643902, -12.515137743677078 ], [ 27.875989343672511, -12.515137743677078 ], [ 27.87581702070112, -12.515223905162774 ], [ 27.875472374758342, -12.515223905162774 ], [ 27.875300051786951, -12.515223905162774 ], [ 27.87512772881556, -12.515223905162774 ], [ 27.874955405844169, -12.515223905162774 ], [ 27.874783082872781, -12.515223905162774 ], [ 27.87461075990139, -12.515223905162774 ], [ 27.874438436929999, -12.515223905162774 ], [ 27.874266113958608, -12.515223905162774 ], [ 27.874093790987221, -12.515223905162774 ], [ 27.87392146801583, -12.515137743677078 ], [ 27.873749145044439, -12.515051582191383 ], [ 27.873576822073048, -12.514965420705689 ], [ 27.87340449910166, -12.514965420705689 ], [ 27.873059853158878, -12.515051582191383 ], [ 27.872801368701793, -12.515137743677078 ], [ 27.872629045730402, -12.515223905162774 ], [ 27.872456722759015, -12.515223905162774 ], [ 27.872284399787624, -12.515310066648469 ], [ 27.872112076816233, -12.515310066648469 ], [ 27.871939753844842, -12.515310066648469 ], [ 27.871767430873454, -12.515310066648469 ], [ 27.871595107902063, -12.515396228134163 ], [ 27.871422784930672, -12.515482389619859 ], [ 27.871250461959281, -12.515568551105554 ], [ 27.87107813898789, -12.51565471259125 ], [ 27.870905816016503, -12.51565471259125 ], [ 27.870733493045112, -12.515740874076943 ], [ 27.870647331559418, -12.515913197048334 ], [ 27.870475008588027, -12.515913197048334 ], [ 27.870302685616636, -12.51599935853403 ], [ 27.870302685616636, -12.516171681505419 ], [ 27.870130362645245, -12.516257842991115 ], [ 27.869958039673858, -12.51634400447681 ], [ 27.86987187818816, -12.516516327448199 ], [ 27.869699555216769, -12.516602488933895 ], [ 27.869527232245382, -12.51668865041959 ], [ 27.869354909273991, -12.516774811905284 ], [ 27.8691825863026, -12.516947134876675 ], [ 27.869010263331209, -12.516947134876675 ], [ 27.868837940359821, -12.517033296362371 ], [ 27.86866561738843, -12.517033296362371 ], [ 27.868493294417039, -12.51720561933376 ], [ 27.868320971445648, -12.517291780819455 ], [ 27.868148648474261, -12.517291780819455 ], [ 27.86797632550287, -12.517291780819455 ], [ 27.867804002531479, -12.517291780819455 ], [ 27.867631679560088, -12.517377942305151 ], [ 27.8674593565887, -12.517377942305151 ], [ 27.867200872131615, -12.51755026527654 ], [ 27.867028549160224, -12.517636426762236 ], [ 27.866856226188833, -12.517722588247931 ], [ 27.866683903217442, -12.517722588247931 ], [ 27.866511580246055, -12.517722588247931 ], [ 27.866339257274664, -12.517722588247931 ], [ 27.866166934303273, -12.517808749733625 ], [ 27.865994611331882, -12.517808749733625 ], [ 27.865822288360491, -12.517808749733625 ], [ 27.865822288360491, -12.517981072705016 ], [ 27.865649965389103, -12.517981072705016 ], [ 27.865477642417712, -12.517981072705016 ], [ 27.865305319446321, -12.518067234190712 ], [ 27.86513299647493, -12.518067234190712 ], [ 27.864960673503543, -12.518067234190712 ], [ 27.864788350532152, -12.518067234190712 ], [ 27.864616027560761, -12.518067234190712 ], [ 27.86444370458937, -12.518067234190712 ], [ 27.864271381617982, -12.518067234190712 ], [ 27.864099058646591, -12.518067234190712 ], [ 27.863840574189506, -12.518067234190712 ], [ 27.863582089732422, -12.518067234190712 ], [ 27.863409766761031, -12.518067234190712 ], [ 27.86323744378964, -12.518067234190712 ], [ 27.863065120818248, -12.518067234190712 ], [ 27.862892797846861, -12.518067234190712 ], [ 27.86272047487547, -12.518067234190712 ], [ 27.862461990418385, -12.518067234190712 ], [ 27.862289667446994, -12.518067234190712 ], [ 27.862117344475603, -12.518067234190712 ], [ 27.861945021504216, -12.518067234190712 ], [ 27.861772698532825, -12.518067234190712 ], [ 27.861600375561434, -12.518153395676405 ], [ 27.861428052590043, -12.518239557162101 ], [ 27.861341891104349, -12.518411880133492 ], [ 27.861169568132958, -12.518411880133492 ], [ 27.861083406647264, -12.518584203104881 ], [ 27.860911083675873, -12.518670364590577 ], [ 27.860824922190179, -12.518325718647796 ], [ 27.860652599218788, -12.518325718647796 ], [ 27.860480276247397, -12.518411880133492 ], [ 27.860307953276006, -12.518411880133492 ], [ 27.860135630304619, -12.518584203104881 ], [ 27.859963307333228, -12.518670364590577 ], [ 27.859704822876143, -12.518756526076272 ], [ 27.859532499904752, -12.518756526076272 ], [ 27.859360176933361, -12.518842687561966 ], [ 27.85918785396197, -12.519015010533357 ], [ 27.859015530990582, -12.519187333504746 ], [ 27.858929369504885, -12.519359656476137 ], [ 27.858843208019191, -12.519531979447528 ], [ 27.8586708850478, -12.519531979447528 ], [ 27.8586708850478, -12.519704302418917 ], [ 27.858584723562107, -12.519876625390308 ], [ 27.858584723562107, -12.520048948361698 ], [ 27.858584723562107, -12.520221271333089 ], [ 27.858584723562107, -12.520393594304478 ], [ 27.858498562076409, -12.520565917275869 ], [ 27.858326239105022, -12.520738240247258 ], [ 27.858153916133631, -12.520824401732954 ], [ 27.858153916133631, -12.520565917275869 ], [ 27.85798159316224, -12.520824401732954 ], [ 27.857809270190849, -12.520910563218649 ], [ 27.857636947219461, -12.521169047675734 ], [ 27.85746462424807, -12.52125520916143 ], [ 27.857292301276679, -12.521341370647123 ], [ 27.857206139790986, -12.521513693618514 ], [ 27.857033816819595, -12.521513693618514 ], [ 27.856861493848204, -12.521513693618514 ], [ 27.856689170876816, -12.521513693618514 ], [ 27.856516847905425, -12.52159985510421 ], [ 27.856344524934034, -12.521686016589904 ], [ 27.856172201962643, -12.521686016589904 ], [ 27.855999878991256, -12.521858339561295 ], [ 27.855827556019864, -12.521858339561295 ], [ 27.855655233048473, -12.521858339561295 ], [ 27.855482910077082, -12.521858339561295 ], [ 27.855310587105691, -12.521858339561295 ], [ 27.855138264134304, -12.521858339561295 ], [ 27.854965941162913, -12.521858339561295 ], [ 27.854793618191522, -12.521858339561295 ], [ 27.854621295220131, -12.521858339561295 ], [ 27.854448972248743, -12.521858339561295 ], [ 27.854276649277352, -12.521858339561295 ], [ 27.854104326305961, -12.52194450104699 ], [ 27.85393200333457, -12.52194450104699 ], [ 27.853759680363183, -12.522030662532684 ], [ 27.853587357391792, -12.522030662532684 ], [ 27.853415034420401, -12.522030662532684 ], [ 27.85324271144901, -12.522116824018379 ], [ 27.853070388477622, -12.522116824018379 ], [ 27.852811904020538, -12.522202985504075 ], [ 27.852639581049146, -12.522202985504075 ], [ 27.852467258077755, -12.522202985504075 ], [ 27.852294935106364, -12.522202985504075 ], [ 27.852122612134977, -12.522202985504075 ], [ 27.851950289163586, -12.522202985504075 ], [ 27.851777966192195, -12.52228914698977 ], [ 27.851605643220804, -12.522375308475464 ], [ 27.85151948173511, -12.522547631446855 ], [ 27.851347158763719, -12.522547631446855 ], [ 27.851260997278025, -12.522719954418244 ], [ 27.851088674306634, -12.522719954418244 ], [ 27.851002512820941, -12.522892277389635 ], [ 27.85083018984955, -12.522892277389635 ], [ 27.850744028363856, -12.523064600361025 ], [ 27.850571705392465, -12.523064600361025 ], [ 27.850571705392465, -12.523236923332416 ], [ 27.850399382421074, -12.523236923332416 ], [ 27.850227059449683, -12.523409246303805 ], [ 27.850054736478292, -12.5234954077895 ], [ 27.849882413506904, -12.523667730760891 ], [ 27.849710090535513, -12.523840053732281 ], [ 27.84962392904982, -12.524012376703672 ], [ 27.849537767564122, -12.524184699675061 ], [ 27.849365444592731, -12.524357022646452 ], [ 27.849279283107037, -12.524529345617841 ], [ 27.849193121621344, -12.524787830074928 ], [ 27.849193121621344, -12.524960153046317 ], [ 27.849020798649953, -12.525046314532013 ], [ 27.849020798649953, -12.525218637503402 ], [ 27.848934637164259, -12.525390960474793 ], [ 27.848934637164259, -12.525649444931878 ], [ 27.848848475678562, -12.525821767903269 ], [ 27.848762314192868, -12.525994090874658 ], [ 27.848676152707171, -12.526166413846049 ], [ 27.848589991221477, -12.526338736817438 ], [ 27.848589991221477, -12.526511059788829 ], [ 27.848503829735783, -12.526683382760218 ], [ 27.848503829735783, -12.526855705731609 ], [ 27.848331506764392, -12.527028028702999 ], [ 27.848331506764392, -12.52720035167439 ], [ 27.848245345278698, -12.527372674645779 ], [ 27.848159183793001, -12.52754499761717 ], [ 27.84798686082161, -12.52754499761717 ], [ 27.84798686082161, -12.527717320588559 ], [ 27.847900699335916, -12.52788964355995 ], [ 27.847728376364525, -12.527975805045644 ], [ 27.847556053393138, -12.528148128017035 ], [ 27.847556053393138, -12.528320450988424 ], [ 27.847383730421747, -12.52840661247412 ], [ 27.84729756893605, -12.528578935445511 ], [ 27.847211407450356, -12.5287512584169 ], [ 27.847125245964662, -12.528923581388291 ], [ 27.847039084478965, -12.52909590435968 ], [ 27.846866761507577, -12.529182065845376 ], [ 27.84678060002188, -12.529354388816765 ], [ 27.846694438536186, -12.529526711788156 ], [ 27.846608277050489, -12.529699034759545 ], [ 27.846435954079102, -12.529871357730936 ], [ 27.846263631107711, -12.530043680702327 ], [ 27.846091308136319, -12.530216003673717 ], [ 27.845918985164928, -12.530388326645108 ], [ 27.845832823679235, -12.530560649616497 ], [ 27.845746662193541, -12.530732972587888 ], [ 27.845660500707844, -12.530905295559277 ], [ 27.845488177736456, -12.531077618530668 ], [ 27.845402016250759, -12.531249941502058 ], [ 27.845315854765065, -12.531508425959142 ], [ 27.845143531793674, -12.531594587444838 ], [ 27.845143531793674, -12.531766910416229 ], [ 27.84505737030798, -12.531939233387618 ], [ 27.844885047336589, -12.532111556359009 ], [ 27.844798885850896, -12.532283879330398 ], [ 27.844712724365198, -12.532456202301789 ], [ 27.844540401393807, -12.532456202301789 ], [ 27.84436807842242, -12.532542363787483 ], [ 27.844195755451029, -12.532542363787483 ], [ 27.844023432479638, -12.532542363787483 ], [ 27.843764948022553, -12.532542363787483 ], [ 27.843592625051162, -12.532542363787483 ], [ 27.843420302079771, -12.532542363787483 ], [ 27.843247979108384, -12.532628525273179 ], [ 27.843075656136993, -12.532628525273179 ], [ 27.838939904823629, -12.532887009730263 ] ] ] ] } },
{ "type": "Feature", "properties": { "id": 2, "name": "chingolaOP", "status": "Active", "area_ha": 954.256 }, "geometry": { "type": "MultiPolygon", "coordinates": [ [ [ [ 27.823007481453043, -12.561044699013273 ], [ 27.822865710918016, -12.561044699013273 ], [ 27.822723940382993, -12.561044699013273 ], [ 27.822582169847966, -12.561044699013273 ], [ 27.822440399312939, -12.561044699013273 ], [ 27.822298628777911, -12.561044699013273 ], [ 27.822156858242888, -12.561044699013273 ], [ 27.822015087707861, -12.561044699013273 ], [ 27.821873317172834, -12.561044699013273 ], [ 27.821660661370295, -12.561044699013273 ], [ 27.821448005567756, -12.561044699013273 ], [ 27.821306235032729, -12.561044699013273 ], [ 27.821164464497702, -12.561044699013273 ], [ 27.821164464497702, -12.5611864695483 ], [ 27.82109357923019, -12.561328240083325 ], [ 27.82109357923019, -12.561470010618352 ], [ 27.82109357923019, -12.561611781153378 ], [ 27.82109357923019, -12.561753551688405 ], [ 27.82109357923019, -12.56189532222343 ], [ 27.821164464497702, -12.562037092758457 ], [ 27.821235349765217, -12.562178863293482 ], [ 27.821306235032729, -12.562391519096023 ], [ 27.821377120300241, -12.562533289631048 ], [ 27.821377120300241, -12.562675060166075 ], [ 27.821518890835268, -12.562745945433587 ], [ 27.821518890835268, -12.562887715968614 ], [ 27.821660661370295, -12.562958601236126 ], [ 27.821660661370295, -12.563100371771153 ], [ 27.821660661370295, -12.563242142306178 ], [ 27.821802431905322, -12.563313027573692 ], [ 27.821873317172834, -12.563454798108719 ], [ 27.821944202440346, -12.563596568643744 ], [ 27.822085972975373, -12.563667453911258 ], [ 27.822085972975373, -12.563809224446283 ], [ 27.8222277435104, -12.563880109713796 ], [ 27.8222277435104, -12.564021880248823 ], [ 27.822298628777911, -12.564163650783849 ], [ 27.822440399312939, -12.564234536051362 ], [ 27.82251128458045, -12.564376306586388 ], [ 27.822653055115477, -12.564376306586388 ], [ 27.822794825650504, -12.564447191853901 ], [ 27.822936596185531, -12.564447191853901 ], [ 27.823078366720555, -12.564447191853901 ], [ 27.823291022523097, -12.564518077121415 ], [ 27.823432793058121, -12.564518077121415 ], [ 27.823574563593148, -12.564588962388928 ], [ 27.823716334128175, -12.564588962388928 ], [ 27.823858104663199, -12.564588962388928 ], [ 27.823999875198226, -12.564730732923953 ], [ 27.824212531000764, -12.564730732923953 ], [ 27.824354301535791, -12.564801618191467 ], [ 27.824425186803303, -12.565014273994006 ], [ 27.824496072070819, -12.565156044529033 ], [ 27.82456695733833, -12.565297815064058 ], [ 27.824637842605846, -12.565439585599085 ], [ 27.824637842605846, -12.565581356134111 ], [ 27.824708727873357, -12.565794011936649 ], [ 27.824779613140869, -12.565935782471676 ], [ 27.824779613140869, -12.566077553006702 ], [ 27.824779613140869, -12.566219323541729 ], [ 27.824779613140869, -12.566361094076754 ], [ 27.824850498408384, -12.566573749879293 ], [ 27.824850498408384, -12.56671552041432 ], [ 27.824850498408384, -12.566928176216859 ], [ 27.824850498408384, -12.567069946751886 ], [ 27.824850498408384, -12.567211717286911 ], [ 27.824850498408384, -12.567353487821938 ], [ 27.824850498408384, -12.567495258356963 ], [ 27.824779613140869, -12.567637028891991 ], [ 27.824779613140869, -12.567778799427016 ], [ 27.824708727873357, -12.567920569962043 ], [ 27.824708727873357, -12.568062340497068 ], [ 27.824637842605846, -12.568204111032095 ], [ 27.82456695733833, -12.568345881567121 ], [ 27.824496072070819, -12.568487652102148 ], [ 27.824496072070819, -12.568629422637173 ], [ 27.824425186803303, -12.5687711931722 ], [ 27.824354301535791, -12.568912963707225 ], [ 27.82428341626828, -12.569054734242252 ], [ 27.824212531000764, -12.569196504777278 ], [ 27.824070760465741, -12.569267390044791 ], [ 27.823928989930714, -12.569338275312305 ], [ 27.823716334128175, -12.569550931114843 ], [ 27.823574563593148, -12.569692701649869 ], [ 27.823432793058121, -12.569763586917382 ], [ 27.823291022523097, -12.569905357452409 ], [ 27.82314925198807, -12.569976242719921 ], [ 27.823078366720555, -12.570118013254948 ], [ 27.822865710918016, -12.570118013254948 ], [ 27.822723940382993, -12.570259783789973 ], [ 27.822582169847966, -12.570401554325001 ], [ 27.822440399312939, -12.570401554325001 ], [ 27.8222277435104, -12.570472439592512 ], [ 27.822085972975373, -12.570543324860026 ], [ 27.821944202440346, -12.570614210127539 ], [ 27.821731546637807, -12.570685095395053 ], [ 27.821589776102783, -12.570755980662565 ], [ 27.821448005567756, -12.570897751197592 ], [ 27.821235349765217, -12.570968636465105 ], [ 27.82109357923019, -12.57111040700013 ], [ 27.820951808695163, -12.57111040700013 ], [ 27.820810038160136, -12.571181292267644 ], [ 27.820668267625113, -12.571252177535158 ], [ 27.820526497090086, -12.571252177535158 ], [ 27.820313841287547, -12.571393948070183 ], [ 27.820101185485008, -12.57153571860521 ], [ 27.819959414949981, -12.571606603872722 ], [ 27.819888529682469, -12.571748374407749 ], [ 27.819746759147442, -12.571748374407749 ], [ 27.819604988612415, -12.571819259675262 ], [ 27.819463218077388, -12.571890144942774 ], [ 27.819250562274849, -12.571890144942774 ], [ 27.818967021204799, -12.572031915477801 ], [ 27.818825250669772, -12.572102800745315 ], [ 27.818683480134744, -12.572102800745315 ], [ 27.818541709599721, -12.572102800745315 ], [ 27.818399939064694, -12.572102800745315 ], [ 27.818258168529667, -12.572173686012826 ], [ 27.81811639799464, -12.572173686012826 ], [ 27.817903742192101, -12.57224457128034 ], [ 27.817761971657074, -12.57224457128034 ], [ 27.81762020112205, -12.57224457128034 ], [ 27.817478430587023, -12.57224457128034 ], [ 27.817407545319512, -12.572386341815367 ], [ 27.817265774784484, -12.572386341815367 ], [ 27.817124004249457, -12.572386341815367 ], [ 27.81698223371443, -12.572457227082879 ], [ 27.816911348446919, -12.572598997617906 ], [ 27.81669869264438, -12.572669882885419 ], [ 27.816556922109353, -12.572882538687958 ], [ 27.816415151574326, -12.572882538687958 ], [ 27.816273381039302, -12.572953423955472 ], [ 27.816131610504275, -12.572953423955472 ], [ 27.815989839969248, -12.572953423955472 ], [ 27.815848069434221, -12.572953423955472 ], [ 27.815706298899197, -12.572953423955472 ], [ 27.81556452836417, -12.572953423955472 ], [ 27.815422757829143, -12.572953423955472 ], [ 27.815280987294116, -12.572882538687958 ], [ 27.815139216759093, -12.572811653420445 ], [ 27.814997446224066, -12.572740768152931 ], [ 27.814855675689039, -12.572669882885419 ], [ 27.8146430198865, -12.572598997617906 ], [ 27.814572134618988, -12.572457227082879 ], [ 27.814430364083961, -12.572386341815367 ], [ 27.814217708281422, -12.572315456547853 ], [ 27.814005052478883, -12.57224457128034 ], [ 27.813863281943856, -12.572173686012826 ], [ 27.813721511408829, -12.572031915477801 ], [ 27.813437970338779, -12.571890144942774 ], [ 27.813296199803752, -12.571819259675262 ], [ 27.813154429268724, -12.571677489140235 ], [ 27.813012658733697, -12.571606603872722 ], [ 27.812870888198674, -12.571464833337696 ], [ 27.812870888198674, -12.571323062802669 ], [ 27.812800002931159, -12.571181292267644 ], [ 27.812658232396135, -12.57111040700013 ], [ 27.812658232396135, -12.570968636465105 ], [ 27.81258734712862, -12.570755980662565 ], [ 27.812445576593596, -12.570543324860026 ], [ 27.812374691326081, -12.570401554325001 ], [ 27.812303806058569, -12.570259783789973 ], [ 27.812303806058569, -12.570118013254948 ], [ 27.812162035523542, -12.569905357452409 ], [ 27.81209115025603, -12.569763586917382 ], [ 27.812020264988515, -12.569621816382357 ], [ 27.811949379721003, -12.569267390044791 ], [ 27.811878494453492, -12.569125619509764 ], [ 27.811878494453492, -12.568983848974739 ], [ 27.811736723918465, -12.568983848974739 ], [ 27.811736723918465, -12.568842078439712 ], [ 27.811736723918465, -12.568700307904686 ], [ 27.811594953383437, -12.568700307904686 ], [ 27.811594953383437, -12.568558537369659 ], [ 27.811524068115926, -12.568416766834634 ], [ 27.811382297580899, -12.568274996299607 ], [ 27.811240527045872, -12.568204111032095 ], [ 27.811098756510845, -12.568133225764582 ], [ 27.810956985975821, -12.568133225764582 ], [ 27.810886100708306, -12.567991455229555 ], [ 27.810744330173282, -12.567920569962043 ], [ 27.810602559638255, -12.567920569962043 ], [ 27.810460789103228, -12.567849684694529 ], [ 27.810319018568201, -12.567778799427016 ], [ 27.81003547749815, -12.567637028891991 ], [ 27.809822821695612, -12.567495258356963 ], [ 27.809681051160585, -12.567353487821938 ], [ 27.809539280625557, -12.567282602554425 ], [ 27.80939751009053, -12.567282602554425 ], [ 27.809184854287992, -12.567069946751886 ], [ 27.808972198485453, -12.566928176216859 ], [ 27.808901313217941, -12.56671552041432 ], [ 27.808830427950429, -12.566573749879293 ], [ 27.808688657415402, -12.566431979344268 ], [ 27.808617772147887, -12.566219323541729 ], [ 27.808617772147887, -12.566077553006702 ], [ 27.808476001612863, -12.565864897204163 ], [ 27.808405116345348, -12.565723126669138 ], [ 27.808263345810325, -12.565581356134111 ], [ 27.808263345810325, -12.565439585599085 ], [ 27.808050690007782, -12.565297815064058 ], [ 27.808050690007782, -12.565156044529033 ], [ 27.80797980474027, -12.565014273994006 ], [ 27.807838034205243, -12.564872503458981 ], [ 27.807767148937732, -12.564730732923953 ], [ 27.807625378402705, -12.56465984765644 ], [ 27.807483607867677, -12.564518077121415 ], [ 27.807270952065139, -12.564447191853901 ], [ 27.8070582962626, -12.564305421318876 ], [ 27.806916525727573, -12.564234536051362 ], [ 27.806774755192549, -12.564163650783849 ], [ 27.806632984657522, -12.564092765516335 ], [ 27.806491214122495, -12.564021880248823 ], [ 27.806349443587468, -12.564021880248823 ], [ 27.806207673052445, -12.563880109713796 ], [ 27.806065902517417, -12.563880109713796 ], [ 27.805853246714879, -12.563738339178771 ], [ 27.805711476179852, -12.563738339178771 ], [ 27.805569705644825, -12.563596568643744 ], [ 27.805427935109801, -12.563596568643744 ], [ 27.805286164574774, -12.563596568643744 ], [ 27.805144394039747, -12.563454798108719 ], [ 27.804931738237208, -12.563383912841205 ], [ 27.804789967702181, -12.563313027573692 ], [ 27.804648197167158, -12.563171257038666 ], [ 27.80450642663213, -12.563100371771153 ], [ 27.80450642663213, -12.562958601236126 ], [ 27.804364656097103, -12.562958601236126 ], [ 27.804364656097103, -12.562816830701101 ], [ 27.804364656097103, -12.562675060166075 ], [ 27.804364656097103, -12.562533289631048 ], [ 27.804222885562076, -12.562462404363535 ], [ 27.804222885562076, -12.562320633828509 ], [ 27.804081115027053, -12.562178863293482 ], [ 27.804081115027053, -12.562037092758457 ], [ 27.804010229759538, -12.56189532222343 ], [ 27.803939344492026, -12.561753551688405 ], [ 27.803939344492026, -12.561611781153378 ], [ 27.803939344492026, -12.561470010618352 ], [ 27.803939344492026, -12.561044699013273 ], [ 27.804010229759538, -12.560761157943221 ], [ 27.804081115027053, -12.560548502140682 ], [ 27.804081115027053, -12.560406731605656 ], [ 27.804081115027053, -12.560264961070629 ], [ 27.804152000294565, -12.560123190535604 ], [ 27.804293770829592, -12.559910534733064 ], [ 27.804364656097103, -12.559768764198038 ], [ 27.804364656097103, -12.559626993663011 ], [ 27.804364656097103, -12.559485223127986 ], [ 27.804364656097103, -12.559343452592959 ], [ 27.804435541364615, -12.559201682057934 ], [ 27.804435541364615, -12.559059911522908 ], [ 27.80450642663213, -12.558847255720368 ], [ 27.804577311899642, -12.558634599917829 ], [ 27.804648197167158, -12.558492829382804 ], [ 27.804648197167158, -12.558351058847776 ], [ 27.804648197167158, -12.558209288312751 ], [ 27.804789967702181, -12.558138403045238 ], [ 27.804860852969696, -12.557925747242699 ], [ 27.804931738237208, -12.557783976707672 ], [ 27.805073508772235, -12.557642206172646 ], [ 27.805215279307259, -12.557500435637619 ], [ 27.805215279307259, -12.557358665102594 ], [ 27.805357049842286, -12.557287779835081 ], [ 27.805357049842286, -12.557146009300054 ], [ 27.805498820377313, -12.557075124032542 ], [ 27.805498820377313, -12.556933353497515 ], [ 27.805498820377313, -12.556791582962489 ], [ 27.80564059091234, -12.556720697694976 ], [ 27.80564059091234, -12.556578927159949 ], [ 27.805782361447363, -12.556437156624924 ], [ 27.805782361447363, -12.556295386089896 ], [ 27.80592413198239, -12.556224500822385 ], [ 27.805995017249906, -12.556082730287358 ], [ 27.806065902517417, -12.555940959752332 ], [ 27.806207673052445, -12.555870074484819 ], [ 27.806278558319956, -12.555728303949792 ], [ 27.806420328854983, -12.555586533414766 ], [ 27.80656209939001, -12.555515648147253 ], [ 27.806703869925034, -12.555515648147253 ], [ 27.806845640460061, -12.555515648147253 ], [ 27.806987410995088, -12.555586533414766 ], [ 27.807129181530115, -12.555586533414766 ], [ 27.807270952065139, -12.555586533414766 ], [ 27.807341837332654, -12.555444762879741 ], [ 27.807341837332654, -12.555302992344714 ], [ 27.807483607867677, -12.555302992344714 ], [ 27.807483607867677, -12.555161221809689 ], [ 27.807270952065139, -12.555090336542175 ], [ 27.806987410995088, -12.555090336542175 ], [ 27.806845640460061, -12.555019451274662 ], [ 27.806703869925034, -12.555019451274662 ], [ 27.80656209939001, -12.555019451274662 ], [ 27.806420328854983, -12.554948566007148 ], [ 27.806278558319956, -12.554948566007148 ], [ 27.806136787784929, -12.554948566007148 ], [ 27.806065902517417, -12.554806795472123 ], [ 27.80592413198239, -12.554806795472123 ], [ 27.805782361447363, -12.554806795472123 ], [ 27.80564059091234, -12.554806795472123 ], [ 27.805498820377313, -12.554735910204609 ], [ 27.805357049842286, -12.554594139669584 ], [ 27.805215279307259, -12.554523254402071 ], [ 27.804931738237208, -12.554310598599532 ], [ 27.804719082434669, -12.554168828064505 ], [ 27.804719082434669, -12.554027057529479 ], [ 27.804577311899642, -12.553956172261966 ], [ 27.80450642663213, -12.553814401726939 ], [ 27.804435541364615, -12.553672631191914 ], [ 27.804293770829592, -12.5536017459244 ], [ 27.804293770829592, -12.553459975389375 ], [ 27.804152000294565, -12.553389090121861 ], [ 27.804081115027053, -12.553247319586834 ], [ 27.804010229759538, -12.553105549051809 ], [ 27.80386845922451, -12.553034663784295 ], [ 27.803797573956999, -12.55289289324927 ], [ 27.803655803421972, -12.552680237446729 ], [ 27.803514032886948, -12.552538466911704 ], [ 27.803514032886948, -12.552396696376677 ], [ 27.803514032886948, -12.552254925841652 ], [ 27.803372262351921, -12.552113155306625 ], [ 27.803372262351921, -12.551971384771599 ], [ 27.803230491816894, -12.551900499504086 ], [ 27.803230491816894, -12.551758728969061 ], [ 27.803159606549382, -12.551616958434034 ], [ 27.803088721281867, -12.551475187899008 ], [ 27.803017836014355, -12.551333417363981 ], [ 27.803017836014355, -12.551191646828956 ], [ 27.803017836014355, -12.551049876293929 ], [ 27.803017836014355, -12.550908105758904 ], [ 27.803017836014355, -12.550766335223877 ], [ 27.803017836014355, -12.550553679421338 ], [ 27.803017836014355, -12.550411908886312 ], [ 27.803017836014355, -12.550270138351285 ], [ 27.803017836014355, -12.55012836781626 ], [ 27.803017836014355, -12.549986597281233 ], [ 27.803088721281867, -12.549844826746208 ], [ 27.803088721281867, -12.549703056211181 ], [ 27.803159606549382, -12.549490400408642 ], [ 27.803159606549382, -12.549348629873615 ], [ 27.803159606549382, -12.549206859338589 ], [ 27.803230491816894, -12.549065088803562 ], [ 27.803230491816894, -12.548852433001024 ], [ 27.803372262351921, -12.548710662465998 ], [ 27.803372262351921, -12.548568891930971 ], [ 27.803443147619433, -12.548427121395946 ], [ 27.803514032886948, -12.548285350860919 ], [ 27.803514032886948, -12.548143580325894 ], [ 27.80358491815446, -12.548001809790867 ], [ 27.803655803421972, -12.547860039255841 ], [ 27.803797573956999, -12.547718268720814 ], [ 27.803797573956999, -12.547576498185789 ], [ 27.803939344492026, -12.547505612918275 ], [ 27.804081115027053, -12.547434727650762 ], [ 27.804152000294565, -12.547292957115737 ], [ 27.804222885562076, -12.547151186580709 ], [ 27.804293770829592, -12.547009416045684 ], [ 27.804364656097103, -12.546867645510657 ], [ 27.804364656097103, -12.546725874975632 ], [ 27.804435541364615, -12.546584104440605 ], [ 27.80450642663213, -12.54644233390558 ], [ 27.804577311899642, -12.546300563370552 ], [ 27.804648197167158, -12.546158792835527 ], [ 27.804719082434669, -12.5460170223005 ], [ 27.804860852969696, -12.545946137032988 ], [ 27.804860852969696, -12.545804366497961 ], [ 27.804931738237208, -12.545662595962936 ], [ 27.804931738237208, -12.545520825427909 ], [ 27.805073508772235, -12.545449940160395 ], [ 27.805144394039747, -12.54530816962537 ], [ 27.805215279307259, -12.545166399090343 ], [ 27.805215279307259, -12.545024628555318 ], [ 27.805357049842286, -12.544882858020291 ], [ 27.805498820377313, -12.544670202217752 ], [ 27.805498820377313, -12.544528431682727 ], [ 27.80564059091234, -12.544315775880188 ], [ 27.805711476179852, -12.544174005345161 ], [ 27.805782361447363, -12.544032234810135 ], [ 27.805853246714879, -12.543890464275108 ], [ 27.805995017249906, -12.543890464275108 ], [ 27.806065902517417, -12.543748693740083 ], [ 27.806207673052445, -12.543748693740083 ], [ 27.806349443587468, -12.543748693740083 ], [ 27.806491214122495, -12.543819579007595 ], [ 27.806632984657522, -12.543819579007595 ], [ 27.806774755192549, -12.543819579007595 ], [ 27.806916525727573, -12.543748693740083 ], [ 27.8070582962626, -12.543748693740083 ], [ 27.807200066797627, -12.54367780847257 ], [ 27.807341837332654, -12.543606923205056 ], [ 27.807483607867677, -12.543606923205056 ], [ 27.807483607867677, -12.543465152670031 ], [ 27.807625378402705, -12.543465152670031 ], [ 27.807767148937732, -12.543465152670031 ], [ 27.807908919472759, -12.543394267402517 ], [ 27.808050690007782, -12.543323382135004 ], [ 27.808192460542809, -12.54325249686749 ], [ 27.808334231077836, -12.543181611599978 ], [ 27.808476001612863, -12.543181611599978 ], [ 27.808476001612863, -12.543039841064951 ], [ 27.808617772147887, -12.543039841064951 ], [ 27.808759542682914, -12.542968955797438 ], [ 27.808901313217941, -12.542898070529926 ], [ 27.809043083752968, -12.542827185262412 ], [ 27.809184854287992, -12.542756299994899 ], [ 27.809184854287992, -12.542614529459874 ], [ 27.809326624823019, -12.542614529459874 ], [ 27.809468395358046, -12.542472758924847 ], [ 27.809610165893073, -12.542472758924847 ], [ 27.809822821695612, -12.542330988389821 ], [ 27.81003547749815, -12.542260103122308 ], [ 27.810177248033177, -12.542260103122308 ], [ 27.810319018568201, -12.542189217854794 ], [ 27.810389903835716, -12.542047447319769 ], [ 27.81053167437074, -12.542047447319769 ], [ 27.810673444905767, -12.542047447319769 ], [ 27.810815215440794, -12.541976562052255 ], [ 27.810956985975821, -12.541905676784742 ], [ 27.811098756510845, -12.541834791517228 ], [ 27.811240527045872, -12.541763906249717 ], [ 27.811382297580899, -12.541693020982203 ], [ 27.81145318284841, -12.541551250447176 ], [ 27.811594953383437, -12.541480365179664 ], [ 27.811736723918465, -12.541480365179664 ], [ 27.811807609185976, -12.541338594644637 ], [ 27.811949379721003, -12.541267709377124 ], [ 27.81209115025603, -12.541196824109612 ], [ 27.812232920791054, -12.541196824109612 ], [ 27.812445576593596, -12.541055053574585 ], [ 27.81258734712862, -12.541055053574585 ], [ 27.812729117663647, -12.541055053574585 ], [ 27.812870888198674, -12.541055053574585 ], [ 27.813012658733697, -12.541055053574585 ], [ 27.813154429268724, -12.541055053574585 ], [ 27.813296199803752, -12.541055053574585 ], [ 27.813437970338779, -12.541055053574585 ], [ 27.813579740873802, -12.541055053574585 ], [ 27.813721511408829, -12.541055053574585 ], [ 27.813863281943856, -12.541055053574585 ], [ 27.814005052478883, -12.541055053574585 ], [ 27.814075937746395, -12.541196824109612 ], [ 27.814217708281422, -12.541196824109612 ], [ 27.814359478816449, -12.541267709377124 ], [ 27.814501249351473, -12.541338594644637 ], [ 27.814501249351473, -12.541480365179664 ], [ 27.8146430198865, -12.541480365179664 ], [ 27.8146430198865, -12.54162213571469 ], [ 27.814784790421527, -12.54162213571469 ], [ 27.814784790421527, -12.541763906249717 ], [ 27.814855675689039, -12.541905676784742 ], [ 27.814855675689039, -12.542047447319769 ], [ 27.814855675689039, -12.542189217854794 ], [ 27.814855675689039, -12.542330988389821 ], [ 27.814855675689039, -12.542472758924847 ], [ 27.814855675689039, -12.542614529459874 ], [ 27.814855675689039, -12.542756299994899 ], [ 27.814926560956554, -12.542898070529926 ], [ 27.814926560956554, -12.543039841064951 ], [ 27.814926560956554, -12.543181611599978 ], [ 27.814997446224066, -12.543394267402517 ], [ 27.814997446224066, -12.543606923205056 ], [ 27.815068331491577, -12.543819579007595 ], [ 27.815068331491577, -12.543961349542622 ], [ 27.815068331491577, -12.544244890612674 ], [ 27.815068331491577, -12.5443866611477 ], [ 27.815068331491577, -12.544599316950238 ], [ 27.815068331491577, -12.544741087485265 ], [ 27.815068331491577, -12.544882858020291 ], [ 27.815068331491577, -12.545024628555318 ], [ 27.815068331491577, -12.545166399090343 ], [ 27.815068331491577, -12.54530816962537 ], [ 27.815139216759093, -12.545449940160395 ], [ 27.815280987294116, -12.545520825427909 ], [ 27.815422757829143, -12.545520825427909 ], [ 27.81556452836417, -12.545520825427909 ], [ 27.815706298899197, -12.545449940160395 ], [ 27.815706298899197, -12.54530816962537 ], [ 27.815848069434221, -12.545166399090343 ], [ 27.815918954701736, -12.545024628555318 ], [ 27.815989839969248, -12.544882858020291 ], [ 27.816060725236763, -12.544741087485265 ], [ 27.816131610504275, -12.544599316950238 ], [ 27.816273381039302, -12.544528431682727 ], [ 27.816273381039302, -12.5443866611477 ], [ 27.816344266306814, -12.544244890612674 ], [ 27.816486036841841, -12.544174005345161 ], [ 27.816556922109353, -12.544032234810135 ], [ 27.81669869264438, -12.544032234810135 ], [ 27.816840463179407, -12.543961349542622 ], [ 27.816840463179407, -12.543819579007595 ], [ 27.81698223371443, -12.543748693740083 ], [ 27.817124004249457, -12.543748693740083 ], [ 27.817265774784484, -12.543606923205056 ], [ 27.817407545319512, -12.543536037937542 ], [ 27.817549315854535, -12.543465152670031 ], [ 27.817691086389562, -12.543394267402517 ], [ 27.817691086389562, -12.54325249686749 ], [ 27.817832856924589, -12.54325249686749 ], [ 27.817974627459616, -12.543181611599978 ], [ 27.818045512727128, -12.543039841064951 ], [ 27.818187283262155, -12.542968955797438 ], [ 27.818329053797179, -12.542827185262412 ], [ 27.818541709599721, -12.542756299994899 ], [ 27.818683480134744, -12.542614529459874 ], [ 27.818825250669772, -12.54254364419236 ], [ 27.818896135937283, -12.542401873657333 ], [ 27.81903790647231, -12.542330988389821 ], [ 27.819108791739826, -12.542189217854794 ], [ 27.819179677007337, -12.542047447319769 ], [ 27.819321447542364, -12.542047447319769 ], [ 27.819392332809876, -12.541905676784742 ], [ 27.819534103344903, -12.541905676784742 ], [ 27.81967587387993, -12.541763906249717 ], [ 27.819817644414954, -12.541763906249717 ], [ 27.819959414949981, -12.541763906249717 ], [ 27.820101185485008, -12.541693020982203 ], [ 27.820242956020031, -12.541693020982203 ], [ 27.820384726555059, -12.54162213571469 ], [ 27.820526497090086, -12.54162213571469 ], [ 27.820739152892624, -12.541551250447176 ], [ 27.820951808695163, -12.541551250447176 ], [ 27.82109357923019, -12.541551250447176 ], [ 27.821235349765217, -12.541480365179664 ], [ 27.821377120300241, -12.541480365179664 ], [ 27.821377120300241, -12.541267709377124 ], [ 27.821518890835268, -12.541267709377124 ], [ 27.821660661370295, -12.541196824109612 ], [ 27.821660661370295, -12.540984168307071 ], [ 27.821802431905322, -12.54091328303956 ], [ 27.821873317172834, -12.540771512504532 ], [ 27.821944202440346, -12.540629741969507 ], [ 27.822015087707861, -12.54048797143448 ], [ 27.822156858242888, -12.540346200899455 ], [ 27.822156858242888, -12.540204430364428 ], [ 27.8222277435104, -12.540062659829402 ], [ 27.8222277435104, -12.539920889294375 ], [ 27.822369514045427, -12.539850004026864 ], [ 27.822440399312939, -12.539708233491837 ], [ 27.82251128458045, -12.539566462956811 ], [ 27.822582169847966, -12.539424692421784 ], [ 27.822653055115477, -12.539282921886759 ], [ 27.822723940382993, -12.539141151351732 ], [ 27.822794825650504, -12.538999380816707 ], [ 27.822865710918016, -12.53885761028168 ], [ 27.822936596185531, -12.538715839746654 ], [ 27.823078366720555, -12.538574069211627 ], [ 27.823078366720555, -12.538432298676602 ], [ 27.82314925198807, -12.538290528141575 ], [ 27.823220137255582, -12.53814875760655 ], [ 27.823361907790609, -12.538077872339036 ], [ 27.823432793058121, -12.537936101804009 ], [ 27.82364544886066, -12.537794331268984 ], [ 27.82364544886066, -12.537652560733957 ], [ 27.823787219395687, -12.537652560733957 ], [ 27.823928989930714, -12.53772344600147 ], [ 27.824141645733253, -12.53772344600147 ], [ 27.824212531000764, -12.537581675466445 ], [ 27.824354301535791, -12.537581675466445 ], [ 27.824496072070819, -12.537581675466445 ], [ 27.824637842605846, -12.537510790198931 ], [ 27.824779613140869, -12.537510790198931 ], [ 27.824921383675896, -12.537510790198931 ], [ 27.825063154210923, -12.537510790198931 ], [ 27.82520492474595, -12.537439904931418 ], [ 27.825346695280974, -12.537439904931418 ], [ 27.825488465816001, -12.537439904931418 ], [ 27.825630236351028, -12.537439904931418 ], [ 27.825772006886055, -12.537369019663904 ], [ 27.825913777421079, -12.537298134396393 ], [ 27.826055547956106, -12.537298134396393 ], [ 27.826197318491133, -12.537227249128879 ], [ 27.826409974293671, -12.537227249128879 ], [ 27.826480859561183, -12.537085478593852 ], [ 27.82662263009621, -12.53701459332634 ], [ 27.826764400631237, -12.536943708058827 ], [ 27.826906171166264, -12.536943708058827 ], [ 27.827047941701288, -12.536943708058827 ], [ 27.827189712236315, -12.536943708058827 ], [ 27.827331482771342, -12.536872822791313 ], [ 27.827473253306366, -12.536801937523801 ], [ 27.827615023841393, -12.536731052256288 ], [ 27.82775679437642, -12.536731052256288 ], [ 27.827898564911447, -12.536731052256288 ], [ 27.82804033544647, -12.536731052256288 ], [ 27.828182105981497, -12.536660166988774 ], [ 27.828394761784036, -12.536660166988774 ], [ 27.828536532319063, -12.536589281721261 ], [ 27.82867830285409, -12.536589281721261 ], [ 27.828820073389117, -12.536589281721261 ], [ 27.828961843924141, -12.536518396453749 ], [ 27.829103614459168, -12.536447511186235 ], [ 27.829245384994195, -12.536447511186235 ], [ 27.829387155529222, -12.536376625918722 ], [ 27.829528926064246, -12.536376625918722 ], [ 27.829670696599273, -12.536376625918722 ], [ 27.8298124671343, -12.536376625918722 ], [ 27.829954237669327, -12.536305740651208 ], [ 27.830025122936838, -12.536163970116183 ], [ 27.829883352401811, -12.53609308484867 ], [ 27.829741581866784, -12.535951314313644 ], [ 27.829599811331761, -12.535809543778617 ], [ 27.829458040796734, -12.535738658511104 ], [ 27.829458040796734, -12.535596887976078 ], [ 27.829387155529222, -12.535455117441051 ], [ 27.829316270261707, -12.535313346906026 ], [ 27.82917449972668, -12.535242461638513 ], [ 27.829032729191656, -12.535242461638513 ], [ 27.828890958656629, -12.535171576370999 ], [ 27.828749188121602, -12.535029805835974 ], [ 27.828607417586575, -12.535029805835974 ], [ 27.828465647051551, -12.53495892056846 ], [ 27.828323876516524, -12.534888035300947 ], [ 27.828182105981497, -12.534817150033435 ], [ 27.828111220713986, -12.534675379498408 ], [ 27.827969450178959, -12.534675379498408 ], [ 27.827827679643931, -12.534604494230894 ], [ 27.827685909108908, -12.534604494230894 ], [ 27.827544138573881, -12.534675379498408 ], [ 27.827402368038854, -12.534675379498408 ], [ 27.827260597503827, -12.534746264765921 ], [ 27.827118826968803, -12.534817150033435 ], [ 27.826906171166264, -12.534817150033435 ], [ 27.826764400631237, -12.534817150033435 ], [ 27.826551744828699, -12.534746264765921 ], [ 27.826409974293671, -12.534675379498408 ], [ 27.826268203758644, -12.534675379498408 ], [ 27.826126433223617, -12.534604494230894 ], [ 27.826055547956106, -12.534462723695869 ], [ 27.825913777421079, -12.534462723695869 ], [ 27.825913777421079, -12.534320953160842 ], [ 27.825842892153567, -12.534179182625817 ], [ 27.825842892153567, -12.53403741209079 ], [ 27.825842892153567, -12.533895641555764 ], [ 27.825842892153567, -12.533753871020737 ], [ 27.825913777421079, -12.533541215218198 ], [ 27.825913777421079, -12.53332855941566 ], [ 27.825984662688594, -12.533115903613121 ], [ 27.825984662688594, -12.532974133078094 ], [ 27.826126433223617, -12.532903247810582 ], [ 27.826197318491133, -12.532761477275555 ], [ 27.82633908902616, -12.53261970674053 ], [ 27.826480859561183, -12.532477936205503 ], [ 27.82662263009621, -12.532336165670477 ], [ 27.826764400631237, -12.532265280402964 ], [ 27.826835285898749, -12.532123509867937 ], [ 27.826835285898749, -12.531981739332911 ], [ 27.826835285898749, -12.531769083530373 ], [ 27.826977056433776, -12.531627312995345 ], [ 27.826977056433776, -12.53148554246032 ], [ 27.826977056433776, -12.531343771925293 ], [ 27.826977056433776, -12.531202001390268 ], [ 27.827047941701288, -12.531060230855241 ], [ 27.827047941701288, -12.530847575052702 ], [ 27.827189712236315, -12.530776689785188 ], [ 27.827331482771342, -12.53056403398265 ], [ 27.827402368038854, -12.530422263447623 ], [ 27.827544138573881, -12.530422263447623 ], [ 27.827685909108908, -12.530351378180111 ], [ 27.827827679643931, -12.530422263447623 ], [ 27.827969450178959, -12.530422263447623 ], [ 27.828111220713986, -12.530422263447623 ], [ 27.828252991249013, -12.530493148715136 ], [ 27.828394761784036, -12.530493148715136 ], [ 27.828536532319063, -12.530493148715136 ], [ 27.82867830285409, -12.530493148715136 ], [ 27.828820073389117, -12.530422263447623 ], [ 27.828961843924141, -12.530351378180111 ], [ 27.829032729191656, -12.530209607645084 ], [ 27.829103614459168, -12.530067837110058 ], [ 27.829245384994195, -12.530067837110058 ], [ 27.829316270261707, -12.529926066575031 ], [ 27.829458040796734, -12.529855181307518 ], [ 27.829599811331761, -12.529784296040006 ], [ 27.829670696599273, -12.529642525504979 ], [ 27.8298124671343, -12.529642525504979 ], [ 27.829954237669327, -12.529571640237466 ], [ 27.83009600820435, -12.529571640237466 ], [ 27.830237778739377, -12.529571640237466 ], [ 27.830379549274404, -12.529571640237466 ], [ 27.830521319809431, -12.529571640237466 ], [ 27.830663090344455, -12.529571640237466 ], [ 27.830804860879482, -12.529571640237466 ], [ 27.830946631414509, -12.529642525504979 ], [ 27.831088401949536, -12.529713410772493 ], [ 27.83123017248456, -12.529713410772493 ], [ 27.831371943019587, -12.529784296040006 ], [ 27.831513713554614, -12.529784296040006 ], [ 27.831655484089637, -12.529855181307518 ], [ 27.831797254624664, -12.529855181307518 ], [ 27.831939025159691, -12.529855181307518 ], [ 27.83215168096223, -12.529926066575031 ], [ 27.832293451497257, -12.529996951842545 ], [ 27.832435222032284, -12.529996951842545 ], [ 27.832647877834823, -12.530067837110058 ], [ 27.832789648369847, -12.53013872237757 ], [ 27.832931418904874, -12.53013872237757 ], [ 27.833002304172389, -12.530280492912597 ], [ 27.833144074707413, -12.530351378180111 ], [ 27.83328584524244, -12.530422263447623 ], [ 27.833427615777467, -12.53056403398265 ], [ 27.833569386312494, -12.530634919250163 ], [ 27.833640271580006, -12.530776689785188 ], [ 27.833782042115033, -12.530847575052702 ], [ 27.833852927382544, -12.530989345587727 ], [ 27.833994697917571, -12.531060230855241 ], [ 27.834065583185083, -12.531202001390268 ], [ 27.834136468452598, -12.531343771925293 ], [ 27.834278238987622, -12.531414657192807 ], [ 27.834349124255137, -12.531556427727832 ], [ 27.834490894790161, -12.531627312995345 ], [ 27.834632665325188, -12.531698198262859 ], [ 27.834774435860215, -12.531769083530373 ], [ 27.834916206395242, -12.531769083530373 ], [ 27.835128862197781, -12.531839968797884 ], [ 27.83534151800032, -12.531910854065398 ], [ 27.835483288535347, -12.531910854065398 ], [ 27.83562505907037, -12.531981739332911 ], [ 27.835766829605397, -12.532052624600425 ], [ 27.835979485407936, -12.531981739332911 ], [ 27.836121255942963, -12.531981739332911 ], [ 27.83626302647799, -12.532123509867937 ], [ 27.836333911745502, -12.532265280402964 ], [ 27.836404797013014, -12.532407050937989 ], [ 27.836546567548041, -12.532477936205503 ], [ 27.836688338083068, -12.532548821473016 ], [ 27.836688338083068, -12.532690592008041 ], [ 27.836830108618095, -12.532690592008041 ], [ 27.836900993885607, -12.532832362543068 ], [ 27.837042764420634, -12.532974133078094 ], [ 27.837113649688146, -12.533115903613121 ], [ 27.837184534955661, -12.533257674148146 ], [ 27.837255420223173, -12.533470329950685 ], [ 27.837255420223173, -12.533682985753225 ], [ 27.837255420223173, -12.533824756288251 ], [ 27.837255420223173, -12.534108297358303 ], [ 27.837255420223173, -12.53425006789333 ], [ 27.837255420223173, -12.534391838428355 ], [ 27.837255420223173, -12.534604494230894 ], [ 27.837255420223173, -12.534888035300947 ], [ 27.837255420223173, -12.535171576370999 ], [ 27.837255420223173, -12.535313346906026 ], [ 27.837255420223173, -12.535455117441051 ], [ 27.837255420223173, -12.535596887976078 ], [ 27.837255420223173, -12.535738658511104 ], [ 27.837255420223173, -12.535951314313644 ], [ 27.837255420223173, -12.53609308484867 ], [ 27.837255420223173, -12.536234855383697 ], [ 27.837255420223173, -12.536376625918722 ], [ 27.837255420223173, -12.536518396453749 ], [ 27.837255420223173, -12.536660166988774 ], [ 27.837255420223173, -12.536801937523801 ], [ 27.837326305490684, -12.536943708058827 ], [ 27.837326305490684, -12.537085478593852 ], [ 27.837326305490684, -12.537298134396393 ], [ 27.837255420223173, -12.537510790198931 ], [ 27.837184534955661, -12.537652560733957 ], [ 27.837042764420634, -12.53772344600147 ], [ 27.836900993885607, -12.537865216536497 ], [ 27.83675922335058, -12.537865216536497 ], [ 27.836617452815556, -12.538006987071523 ], [ 27.836475682280529, -12.538077872339036 ], [ 27.836333911745502, -12.538077872339036 ], [ 27.836192141210475, -12.538077872339036 ], [ 27.836121255942963, -12.538219642874061 ], [ 27.835979485407936, -12.538290528141575 ], [ 27.835837714872909, -12.538290528141575 ], [ 27.835695944337886, -12.538432298676602 ], [ 27.835554173802858, -12.538503183944114 ], [ 27.835483288535347, -12.538644954479141 ], [ 27.83534151800032, -12.538644954479141 ], [ 27.835270632732804, -12.538786725014166 ], [ 27.835128862197781, -12.538928495549193 ], [ 27.834987091662754, -12.538928495549193 ], [ 27.834703550592703, -12.539141151351732 ], [ 27.834561780057676, -12.539212036619245 ], [ 27.834420009522649, -12.539282921886759 ], [ 27.834420009522649, -12.539424692421784 ], [ 27.834349124255137, -12.539566462956811 ], [ 27.834278238987622, -12.539708233491837 ], [ 27.834278238987622, -12.539850004026864 ], [ 27.834278238987622, -12.539991774561889 ], [ 27.834278238987622, -12.540133545096916 ], [ 27.834278238987622, -12.540275315631941 ], [ 27.834278238987622, -12.54048797143448 ], [ 27.834349124255137, -12.540629741969507 ], [ 27.834420009522649, -12.540771512504532 ], [ 27.834420009522649, -12.54091328303956 ], [ 27.834420009522649, -12.541055053574585 ], [ 27.834490894790161, -12.541196824109612 ], [ 27.834490894790161, -12.541338594644637 ], [ 27.834490894790161, -12.541480365179664 ], [ 27.834490894790161, -12.54162213571469 ], [ 27.834490894790161, -12.541763906249717 ], [ 27.834490894790161, -12.541905676784742 ], [ 27.834490894790161, -12.542047447319769 ], [ 27.834632665325188, -12.542118332587281 ], [ 27.834632665325188, -12.542260103122308 ], [ 27.834703550592703, -12.542401873657333 ], [ 27.834703550592703, -12.54254364419236 ], [ 27.834703550592703, -12.542685414727385 ], [ 27.834703550592703, -12.542827185262412 ], [ 27.834703550592703, -12.542968955797438 ], [ 27.834703550592703, -12.543181611599978 ], [ 27.834774435860215, -12.543323382135004 ], [ 27.834774435860215, -12.543465152670031 ], [ 27.834774435860215, -12.54367780847257 ], [ 27.834774435860215, -12.543819579007595 ], [ 27.834774435860215, -12.543961349542622 ], [ 27.834774435860215, -12.544103120077647 ], [ 27.834845321127727, -12.543961349542622 ], [ 27.834916206395242, -12.543819579007595 ], [ 27.835057976930266, -12.543748693740083 ], [ 27.835199747465293, -12.543748693740083 ], [ 27.83534151800032, -12.543748693740083 ], [ 27.835483288535347, -12.543748693740083 ], [ 27.83562505907037, -12.543748693740083 ], [ 27.835766829605397, -12.543748693740083 ], [ 27.835979485407936, -12.543748693740083 ], [ 27.836121255942963, -12.543748693740083 ], [ 27.83626302647799, -12.543748693740083 ], [ 27.836404797013014, -12.543748693740083 ], [ 27.836546567548041, -12.543748693740083 ], [ 27.836688338083068, -12.543748693740083 ], [ 27.836830108618095, -12.543748693740083 ], [ 27.836971879153118, -12.543748693740083 ], [ 27.837113649688146, -12.543748693740083 ], [ 27.837255420223173, -12.543748693740083 ], [ 27.8373971907582, -12.543748693740083 ], [ 27.837538961293223, -12.543819579007595 ], [ 27.837538961293223, -12.543961349542622 ], [ 27.83768073182825, -12.544032234810135 ], [ 27.83768073182825, -12.544174005345161 ], [ 27.837751617095766, -12.544315775880188 ], [ 27.837822502363277, -12.544457546415213 ], [ 27.837822502363277, -12.544599316950238 ], [ 27.837822502363277, -12.544741087485265 ], [ 27.837822502363277, -12.544882858020291 ], [ 27.837822502363277, -12.545024628555318 ], [ 27.837822502363277, -12.545166399090343 ], [ 27.837822502363277, -12.54530816962537 ], [ 27.837822502363277, -12.545449940160395 ], [ 27.837822502363277, -12.545591710695422 ], [ 27.837751617095766, -12.545733481230448 ], [ 27.83768073182825, -12.545875251765475 ], [ 27.837609846560738, -12.5460170223005 ], [ 27.837538961293223, -12.546158792835527 ], [ 27.837468076025711, -12.546300563370552 ], [ 27.8373971907582, -12.54644233390558 ], [ 27.837255420223173, -12.546584104440605 ], [ 27.837255420223173, -12.546725874975632 ], [ 27.837184534955661, -12.546867645510657 ], [ 27.837042764420634, -12.546938530778171 ], [ 27.836971879153118, -12.547151186580709 ], [ 27.836900993885607, -12.547292957115737 ], [ 27.83675922335058, -12.547434727650762 ], [ 27.836688338083068, -12.547647383453302 ], [ 27.836546567548041, -12.547789153988328 ], [ 27.836475682280529, -12.548001809790867 ], [ 27.836404797013014, -12.548143580325894 ], [ 27.836333911745502, -12.548285350860919 ], [ 27.836192141210475, -12.548427121395946 ], [ 27.836121255942963, -12.548568891930971 ], [ 27.835979485407936, -12.54878154773351 ], [ 27.835837714872909, -12.548852433001024 ], [ 27.835837714872909, -12.548994203536051 ], [ 27.835766829605397, -12.549135974071076 ], [ 27.83562505907037, -12.549277744606103 ], [ 27.835554173802858, -12.549419515141128 ], [ 27.835483288535347, -12.549632170943667 ], [ 27.83534151800032, -12.549703056211181 ], [ 27.835270632732804, -12.549844826746208 ], [ 27.835128862197781, -12.549915712013719 ], [ 27.834987091662754, -12.549986597281233 ], [ 27.834916206395242, -12.55012836781626 ], [ 27.834774435860215, -12.550270138351285 ], [ 27.834632665325188, -12.550411908886312 ], [ 27.834490894790161, -12.550553679421338 ], [ 27.834349124255137, -12.550624564688851 ], [ 27.834278238987622, -12.550766335223877 ], [ 27.834136468452598, -12.550766335223877 ], [ 27.833994697917571, -12.55083722049139 ], [ 27.833852927382544, -12.550908105758904 ], [ 27.833640271580006, -12.551049876293929 ], [ 27.833498501044978, -12.551049876293929 ], [ 27.83328584524244, -12.551120761561442 ], [ 27.832931418904874, -12.551191646828956 ], [ 27.832718763102335, -12.551191646828956 ], [ 27.832576992567308, -12.551333417363981 ], [ 27.832435222032284, -12.551333417363981 ], [ 27.832293451497257, -12.551475187899008 ], [ 27.832222566229742, -12.551616958434034 ], [ 27.832080795694718, -12.551687843701547 ], [ 27.831939025159691, -12.551829614236572 ], [ 27.83186813989218, -12.551971384771599 ], [ 27.831726369357153, -12.552042270039113 ], [ 27.831584598822126, -12.552184040574138 ], [ 27.831442828287098, -12.552325811109165 ], [ 27.831301057752075, -12.552396696376677 ], [ 27.831301057752075, -12.552538466911704 ], [ 27.831017516682021, -12.552609352179218 ], [ 27.830946631414509, -12.552751122714243 ], [ 27.830804860879482, -12.552822007981757 ], [ 27.830663090344455, -12.55289289324927 ], [ 27.830592205076943, -12.553034663784295 ], [ 27.830521319809431, -12.553176434319322 ], [ 27.830450434541916, -12.553318204854348 ], [ 27.830379549274404, -12.553459975389375 ], [ 27.830379549274404, -12.5536017459244 ], [ 27.830237778739377, -12.553672631191914 ], [ 27.830237778739377, -12.553814401726939 ], [ 27.830166893471866, -12.553956172261966 ], [ 27.830025122936838, -12.554027057529479 ], [ 27.829954237669327, -12.554168828064505 ], [ 27.8298124671343, -12.554239713332018 ], [ 27.829670696599273, -12.554381483867044 ], [ 27.829599811331761, -12.554523254402071 ], [ 27.829458040796734, -12.554594139669584 ], [ 27.829387155529222, -12.554735910204609 ], [ 27.829245384994195, -12.554806795472123 ], [ 27.829103614459168, -12.554877680739637 ], [ 27.829032729191656, -12.555019451274662 ], [ 27.828890958656629, -12.555090336542175 ], [ 27.828820073389117, -12.555232107077201 ], [ 27.828749188121602, -12.555373877612228 ], [ 27.82867830285409, -12.555515648147253 ], [ 27.828607417586575, -12.55565741868228 ], [ 27.828536532319063, -12.555799189217305 ], [ 27.828536532319063, -12.555940959752332 ], [ 27.828465647051551, -12.556082730287358 ], [ 27.828465647051551, -12.556224500822385 ], [ 27.828465647051551, -12.55636627135741 ], [ 27.823007481453043, -12.561044699013273 ] ] ] ] } },
{ "type": "Feature", "properties": { "id": 3, "name": "UNKNOWN", "status": "active", "area_ha": 98.199 }, "geometry": { "type": "MultiPolygon", "coordinates": [ [ [ [ 27.9062617429684, -12.515597110139653 ], [ 27.906184450059147, -12.515558463685027 ], [ 27.906107157149894, -12.5155198172304 ], [ 27.905991217786017, -12.515365231411895 ], [ 27.90583663196751, -12.51521064559339 ], [ 27.90572069260363, -12.515056059774885 ], [ 27.905682046149007, -12.514978766865633 ], [ 27.905604753239754, -12.51490147395638 ], [ 27.9055274603305, -12.514862827501755 ], [ 27.9055274603305, -12.514785534592502 ], [ 27.905450167421247, -12.51470824168325 ], [ 27.905411520966624, -12.514630948773997 ], [ 27.905372874511997, -12.514553655864745 ], [ 27.905295581602743, -12.514515009410118 ], [ 27.90521828869349, -12.514515009410118 ], [ 27.905140995784237, -12.514515009410118 ], [ 27.905063702874987, -12.514515009410118 ], [ 27.904986409965733, -12.514515009410118 ], [ 27.90490911705648, -12.514515009410118 ], [ 27.90483182414723, -12.514437716500867 ], [ 27.904754531237977, -12.514437716500867 ], [ 27.904677238328723, -12.51439907004624 ], [ 27.90459994541947, -12.514360423591613 ], [ 27.904561298964843, -12.514283130682362 ], [ 27.904484006055593, -12.514283130682362 ], [ 27.904445359600967, -12.514205837773108 ], [ 27.904368066691713, -12.514205837773108 ], [ 27.904329420237087, -12.514128544863857 ], [ 27.904252127327837, -12.514128544863857 ], [ 27.904174834418583, -12.51408989840923 ], [ 27.90409754150933, -12.514051251954603 ], [ 27.904020248600077, -12.514051251954603 ], [ 27.9039043092362, -12.513973959045352 ], [ 27.903827016326947, -12.513973959045352 ], [ 27.903749723417693, -12.513935312590725 ], [ 27.903749723417693, -12.513858019681473 ], [ 27.903672430508443, -12.513858019681473 ], [ 27.90359513759919, -12.513819373226847 ], [ 27.903556491144563, -12.513742080317593 ], [ 27.903517844689937, -12.513664787408342 ], [ 27.90347919823531, -12.513587494499088 ], [ 27.903440551780683, -12.513510201589837 ], [ 27.903401905326056, -12.513432908680585 ], [ 27.903401905326056, -12.513355615771331 ], [ 27.903324612416807, -12.513355615771331 ], [ 27.90328596596218, -12.51327832286208 ], [ 27.90328596596218, -12.513201029952826 ], [ 27.903208673052927, -12.513201029952826 ], [ 27.903208673052927, -12.513123737043575 ], [ 27.9031700265983, -12.513046444134321 ], [ 27.90309273368905, -12.51296915122507 ], [ 27.903054087234423, -12.512891858315816 ], [ 27.90297679432517, -12.512853211861191 ], [ 27.902899501415916, -12.512775918951938 ], [ 27.902822208506663, -12.512737272497311 ], [ 27.902744915597413, -12.512698626042686 ], [ 27.90266762268816, -12.51265997958806 ], [ 27.902590329778906, -12.512621333133433 ], [ 27.902513036869653, -12.512582686678806 ], [ 27.902435743960403, -12.512505393769555 ], [ 27.902397097505776, -12.512428100860301 ], [ 27.90235845105115, -12.51235080795105 ], [ 27.902319804596523, -12.512273515041796 ], [ 27.902319804596523, -12.512196222132545 ], [ 27.902319804596523, -12.512118929223293 ], [ 27.90235845105115, -12.512002989859413 ], [ 27.902435743960403, -12.511964343404788 ], [ 27.902435743960403, -12.511848404040908 ], [ 27.902590329778906, -12.511616525313151 ], [ 27.902706269142787, -12.511346000130768 ], [ 27.902744915597413, -12.51123006076689 ], [ 27.902822208506663, -12.511152767857636 ], [ 27.90286085496129, -12.511075474948385 ], [ 27.902938147870543, -12.511036828493758 ], [ 27.903015440779797, -12.510998182039131 ], [ 27.90309273368905, -12.510998182039131 ], [ 27.9031700265983, -12.510998182039131 ], [ 27.90328596596218, -12.510959535584504 ], [ 27.903363258871433, -12.510959535584504 ], [ 27.903440551780683, -12.511036828493758 ], [ 27.903517844689937, -12.511036828493758 ], [ 27.90359513759919, -12.511114121403009 ], [ 27.903672430508443, -12.511191414312263 ], [ 27.903711076963067, -12.511268707221515 ], [ 27.90378836987232, -12.511307353676141 ], [ 27.903865662781573, -12.511346000130768 ], [ 27.9039043092362, -12.51142329304002 ], [ 27.90398160214545, -12.51142329304002 ], [ 27.90398160214545, -12.511500585949273 ], [ 27.904058895054703, -12.511500585949273 ], [ 27.904136187963957, -12.511577878858525 ], [ 27.90421348087321, -12.511577878858525 ], [ 27.90429077378246, -12.511655171767778 ], [ 27.904368066691713, -12.511655171767778 ], [ 27.904445359600967, -12.511655171767778 ], [ 27.904484006055593, -12.51173246467703 ], [ 27.904561298964843, -12.51173246467703 ], [ 27.904638591874097, -12.51173246467703 ], [ 27.90471588478335, -12.51173246467703 ], [ 27.904793177692603, -12.511771111131656 ], [ 27.904870470601853, -12.511771111131656 ], [ 27.904947763511107, -12.511809757586283 ], [ 27.90502505642036, -12.511809757586283 ], [ 27.905140995784237, -12.511809757586283 ], [ 27.90521828869349, -12.511848404040908 ], [ 27.905295581602743, -12.511848404040908 ], [ 27.905372874511997, -12.511887050495535 ], [ 27.905450167421247, -12.511925696950161 ], [ 27.9055274603305, -12.511925696950161 ], [ 27.905604753239754, -12.511964343404788 ], [ 27.905682046149007, -12.511964343404788 ], [ 27.905759339058257, -12.511964343404788 ], [ 27.90583663196751, -12.512002989859413 ], [ 27.905913924876764, -12.512002989859413 ], [ 27.905991217786017, -12.512002989859413 ], [ 27.906068510695267, -12.512002989859413 ], [ 27.90614580360452, -12.512002989859413 ], [ 27.906223096513774, -12.512002989859413 ], [ 27.906300389423023, -12.512002989859413 ], [ 27.90645497524153, -12.512002989859413 ], [ 27.90657091460541, -12.512002989859413 ], [ 27.906686853969287, -12.512002989859413 ], [ 27.90676414687854, -12.512002989859413 ], [ 27.906841439787794, -12.511964343404788 ], [ 27.906918732697044, -12.511964343404788 ], [ 27.90695737915167, -12.511887050495535 ], [ 27.906996025606297, -12.511809757586283 ], [ 27.906996025606297, -12.511693818222403 ], [ 27.906996025606297, -12.511616525313151 ], [ 27.90695737915167, -12.5115392324039 ], [ 27.906918732697044, -12.511461939494646 ], [ 27.906918732697044, -12.511384646585395 ], [ 27.906802793333167, -12.511268707221515 ], [ 27.90676414687854, -12.511191414312263 ], [ 27.906725500423914, -12.511114121403009 ], [ 27.90664820751466, -12.511075474948385 ], [ 27.90657091460541, -12.511036828493758 ], [ 27.90645497524153, -12.511036828493758 ], [ 27.906377682332277, -12.511036828493758 ], [ 27.906300389423023, -12.510998182039131 ], [ 27.906223096513774, -12.510998182039131 ], [ 27.90614580360452, -12.510998182039131 ], [ 27.906068510695267, -12.510959535584504 ], [ 27.905991217786017, -12.510959535584504 ], [ 27.905913924876764, -12.51092088912988 ], [ 27.90583663196751, -12.510882242675253 ], [ 27.905759339058257, -12.510882242675253 ], [ 27.905682046149007, -12.510804949766001 ], [ 27.905604753239754, -12.510766303311375 ], [ 27.9055274603305, -12.510727656856748 ], [ 27.905488813875873, -12.510650363947496 ], [ 27.905411520966624, -12.510650363947496 ], [ 27.905372874511997, -12.510573071038243 ], [ 27.905295581602743, -12.510573071038243 ], [ 27.90521828869349, -12.510534424583616 ], [ 27.905179642238863, -12.510457131674364 ], [ 27.905102349329614, -12.510418485219738 ], [ 27.90502505642036, -12.510341192310486 ], [ 27.904947763511107, -12.510302545855859 ], [ 27.904870470601853, -12.510225252946608 ], [ 27.904870470601853, -12.510147960037354 ], [ 27.90483182414723, -12.510070667128103 ], [ 27.90483182414723, -12.509993374218849 ], [ 27.90490911705648, -12.509954727764223 ], [ 27.90502505642036, -12.509916081309598 ], [ 27.905102349329614, -12.509838788400344 ], [ 27.90521828869349, -12.509800141945718 ], [ 27.905295581602743, -12.509800141945718 ], [ 27.905372874511997, -12.509722849036466 ], [ 27.905411520966624, -12.509645556127214 ], [ 27.905488813875873, -12.509645556127214 ], [ 27.9055274603305, -12.509568263217961 ], [ 27.905566106785127, -12.509490970308709 ], [ 27.905566106785127, -12.509413677399456 ], [ 27.905566106785127, -12.509336384490204 ], [ 27.905604753239754, -12.509220445126324 ], [ 27.90564339969438, -12.509104505762446 ], [ 27.90564339969438, -12.509027212853194 ], [ 27.905682046149007, -12.508949919943941 ], [ 27.905682046149007, -12.508872627034689 ], [ 27.905682046149007, -12.508795334125436 ], [ 27.905682046149007, -12.508718041216184 ], [ 27.905682046149007, -12.508640748306931 ], [ 27.90572069260363, -12.508563455397679 ], [ 27.90572069260363, -12.508486162488426 ], [ 27.90572069260363, -12.508408869579174 ], [ 27.905682046149007, -12.508331576669923 ], [ 27.905682046149007, -12.508254283760669 ], [ 27.905604753239754, -12.508176990851418 ], [ 27.905604753239754, -12.508099697942164 ], [ 27.905604753239754, -12.508022405032913 ], [ 27.905566106785127, -12.507945112123659 ], [ 27.905566106785127, -12.507867819214407 ], [ 27.905566106785127, -12.507790526305154 ], [ 27.905566106785127, -12.507674586941276 ], [ 27.9055274603305, -12.507597294032024 ], [ 27.9055274603305, -12.507481354668144 ], [ 27.9055274603305, -12.507365415304266 ], [ 27.9055274603305, -12.507249475940387 ], [ 27.905488813875873, -12.507172183031134 ], [ 27.905488813875873, -12.507094890121882 ], [ 27.905488813875873, -12.507017597212631 ], [ 27.905488813875873, -12.506940304303377 ], [ 27.905450167421247, -12.506863011394126 ], [ 27.905411520966624, -12.506785718484872 ], [ 27.905411520966624, -12.506708425575621 ], [ 27.905411520966624, -12.506631132666367 ], [ 27.905450167421247, -12.506553839757116 ], [ 27.905488813875873, -12.506476546847862 ], [ 27.9055274603305, -12.506244668120106 ], [ 27.905604753239754, -12.506090082301601 ], [ 27.905682046149007, -12.505935496483096 ], [ 27.905797985512883, -12.505858203573842 ], [ 27.90583663196751, -12.505780910664591 ], [ 27.905913924876764, -12.505703617755339 ], [ 27.905991217786017, -12.505703617755339 ], [ 27.906068510695267, -12.505742264209964 ], [ 27.90614580360452, -12.505780910664591 ], [ 27.906223096513774, -12.505780910664591 ], [ 27.906300389423023, -12.505819557119217 ], [ 27.906416328786904, -12.505819557119217 ], [ 27.906493621696157, -12.505819557119217 ], [ 27.90657091460541, -12.505780910664591 ], [ 27.90664820751466, -12.505780910664591 ], [ 27.906725500423914, -12.505780910664591 ], [ 27.906802793333167, -12.505742264209964 ], [ 27.90688008624242, -12.505703617755339 ], [ 27.90695737915167, -12.505703617755339 ], [ 27.906996025606297, -12.505626324846085 ], [ 27.90707331851555, -12.505626324846085 ], [ 27.907150611424804, -12.505626324846085 ], [ 27.907227904334054, -12.505587678391459 ], [ 27.907343843697934, -12.505549031936834 ], [ 27.907421136607187, -12.50547173902758 ], [ 27.907498429516437, -12.50547173902758 ], [ 27.907614368880317, -12.505433092572954 ], [ 27.907691661789571, -12.505433092572954 ], [ 27.907807601153447, -12.505355799663702 ], [ 27.9078848940627, -12.505317153209075 ], [ 27.907962186971954, -12.505317153209075 ], [ 27.908039479881207, -12.505317153209075 ], [ 27.908116772790457, -12.505317153209075 ], [ 27.908232712154337, -12.505317153209075 ], [ 27.908310005063591, -12.505317153209075 ], [ 27.908464590882094, -12.505278506754449 ], [ 27.908541883791347, -12.505278506754449 ], [ 27.908619176700601, -12.505278506754449 ], [ 27.908735116064477, -12.505278506754449 ], [ 27.908812408973731, -12.505278506754449 ], [ 27.908889701882984, -12.505278506754449 ], [ 27.908966994792234, -12.505278506754449 ], [ 27.909044287701487, -12.505278506754449 ], [ 27.909121580610741, -12.505278506754449 ], [ 27.909198873519994, -12.505239860299824 ], [ 27.909314812883871, -12.505239860299824 ], [ 27.909392105793124, -12.505239860299824 ], [ 27.909469398702377, -12.505239860299824 ], [ 27.909546691611627, -12.505239860299824 ], [ 27.909623984520881, -12.505239860299824 ], [ 27.909701277430134, -12.505239860299824 ], [ 27.909778570339387, -12.505201213845197 ], [ 27.909855863248637, -12.50516256739057 ], [ 27.909933156157891, -12.50516256739057 ], [ 27.910010449067144, -12.505123920935945 ], [ 27.910087741976398, -12.505123920935945 ], [ 27.910165034885647, -12.505085274481319 ], [ 27.910242327794901, -12.505085274481319 ], [ 27.910319620704154, -12.505085274481319 ], [ 27.910396913613404, -12.505085274481319 ], [ 27.910474206522657, -12.505085274481319 ], [ 27.910590145886538, -12.505085274481319 ], [ 27.910667438795791, -12.505085274481319 ], [ 27.910744731705041, -12.505085274481319 ], [ 27.910822024614294, -12.505085274481319 ], [ 27.910899317523548, -12.505085274481319 ], [ 27.911053903342051, -12.505123920935945 ], [ 27.911131196251304, -12.505123920935945 ], [ 27.911208489160558, -12.505123920935945 ], [ 27.911285782069807, -12.50516256739057 ], [ 27.911401721433688, -12.505201213845197 ], [ 27.911479014342941, -12.505201213845197 ], [ 27.911556307252191, -12.505201213845197 ], [ 27.911594953706818, -12.505278506754449 ], [ 27.911672246616071, -12.505317153209075 ], [ 27.911749539525324, -12.505394446118329 ], [ 27.911749539525324, -12.50547173902758 ], [ 27.911788185979951, -12.505626324846085 ], [ 27.911865478889201, -12.505742264209964 ], [ 27.911865478889201, -12.505819557119217 ], [ 27.911865478889201, -12.505896850028469 ], [ 27.911865478889201, -12.505974142937722 ], [ 27.911904125343828, -12.506051435846974 ], [ 27.911942771798454, -12.506128728756227 ], [ 27.911942771798454, -12.506206021665479 ], [ 27.912020064707708, -12.506283314574732 ], [ 27.912020064707708, -12.506360607483984 ], [ 27.912097357616961, -12.506437900393237 ], [ 27.912136004071584, -12.506515193302489 ], [ 27.912174650526211, -12.506592486211741 ], [ 27.912251943435464, -12.506631132666367 ], [ 27.912251943435464, -12.506708425575621 ], [ 27.912329236344718, -12.506747072030246 ], [ 27.912329236344718, -12.506824364939499 ], [ 27.912406529253971, -12.506978950758004 ], [ 27.912445175708594, -12.507056243667256 ], [ 27.912483822163221, -12.507133536576509 ], [ 27.912483822163221, -12.507210829485761 ], [ 27.912522468617848, -12.507288122395014 ], [ 27.912561115072474, -12.507365415304266 ], [ 27.912599761527101, -12.507442708213519 ], [ 27.912638407981728, -12.507520001122771 ], [ 27.912638407981728, -12.507597294032024 ], [ 27.912677054436354, -12.507674586941276 ], [ 27.912677054436354, -12.507751879850527 ], [ 27.912715700890978, -12.507829172759781 ], [ 27.912715700890978, -12.507906465669032 ], [ 27.912715700890978, -12.507983758578286 ], [ 27.912715700890978, -12.508099697942164 ], [ 27.912715700890978, -12.508176990851418 ], [ 27.912715700890978, -12.508254283760669 ], [ 27.912715700890978, -12.508331576669923 ], [ 27.912715700890978, -12.508408869579174 ], [ 27.912715700890978, -12.508486162488426 ], [ 27.912715700890978, -12.508563455397679 ], [ 27.912754347345604, -12.508640748306931 ], [ 27.912754347345604, -12.508718041216184 ], [ 27.912754347345604, -12.508795334125436 ], [ 27.912754347345604, -12.508872627034689 ], [ 27.912792993800231, -12.508949919943941 ], [ 27.912792993800231, -12.509027212853194 ], [ 27.912792993800231, -12.509104505762446 ], [ 27.912792993800231, -12.509181798671699 ], [ 27.912792993800231, -12.509259091580951 ], [ 27.912754347345604, -12.509336384490204 ], [ 27.912677054436354, -12.509375030944829 ], [ 27.912483822163221, -12.509490970308709 ], [ 27.912445175708594, -12.509568263217961 ], [ 27.912367882799344, -12.509568263217961 ], [ 27.912329236344718, -12.509645556127214 ], [ 27.912251943435464, -12.509645556127214 ], [ 27.912174650526211, -12.509722849036466 ], [ 27.912136004071584, -12.509800141945718 ], [ 27.912058711162334, -12.509800141945718 ], [ 27.912058711162334, -12.509877434854971 ], [ 27.912020064707708, -12.509954727764223 ], [ 27.911981418253081, -12.510032020673476 ], [ 27.911904125343828, -12.510070667128103 ], [ 27.911826832434578, -12.510109313582728 ], [ 27.911749539525324, -12.510147960037354 ], [ 27.911672246616071, -12.510186606491981 ], [ 27.911594953706818, -12.510225252946608 ], [ 27.911517660797568, -12.510263899401233 ], [ 27.911440367888314, -12.510302545855859 ], [ 27.911363074979061, -12.510341192310486 ], [ 27.911247135615184, -12.510418485219738 ], [ 27.911131196251304, -12.510418485219738 ], [ 27.911053903342051, -12.510418485219738 ], [ 27.910976610432797, -12.510457131674364 ], [ 27.910899317523548, -12.510495778128991 ], [ 27.910822024614294, -12.510534424583616 ], [ 27.910744731705041, -12.510534424583616 ], [ 27.910667438795791, -12.510534424583616 ], [ 27.910590145886538, -12.510573071038243 ], [ 27.910512852977284, -12.510573071038243 ], [ 27.910474206522657, -12.510650363947496 ], [ 27.910474206522657, -12.510727656856748 ], [ 27.910474206522657, -12.510804949766001 ], [ 27.910551499431911, -12.510804949766001 ], [ 27.910628792341164, -12.510804949766001 ], [ 27.910706085250414, -12.510804949766001 ], [ 27.910783378159667, -12.510843596220626 ], [ 27.910860671068921, -12.510843596220626 ], [ 27.910937963978174, -12.510843596220626 ], [ 27.911015256887424, -12.510843596220626 ], [ 27.911092549796678, -12.510843596220626 ], [ 27.911169842705931, -12.510882242675253 ], [ 27.911247135615184, -12.510882242675253 ], [ 27.911324428524434, -12.510882242675253 ], [ 27.911401721433688, -12.51092088912988 ], [ 27.911479014342941, -12.511036828493758 ], [ 27.911556307252191, -12.511036828493758 ], [ 27.911633600161444, -12.511075474948385 ], [ 27.911710893070698, -12.511152767857636 ], [ 27.911788185979951, -12.511191414312263 ], [ 27.911865478889201, -12.51123006076689 ], [ 27.911942771798454, -12.511268707221515 ], [ 27.912020064707708, -12.511307353676141 ], [ 27.912058711162334, -12.511384646585395 ], [ 27.912136004071584, -12.511461939494646 ], [ 27.912174650526211, -12.5115392324039 ], [ 27.912213296980838, -12.511616525313151 ], [ 27.912213296980838, -12.511693818222403 ], [ 27.912213296980838, -12.511771111131656 ], [ 27.912174650526211, -12.511848404040908 ], [ 27.912174650526211, -12.511925696950161 ], [ 27.912174650526211, -12.512002989859413 ], [ 27.912174650526211, -12.512080282768666 ], [ 27.912097357616961, -12.512118929223293 ], [ 27.912020064707708, -12.512157575677918 ], [ 27.912020064707708, -12.512234868587171 ], [ 27.911942771798454, -12.512234868587171 ], [ 27.911942771798454, -12.512312161496423 ], [ 27.911942771798454, -12.512389454405676 ], [ 27.912020064707708, -12.512389454405676 ], [ 27.912097357616961, -12.512428100860301 ], [ 27.912174650526211, -12.512466747314928 ], [ 27.912251943435464, -12.512505393769555 ], [ 27.912329236344718, -12.512544040224181 ], [ 27.912406529253971, -12.512582686678806 ], [ 27.912483822163221, -12.512621333133433 ], [ 27.912561115072474, -12.51265997958806 ], [ 27.912599761527101, -12.512737272497311 ], [ 27.912638407981728, -12.512814565406565 ], [ 27.912677054436354, -12.512891858315816 ], [ 27.912715700890978, -12.51296915122507 ], [ 27.912754347345604, -12.513046444134321 ], [ 27.912792993800231, -12.5131623834982 ], [ 27.912831640254858, -12.513239676407453 ], [ 27.912870286709484, -12.513316969316705 ], [ 27.912870286709484, -12.513394262225958 ], [ 27.912870286709484, -12.51347155513521 ], [ 27.912908933164111, -12.513548848044463 ], [ 27.912908933164111, -12.513626140953715 ], [ 27.912908933164111, -12.513742080317593 ], [ 27.912947579618738, -12.513819373226847 ], [ 27.912947579618738, -12.513935312590725 ], [ 27.912947579618738, -12.514012605499978 ], [ 27.912947579618738, -12.51408989840923 ], [ 27.912947579618738, -12.514167191318482 ], [ 27.912947579618738, -12.514244484227735 ], [ 27.912947579618738, -12.514321777136987 ], [ 27.912947579618738, -12.51439907004624 ], [ 27.912947579618738, -12.514476362955492 ], [ 27.912947579618738, -12.514592302319372 ], [ 27.912908933164111, -12.514669595228623 ], [ 27.912870286709484, -12.514746888137877 ], [ 27.912792993800231, -12.514746888137877 ], [ 27.912792993800231, -12.514824181047128 ], [ 27.912754347345604, -12.51490147395638 ], [ 27.912677054436354, -12.51490147395638 ], [ 27.912677054436354, -12.514978766865633 ], [ 27.912599761527101, -12.51501741332026 ], [ 27.912522468617848, -12.515056059774885 ], [ 27.912483822163221, -12.515133352684138 ], [ 27.912406529253971, -12.515133352684138 ], [ 27.912329236344718, -12.515171999138765 ], [ 27.912251943435464, -12.51521064559339 ], [ 27.912174650526211, -12.51521064559339 ], [ 27.912097357616961, -12.51521064559339 ], [ 27.912020064707708, -12.51521064559339 ], [ 27.911942771798454, -12.51521064559339 ], [ 27.911865478889201, -12.51521064559339 ], [ 27.911788185979951, -12.51521064559339 ], [ 27.911710893070698, -12.51521064559339 ], [ 27.911633600161444, -12.51521064559339 ], [ 27.911556307252191, -12.51521064559339 ], [ 27.911479014342941, -12.51521064559339 ], [ 27.911401721433688, -12.51521064559339 ], [ 27.911324428524434, -12.51521064559339 ], [ 27.911247135615184, -12.515249292048017 ], [ 27.911169842705931, -12.51532658495727 ], [ 27.911092549796678, -12.515403877866522 ], [ 27.911015256887424, -12.515442524321148 ], [ 27.910937963978174, -12.515481170775773 ], [ 27.910937963978174, -12.515558463685027 ], [ 27.910899317523548, -12.515635756594278 ], [ 27.910860671068921, -12.515713049503532 ], [ 27.910860671068921, -12.515790342412783 ], [ 27.910860671068921, -12.515906281776664 ], [ 27.910822024614294, -12.515983574685915 ], [ 27.910822024614294, -12.516060867595169 ], [ 27.910822024614294, -12.51613816050442 ], [ 27.910783378159667, -12.516370039232177 ], [ 27.910783378159667, -12.516485978596057 ], [ 27.910783378159667, -12.516563271505309 ], [ 27.910783378159667, -12.516640564414562 ], [ 27.910783378159667, -12.516717857323814 ], [ 27.910783378159667, -12.516795150233065 ], [ 27.910783378159667, -12.516872443142319 ], [ 27.910783378159667, -12.51694973605157 ], [ 27.910783378159667, -12.517027028960824 ], [ 27.910744731705041, -12.517104321870075 ], [ 27.910744731705041, -12.517181614779329 ], [ 27.910667438795791, -12.517220261233955 ], [ 27.910628792341164, -12.517297554143207 ], [ 27.910590145886538, -12.517374847052459 ], [ 27.910512852977284, -12.517374847052459 ], [ 27.910435560068031, -12.517413493507085 ], [ 27.910358267158781, -12.517490786416339 ], [ 27.910280974249527, -12.517490786416339 ], [ 27.910203681340274, -12.517529432870964 ], [ 27.910126388431021, -12.517529432870964 ], [ 27.910049095521771, -12.517529432870964 ], [ 27.909971802612517, -12.51756807932559 ], [ 27.909894509703264, -12.517606725780217 ], [ 27.909817216794011, -12.517606725780217 ], [ 27.909739923884761, -12.517645372234844 ], [ 27.909662630975507, -12.517645372234844 ], [ 27.909585338066254, -12.517645372234844 ], [ 27.909508045157001, -12.517645372234844 ], [ 27.909430752247751, -12.517684018689469 ], [ 27.909353459338497, -12.517684018689469 ], [ 27.909276166429244, -12.517684018689469 ], [ 27.909198873519994, -12.517684018689469 ], [ 27.909121580610741, -12.517684018689469 ], [ 27.909044287701487, -12.517684018689469 ], [ 27.908966994792234, -12.517684018689469 ], [ 27.908889701882984, -12.517684018689469 ], [ 27.908812408973731, -12.517684018689469 ], [ 27.908735116064477, -12.517684018689469 ], [ 27.908657823155224, -12.517684018689469 ], [ 27.908580530245974, -12.517684018689469 ], [ 27.908503237336721, -12.517684018689469 ], [ 27.9062617429684, -12.515597110139653 ] ] ] ] } },
{ "type": "Feature", "properties": { "id": 4, "name": "FIMPIMPA", "status": "active", "area_ha": 180.403 }, "geometry": { "type": "MultiPolygon", "coordinates": [ [ [ [ 27.928297990162257, -12.424352488487054 ], [ 27.928297990162257, -12.424265972748652 ], [ 27.928297990162257, -12.424208295589718 ], [ 27.928297990162257, -12.424150618430783 ], [ 27.928297990162257, -12.424092941271848 ], [ 27.928297990162257, -12.424035264112913 ], [ 27.928297990162257, -12.423977586953978 ], [ 27.928355667321192, -12.423862232636107 ], [ 27.928384505900659, -12.423660362579835 ], [ 27.928384505900659, -12.423516169682497 ], [ 27.928413344480127, -12.423429653944094 ], [ 27.928413344480127, -12.423371976785159 ], [ 27.928442183059595, -12.423314299626224 ], [ 27.928471021639062, -12.423256622467289 ], [ 27.92849986021853, -12.423198945308354 ], [ 27.928528698797997, -12.423112429569953 ], [ 27.928586375956932, -12.423054752411018 ], [ 27.928586375956932, -12.422997075252082 ], [ 27.928644053115868, -12.422939398093147 ], [ 27.928644053115868, -12.422881720934212 ], [ 27.928701730274803, -12.422852882354745 ], [ 27.928701730274803, -12.422795205195809 ], [ 27.928701730274803, -12.422737528036874 ], [ 27.928759407433738, -12.422708689457407 ], [ 27.928759407433738, -12.422651012298472 ], [ 27.928788246013205, -12.422593335139537 ], [ 27.92884592317214, -12.422564496560069 ], [ 27.928874761751608, -12.422506819401134 ], [ 27.928932438910543, -12.422449142242199 ], [ 27.928961277490011, -12.422391465083264 ], [ 27.929018954648946, -12.422362626503796 ], [ 27.929076631807881, -12.422304949344861 ], [ 27.929134308966816, -12.422276110765393 ], [ 27.929220824705219, -12.422247272185926 ], [ 27.929278501864154, -12.422218433606458 ], [ 27.929336179023089, -12.422218433606458 ], [ 27.929393856182024, -12.422160756447523 ], [ 27.929451533340959, -12.422160756447523 ], [ 27.929509210499894, -12.422131917868056 ], [ 27.929566887658829, -12.422103079288588 ], [ 27.929653403397232, -12.422045402129655 ], [ 27.929711080556167, -12.422016563550187 ], [ 27.92979759629457, -12.421958886391252 ], [ 27.929855273453505, -12.421901209232317 ], [ 27.92991295061244, -12.421901209232317 ], [ 27.929970627771375, -12.421843532073382 ], [ 27.93002830493031, -12.421814693493914 ], [ 27.930085982089246, -12.421785854914447 ], [ 27.930143659248181, -12.421785854914447 ], [ 27.930143659248181, -12.421728177755512 ], [ 27.930201336407116, -12.421728177755512 ], [ 27.930259013566051, -12.421699339176044 ], [ 27.930316690724986, -12.421670500596576 ], [ 27.930374367883921, -12.421612823437641 ], [ 27.930403206463389, -12.421555146278706 ], [ 27.93046088362232, -12.421555146278706 ], [ 27.930489722201788, -12.421497469119771 ], [ 27.930576237940191, -12.421468630540303 ], [ 27.930633915099126, -12.421439791960836 ], [ 27.930691592258061, -12.421439791960836 ], [ 27.930749269416996, -12.421382114801901 ], [ 27.930835785155399, -12.421353276222433 ], [ 27.930893462314334, -12.421353276222433 ], [ 27.930951139473269, -12.421324437642966 ], [ 27.931008816632204, -12.421295599063498 ], [ 27.931066493791139, -12.421237921904563 ], [ 27.931066493791139, -12.421180244745628 ], [ 27.931095332370607, -12.421122567586693 ], [ 27.931124170950074, -12.421064890427758 ], [ 27.931181848109009, -12.421007213268823 ], [ 27.931181848109009, -12.420920697530422 ], [ 27.931181848109009, -12.420863020371486 ], [ 27.931239525267944, -12.420776504633084 ], [ 27.931268363847412, -12.420689988894681 ], [ 27.93129720242688, -12.420603473156278 ], [ 27.93129720242688, -12.420545795997343 ], [ 27.93129720242688, -12.420459280258941 ], [ 27.931326041006347, -12.420401603100006 ], [ 27.931354879585815, -12.420315087361603 ], [ 27.931383718165282, -12.4202285716232 ], [ 27.931383718165282, -12.420170894464265 ], [ 27.93141255674475, -12.42011321730533 ], [ 27.93141255674475, -12.420055540146395 ], [ 27.931441395324217, -12.41999786298746 ], [ 27.931470233903685, -12.419940185828525 ], [ 27.931499072483152, -12.419853670090124 ], [ 27.93152791106262, -12.419795992931189 ], [ 27.93152791106262, -12.419738315772253 ], [ 27.931556749642088, -12.419680638613318 ], [ 27.93164326538049, -12.419594122874916 ], [ 27.93164326538049, -12.41953644571598 ], [ 27.93164326538049, -12.419478768557045 ], [ 27.931672103959958, -12.41942109139811 ], [ 27.931672103959958, -12.419363414239175 ], [ 27.931700942539425, -12.41919038276237 ], [ 27.931700942539425, -12.419103867023967 ], [ 27.931700942539425, -12.419046189865032 ], [ 27.931729781118893, -12.418930835547162 ], [ 27.93175861969836, -12.418844319808759 ], [ 27.93175861969836, -12.418786642649826 ], [ 27.93175861969836, -12.418728965490891 ], [ 27.93175861969836, -12.418671288331955 ], [ 27.93175861969836, -12.41861361117302 ], [ 27.931729781118893, -12.418555934014085 ], [ 27.931729781118893, -12.41849825685515 ], [ 27.931729781118893, -12.418440579696215 ], [ 27.931729781118893, -12.41838290253728 ], [ 27.931729781118893, -12.418325225378345 ], [ 27.931672103959958, -12.418296386798877 ], [ 27.931614426801023, -12.41826754821941 ], [ 27.931556749642088, -12.41826754821941 ], [ 27.931499072483152, -12.41826754821941 ], [ 27.931441395324217, -12.41826754821941 ], [ 27.931383718165282, -12.41826754821941 ], [ 27.931326041006347, -12.418296386798877 ], [ 27.931268363847412, -12.418325225378345 ], [ 27.931210686688477, -12.418325225378345 ], [ 27.931153009529542, -12.418354063957812 ], [ 27.931095332370607, -12.418354063957812 ], [ 27.931037655211671, -12.418411741116747 ], [ 27.930979978052736, -12.418440579696215 ], [ 27.930922300893801, -12.418469418275683 ], [ 27.930835785155399, -12.41849825685515 ], [ 27.930662753678593, -12.418555934014085 ], [ 27.930576237940191, -12.418555934014085 ], [ 27.930518560781255, -12.41861361117302 ], [ 27.93046088362232, -12.418642449752488 ], [ 27.930403206463389, -12.418642449752488 ], [ 27.930316690724986, -12.418642449752488 ], [ 27.930259013566051, -12.418671288331955 ], [ 27.930201336407116, -12.418671288331955 ], [ 27.930143659248181, -12.418700126911423 ], [ 27.930057143509778, -12.418728965490891 ], [ 27.929999466350843, -12.418728965490891 ], [ 27.929941789191908, -12.418728965490891 ], [ 27.929826434874037, -12.418757804070358 ], [ 27.929739919135635, -12.418757804070358 ], [ 27.9296822419767, -12.418786642649826 ], [ 27.929624564817765, -12.418786642649826 ], [ 27.929566887658829, -12.418786642649826 ], [ 27.929509210499894, -12.418786642649826 ], [ 27.929451533340959, -12.418786642649826 ], [ 27.929393856182024, -12.418786642649826 ], [ 27.929336179023089, -12.418786642649826 ], [ 27.929278501864154, -12.418815481229293 ], [ 27.929220824705219, -12.418844319808759 ], [ 27.929191986125751, -12.418901996967694 ], [ 27.929134308966816, -12.418901996967694 ], [ 27.929076631807881, -12.418959674126629 ], [ 27.929018954648946, -12.418959674126629 ], [ 27.928961277490011, -12.419017351285564 ], [ 27.928903600331076, -12.419017351285564 ], [ 27.928817084592673, -12.419017351285564 ], [ 27.928759407433738, -12.419046189865032 ], [ 27.928701730274803, -12.4190750284445 ], [ 27.928644053115868, -12.4190750284445 ], [ 27.928586375956932, -12.4190750284445 ], [ 27.928471021639062, -12.4190750284445 ], [ 27.928413344480127, -12.4190750284445 ], [ 27.928355667321192, -12.4190750284445 ], [ 27.928297990162257, -12.4190750284445 ], [ 27.928240313003322, -12.4190750284445 ], [ 27.92818263584439, -12.4190750284445 ], [ 27.928124958685455, -12.4190750284445 ], [ 27.92806728152652, -12.4190750284445 ], [ 27.928009604367585, -12.4190750284445 ], [ 27.92795192720865, -12.4190750284445 ], [ 27.927894250049714, -12.419046189865032 ], [ 27.927836572890779, -12.419046189865032 ], [ 27.927778895731844, -12.419017351285564 ], [ 27.927721218572909, -12.419017351285564 ], [ 27.927634702834506, -12.419017351285564 ], [ 27.927605864255039, -12.418959674126629 ], [ 27.927548187096104, -12.418930835547162 ], [ 27.927490509937169, -12.418901996967694 ], [ 27.927432832778234, -12.418873158388227 ], [ 27.927375155619298, -12.418815481229293 ], [ 27.927259801301428, -12.418671288331955 ], [ 27.927230962721961, -12.41861361117302 ], [ 27.927173285563025, -12.418584772593553 ], [ 27.92711560840409, -12.418527095434618 ], [ 27.927057931245155, -12.41849825685515 ], [ 27.927029092665688, -12.418440579696215 ], [ 27.926971415506753, -12.418440579696215 ], [ 27.926913738347817, -12.418411741116747 ], [ 27.926856061188882, -12.418354063957812 ], [ 27.926798384029947, -12.418325225378345 ], [ 27.926740706871012, -12.418325225378345 ], [ 27.926683029712077, -12.41826754821941 ], [ 27.926625352553142, -12.41826754821941 ], [ 27.926567675394207, -12.418238709639942 ], [ 27.926509998235272, -12.418209871060474 ], [ 27.926452321076336, -12.418209871060474 ], [ 27.926394643917401, -12.418209871060474 ], [ 27.926336966758466, -12.418209871060474 ], [ 27.926279289599531, -12.418209871060474 ], [ 27.926221612440596, -12.418209871060474 ], [ 27.926163935281661, -12.418238709639942 ], [ 27.926106258122726, -12.418238709639942 ], [ 27.926048580963794, -12.418238709639942 ], [ 27.925990903804859, -12.418238709639942 ], [ 27.925933226645924, -12.41826754821941 ], [ 27.925875549486989, -12.41826754821941 ], [ 27.925875549486989, -12.418325225378345 ], [ 27.925846710907521, -12.418440579696215 ], [ 27.925789033748586, -12.418555934014085 ], [ 27.925760195169119, -12.41861361117302 ], [ 27.925760195169119, -12.418671288331955 ], [ 27.925760195169119, -12.418728965490891 ], [ 27.925731356589651, -12.418786642649826 ], [ 27.925731356589651, -12.418844319808759 ], [ 27.925702518010183, -12.418901996967694 ], [ 27.925644840851248, -12.418959674126629 ], [ 27.925644840851248, -12.419017351285564 ], [ 27.925644840851248, -12.4190750284445 ], [ 27.925616002271781, -12.419132705603435 ], [ 27.925587163692313, -12.41919038276237 ], [ 27.925558325112846, -12.419248059921305 ], [ 27.925529486533378, -12.41930573708024 ], [ 27.925471809374443, -12.419334575659708 ], [ 27.925414132215508, -12.419392252818643 ], [ 27.925327616477105, -12.419478768557045 ], [ 27.92526993931817, -12.41953644571598 ], [ 27.925241100738702, -12.419594122874916 ], [ 27.925183423579767, -12.419594122874916 ], [ 27.9251545850003, -12.419651800033851 ], [ 27.925096907841365, -12.419709477192786 ], [ 27.92503923068243, -12.419738315772253 ], [ 27.924981553523494, -12.419767154351721 ], [ 27.924923876364559, -12.419795992931189 ], [ 27.924866199205624, -12.419824831510656 ], [ 27.924837360626157, -12.419882508669591 ], [ 27.924779683467222, -12.419911347249059 ], [ 27.924722006308286, -12.419940185828525 ], [ 27.924635490569884, -12.419940185828525 ], [ 27.924606651990416, -12.41999786298746 ], [ 27.924548974831481, -12.420026701566927 ], [ 27.924491297672546, -12.420055540146395 ], [ 27.924433620513611, -12.420055540146395 ], [ 27.924375943354676, -12.420084378725862 ], [ 27.924289427616273, -12.420142055884797 ], [ 27.92420291187787, -12.420142055884797 ], [ 27.924145234718935, -12.420142055884797 ], [ 27.924029880401065, -12.420170894464265 ], [ 27.92397220324213, -12.420199733043733 ], [ 27.923914526083195, -12.420199733043733 ], [ 27.923856848924263, -12.420199733043733 ], [ 27.923799171765328, -12.4202285716232 ], [ 27.923683817447458, -12.420257410202668 ], [ 27.923568463129588, -12.420257410202668 ], [ 27.923510785970652, -12.420257410202668 ], [ 27.923453108811717, -12.420257410202668 ], [ 27.923366593073315, -12.420257410202668 ], [ 27.923308915914379, -12.420257410202668 ], [ 27.923251238755444, -12.420257410202668 ], [ 27.923193561596509, -12.420257410202668 ], [ 27.923135884437574, -12.4202285716232 ], [ 27.923078207278639, -12.420199733043733 ], [ 27.923020530119704, -12.420170894464265 ], [ 27.922962852960769, -12.420084378725862 ], [ 27.922905175801834, -12.420055540146395 ], [ 27.922876337222366, -12.41999786298746 ], [ 27.922818660063431, -12.419969024407992 ], [ 27.922760982904496, -12.419940185828525 ], [ 27.922703305745561, -12.419911347249059 ], [ 27.922645628586626, -12.419882508669591 ], [ 27.922616790007158, -12.419824831510656 ], [ 27.922559112848223, -12.419824831510656 ], [ 27.922501435689288, -12.419795992931189 ], [ 27.922443758530353, -12.419795992931189 ], [ 27.922386081371418, -12.419795992931189 ], [ 27.922328404212482, -12.419767154351721 ], [ 27.922270727053547, -12.419738315772253 ], [ 27.922213049894612, -12.419738315772253 ], [ 27.922155372735677, -12.419709477192786 ], [ 27.922097695576742, -12.419709477192786 ], [ 27.922040018417807, -12.419680638613318 ], [ 27.921982341258872, -12.419680638613318 ], [ 27.921953502679404, -12.419594122874916 ], [ 27.921895825520469, -12.419594122874916 ], [ 27.921895825520469, -12.41953644571598 ], [ 27.921838148361534, -12.419478768557045 ], [ 27.921809309782066, -12.41942109139811 ], [ 27.921751632623131, -12.419363414239175 ], [ 27.9216939554642, -12.419334575659708 ], [ 27.921607439725797, -12.419248059921305 ], [ 27.921520923987394, -12.41919038276237 ], [ 27.921492085407927, -12.419132705603435 ], [ 27.921405569669524, -12.419132705603435 ], [ 27.921376731090056, -12.4190750284445 ], [ 27.921376731090056, -12.419017351285564 ], [ 27.921319053931121, -12.418959674126629 ], [ 27.921261376772186, -12.418901996967694 ], [ 27.921232538192719, -12.418844319808759 ], [ 27.921203699613251, -12.418786642649826 ], [ 27.921146022454316, -12.418757804070358 ], [ 27.921117183874848, -12.418671288331955 ], [ 27.921059506715913, -12.41861361117302 ], [ 27.921030668136446, -12.418555934014085 ], [ 27.920972990977511, -12.418527095434618 ], [ 27.920972990977511, -12.418469418275683 ], [ 27.921030668136446, -12.41838290253728 ], [ 27.921030668136446, -12.418325225378345 ], [ 27.921117183874848, -12.41826754821941 ], [ 27.921146022454316, -12.418209871060474 ], [ 27.921203699613251, -12.418209871060474 ], [ 27.921261376772186, -12.418181032481007 ], [ 27.921290215351654, -12.418123355322072 ], [ 27.921347892510589, -12.418094516742604 ], [ 27.921405569669524, -12.418065678163137 ], [ 27.921463246828459, -12.418036839583669 ], [ 27.921520923987394, -12.418008001004202 ], [ 27.921578601146329, -12.417979162424734 ], [ 27.921636278305265, -12.417979162424734 ], [ 27.9216939554642, -12.417950323845266 ], [ 27.921751632623131, -12.417892646686331 ], [ 27.921838148361534, -12.417863808106864 ], [ 27.921895825520469, -12.417834969527396 ], [ 27.921953502679404, -12.417806130947929 ], [ 27.921953502679404, -12.417748453788994 ], [ 27.922011179838339, -12.417748453788994 ], [ 27.922068856997274, -12.41769077663006 ], [ 27.922068856997274, -12.417633099471125 ], [ 27.922068856997274, -12.41757542231219 ], [ 27.922068856997274, -12.417517745153255 ], [ 27.922097695576742, -12.41746006799432 ], [ 27.922126534156209, -12.417402390835385 ], [ 27.922126534156209, -12.417287036517514 ], [ 27.922126534156209, -12.417171682199644 ], [ 27.922155372735677, -12.417114005040709 ], [ 27.922155372735677, -12.417056327881774 ], [ 27.922155372735677, -12.416969812143371 ], [ 27.922155372735677, -12.416912134984436 ], [ 27.922155372735677, -12.416854457825501 ], [ 27.922184211315145, -12.416796780666566 ], [ 27.922213049894612, -12.416739103507631 ], [ 27.92224188847408, -12.416681426348696 ], [ 27.922299565633015, -12.416594910610295 ], [ 27.922299565633015, -12.416479556292424 ], [ 27.922386081371418, -12.416306524815619 ], [ 27.922414919950885, -12.416248847656684 ], [ 27.922414919950885, -12.416075816179879 ], [ 27.922414919950885, -12.415902784703073 ], [ 27.922414919950885, -12.415845107544138 ], [ 27.922414919950885, -12.415787430385203 ], [ 27.922443758530353, -12.415672076067333 ], [ 27.92247259710982, -12.415614398908398 ], [ 27.92247259710982, -12.415556721749464 ], [ 27.922501435689288, -12.415499044590529 ], [ 27.922501435689288, -12.415441367431594 ], [ 27.922530274268755, -12.415383690272659 ], [ 27.922530274268755, -12.415326013113724 ], [ 27.922559112848223, -12.415268335954789 ], [ 27.922559112848223, -12.415210658795854 ], [ 27.922559112848223, -12.415152981636918 ], [ 27.922559112848223, -12.415095304477983 ], [ 27.922559112848223, -12.415037627319048 ], [ 27.922559112848223, -12.414979950160113 ], [ 27.922559112848223, -12.414922273001178 ], [ 27.92258795142769, -12.41477808010384 ], [ 27.922616790007158, -12.414720402944905 ], [ 27.922616790007158, -12.414633887206502 ], [ 27.922616790007158, -12.4145473714681 ], [ 27.922616790007158, -12.414489694309164 ], [ 27.922616790007158, -12.414432017150231 ], [ 27.922616790007158, -12.414374339991296 ], [ 27.922616790007158, -12.414316662832361 ], [ 27.922616790007158, -12.414258985673426 ], [ 27.922616790007158, -12.414201308514491 ], [ 27.922645628586626, -12.414114792776088 ], [ 27.922674467166093, -12.414057115617153 ], [ 27.922674467166093, -12.413999438458218 ], [ 27.922732144325028, -12.41397059987875 ], [ 27.922789821483963, -12.41397059987875 ], [ 27.922847498642899, -12.41397059987875 ], [ 27.922905175801834, -12.41397059987875 ], [ 27.922962852960769, -12.41397059987875 ], [ 27.923020530119704, -12.413999438458218 ], [ 27.923078207278639, -12.414028277037685 ], [ 27.923135884437574, -12.414028277037685 ], [ 27.923193561596509, -12.414028277037685 ], [ 27.923251238755444, -12.414057115617153 ], [ 27.923308915914379, -12.414057115617153 ], [ 27.923366593073315, -12.41408595419662 ], [ 27.92342427023225, -12.41408595419662 ], [ 27.923481947391185, -12.414114792776088 ], [ 27.92353962455012, -12.414143631355556 ], [ 27.923597301709055, -12.414143631355556 ], [ 27.92365497886799, -12.414172469935023 ], [ 27.923712656026925, -12.414201308514491 ], [ 27.92377033318586, -12.414230147093958 ], [ 27.923828010344796, -12.414258985673426 ], [ 27.923885687503731, -12.414287824252893 ], [ 27.923943364662662, -12.414316662832361 ], [ 27.924001041821597, -12.414374339991296 ], [ 27.924058718980532, -12.414403178570764 ], [ 27.924116396139468, -12.414403178570764 ], [ 27.924174073298403, -12.414432017150231 ], [ 27.924231750457338, -12.414432017150231 ], [ 27.924289427616273, -12.414489694309164 ], [ 27.924347104775208, -12.414489694309164 ], [ 27.924404781934143, -12.414518532888632 ], [ 27.924462459093078, -12.414518532888632 ], [ 27.924520136252013, -12.4145473714681 ], [ 27.924577813410949, -12.4145473714681 ], [ 27.924635490569884, -12.414576210047567 ], [ 27.924693167728819, -12.414605048627035 ], [ 27.924750844887754, -12.414605048627035 ], [ 27.924837360626157, -12.414633887206502 ], [ 27.924923876364559, -12.414633887206502 ], [ 27.924981553523494, -12.41466272578597 ], [ 27.92503923068243, -12.414691564365437 ], [ 27.925096907841365, -12.414691564365437 ], [ 27.9251545850003, -12.414691564365437 ], [ 27.925212262159235, -12.414749241524373 ], [ 27.92526993931817, -12.414749241524373 ], [ 27.925327616477105, -12.414749241524373 ], [ 27.925356455056573, -12.414806918683308 ], [ 27.925414132215508, -12.414835757262775 ], [ 27.925471809374443, -12.414864595842243 ], [ 27.925529486533378, -12.414864595842243 ], [ 27.925587163692313, -12.414864595842243 ], [ 27.925644840851248, -12.41489343442171 ], [ 27.925702518010183, -12.414922273001178 ], [ 27.925731356589651, -12.414864595842243 ], [ 27.925731356589651, -12.414806918683308 ], [ 27.925731356589651, -12.414749241524373 ], [ 27.925731356589651, -12.41466272578597 ], [ 27.925731356589651, -12.4145473714681 ], [ 27.925731356589651, -12.414489694309164 ], [ 27.925731356589651, -12.414432017150231 ], [ 27.925731356589651, -12.414374339991296 ], [ 27.925731356589651, -12.414287824252893 ], [ 27.925731356589651, -12.414230147093958 ], [ 27.925731356589651, -12.414172469935023 ], [ 27.925731356589651, -12.414114792776088 ], [ 27.925731356589651, -12.414057115617153 ], [ 27.925702518010183, -12.413999438458218 ], [ 27.925644840851248, -12.413941761299283 ], [ 27.925587163692313, -12.41385524556088 ], [ 27.925529486533378, -12.413826406981412 ], [ 27.925442970794975, -12.41373989124301 ], [ 27.925414132215508, -12.413682214084075 ], [ 27.925356455056573, -12.413682214084075 ], [ 27.925298777897638, -12.413624536925139 ], [ 27.925241100738702, -12.413595698345672 ], [ 27.925183423579767, -12.413595698345672 ], [ 27.925125746420832, -12.413566859766204 ], [ 27.925068069261897, -12.413538021186737 ], [ 27.925068069261897, -12.413393828289399 ], [ 27.925010392102962, -12.413364989709933 ], [ 27.924837360626157, -12.413364989709933 ], [ 27.924750844887754, -12.413336151130466 ], [ 27.924693167728819, -12.413307312550998 ], [ 27.924520136252013, -12.413220796812595 ], [ 27.924433620513611, -12.413191958233128 ], [ 27.924375943354676, -12.41316311965366 ], [ 27.924260589036805, -12.413134281074193 ], [ 27.92420291187787, -12.413076603915258 ], [ 27.924145234718935, -12.41304776533579 ], [ 27.92408755756, -12.413018926756322 ], [ 27.924029880401065, -12.413018926756322 ], [ 27.92397220324213, -12.413018926756322 ], [ 27.923914526083195, -12.412990088176855 ], [ 27.923856848924263, -12.412961249597387 ], [ 27.923799171765328, -12.412961249597387 ], [ 27.923741494606393, -12.41293241101792 ], [ 27.923683817447458, -12.41293241101792 ], [ 27.923626140288523, -12.41293241101792 ], [ 27.923568463129588, -12.41293241101792 ], [ 27.923510785970652, -12.41293241101792 ], [ 27.923453108811717, -12.41293241101792 ], [ 27.923308915914379, -12.412903572438452 ], [ 27.923222400175977, -12.412903572438452 ], [ 27.923164723017042, -12.412903572438452 ], [ 27.923107045858107, -12.412903572438452 ], [ 27.923020530119704, -12.412903572438452 ], [ 27.922876337222366, -12.412903572438452 ], [ 27.922760982904496, -12.412874733858985 ], [ 27.922674467166093, -12.412874733858985 ], [ 27.922616790007158, -12.412874733858985 ], [ 27.922559112848223, -12.412874733858985 ], [ 27.922501435689288, -12.412845895279517 ], [ 27.922443758530353, -12.41281705670005 ], [ 27.922386081371418, -12.412788218120582 ], [ 27.922299565633015, -12.412788218120582 ], [ 27.922213049894612, -12.412788218120582 ], [ 27.922126534156209, -12.412788218120582 ], [ 27.922068856997274, -12.412788218120582 ], [ 27.922011179838339, -12.412788218120582 ], [ 27.921953502679404, -12.412788218120582 ], [ 27.921866986941001, -12.412788218120582 ], [ 27.921780471202599, -12.412788218120582 ], [ 27.921722794043664, -12.412788218120582 ], [ 27.921607439725797, -12.41281705670005 ], [ 27.921549762566862, -12.41281705670005 ], [ 27.921434408248992, -12.412788218120582 ], [ 27.921376731090056, -12.412788218120582 ], [ 27.921261376772186, -12.412759379541114 ], [ 27.921203699613251, -12.412730540961647 ], [ 27.921146022454316, -12.412730540961647 ], [ 27.921088345295381, -12.412730540961647 ], [ 27.920972990977511, -12.412730540961647 ], [ 27.920915313818575, -12.412759379541114 ], [ 27.920799959500705, -12.412759379541114 ], [ 27.92074228234177, -12.412759379541114 ], [ 27.920684605182835, -12.412759379541114 ], [ 27.9206269280239, -12.412759379541114 ], [ 27.920569250864965, -12.412759379541114 ], [ 27.92051157370603, -12.412759379541114 ], [ 27.920453896547095, -12.412759379541114 ], [ 27.920396219388159, -12.412759379541114 ], [ 27.920338542229224, -12.412759379541114 ], [ 27.920252026490822, -12.412759379541114 ], [ 27.920136672172951, -12.412759379541114 ], [ 27.920078995014016, -12.412759379541114 ], [ 27.920021317855081, -12.412759379541114 ], [ 27.919963640696146, -12.412759379541114 ], [ 27.919905963537211, -12.412759379541114 ], [ 27.919848286378276, -12.412788218120582 ], [ 27.919761770639873, -12.412788218120582 ], [ 27.91967525490147, -12.412788218120582 ], [ 27.919646416322003, -12.412845895279517 ], [ 27.919588739163068, -12.412845895279517 ], [ 27.919531062004136, -12.412845895279517 ], [ 27.919473384845201, -12.412874733858985 ], [ 27.919415707686266, -12.412874733858985 ], [ 27.919358030527331, -12.412874733858985 ], [ 27.919300353368396, -12.412874733858985 ], [ 27.919242676209461, -12.412874733858985 ], [ 27.919184999050525, -12.412874733858985 ], [ 27.91912732189159, -12.412874733858985 ], [ 27.919069644732655, -12.412874733858985 ], [ 27.918983128994252, -12.412874733858985 ], [ 27.918925451835317, -12.412874733858985 ], [ 27.918838936096915, -12.412874733858985 ], [ 27.918810097517447, -12.41281705670005 ], [ 27.918752420358512, -12.41281705670005 ], [ 27.918637066040642, -12.412788218120582 ], [ 27.918579388881707, -12.412788218120582 ], [ 27.918521711722772, -12.412759379541114 ], [ 27.918464034563836, -12.412730540961647 ], [ 27.918377518825434, -12.412672863802712 ], [ 27.918319841666499, -12.412672863802712 ], [ 27.918262164507563, -12.412615186643777 ], [ 27.918233325928096, -12.412557509484841 ], [ 27.918262164507563, -12.412499832325906 ], [ 27.918319841666499, -12.412442155166971 ], [ 27.918377518825434, -12.412442155166971 ], [ 27.918464034563836, -12.412384478008036 ], [ 27.918521711722772, -12.412384478008036 ], [ 27.918579388881707, -12.412355639428569 ], [ 27.918637066040642, -12.412326800849101 ], [ 27.918723581779044, -12.412326800849101 ], [ 27.91878125893798, -12.412297962269635 ], [ 27.918838936096915, -12.412269123690168 ], [ 27.918925451835317, -12.4122402851107 ], [ 27.918983128994252, -12.412211446531233 ], [ 27.919069644732655, -12.412211446531233 ], [ 27.919156160471058, -12.412182607951765 ], [ 27.919213837629993, -12.412153769372297 ], [ 27.919271514788928, -12.41212493079283 ], [ 27.919329191947863, -12.412096092213362 ], [ 27.919386869106798, -12.412096092213362 ], [ 27.919444546265733, -12.412067253633895 ], [ 27.919502223424669, -12.412067253633895 ], [ 27.9195599005836, -12.412038415054427 ], [ 27.919617577742535, -12.41200957647496 ], [ 27.91967525490147, -12.41200957647496 ], [ 27.919732932060406, -12.411980737895492 ], [ 27.919790609219341, -12.411980737895492 ], [ 27.919848286378276, -12.411980737895492 ], [ 27.919905963537211, -12.411923060736557 ], [ 27.919963640696146, -12.411894222157089 ], [ 27.920107833593484, -12.411894222157089 ], [ 27.920194349331886, -12.411894222157089 ], [ 27.920280865070289, -12.411894222157089 ], [ 27.920338542229224, -12.411865383577622 ], [ 27.920396219388159, -12.411865383577622 ], [ 27.920453896547095, -12.411865383577622 ], [ 27.92051157370603, -12.411865383577622 ], [ 27.920569250864965, -12.411865383577622 ], [ 27.920655766603367, -12.411865383577622 ], [ 27.920771120921238, -12.411836544998154 ], [ 27.92085763665964, -12.411807706418687 ], [ 27.920915313818575, -12.411807706418687 ], [ 27.920972990977511, -12.411807706418687 ], [ 27.921030668136446, -12.411807706418687 ], [ 27.921059506715913, -12.411750029259752 ], [ 27.921117183874848, -12.411750029259752 ], [ 27.921174861033784, -12.411750029259752 ], [ 27.921232538192719, -12.411750029259752 ], [ 27.921290215351654, -12.411750029259752 ], [ 27.921347892510589, -12.411750029259752 ], [ 27.921405569669524, -12.411750029259752 ], [ 27.921463246828459, -12.411750029259752 ], [ 27.921520923987394, -12.411721190680284 ], [ 27.921578601146329, -12.411721190680284 ], [ 27.921636278305265, -12.411692352100816 ], [ 27.921722794043664, -12.411663513521349 ], [ 27.921809309782066, -12.411663513521349 ], [ 27.921866986941001, -12.411663513521349 ], [ 27.921953502679404, -12.411663513521349 ], [ 27.922011179838339, -12.411634674941881 ], [ 27.922068856997274, -12.411634674941881 ], [ 27.922126534156209, -12.411634674941881 ], [ 27.922184211315145, -12.411634674941881 ], [ 27.92224188847408, -12.411605836362414 ], [ 27.922299565633015, -12.411605836362414 ], [ 27.92235724279195, -12.411605836362414 ], [ 27.922414919950885, -12.411605836362414 ], [ 27.92247259710982, -12.411576997782946 ], [ 27.922530274268755, -12.411576997782946 ], [ 27.92258795142769, -12.411548159203479 ], [ 27.922645628586626, -12.411548159203479 ], [ 27.922703305745561, -12.411519320624011 ], [ 27.922760982904496, -12.411490482044544 ], [ 27.922818660063431, -12.411461643465076 ], [ 27.922876337222366, -12.411432804885608 ], [ 27.922934014381301, -12.411432804885608 ], [ 27.922991691540236, -12.411432804885608 ], [ 27.923049368699171, -12.411403966306141 ], [ 27.923107045858107, -12.411403966306141 ], [ 27.923222400175977, -12.411375127726673 ], [ 27.923337754493847, -12.411375127726673 ], [ 27.923395431652782, -12.411375127726673 ], [ 27.923453108811717, -12.411375127726673 ], [ 27.92353962455012, -12.411375127726673 ], [ 27.923597301709055, -12.411375127726673 ], [ 27.92365497886799, -12.411375127726673 ], [ 27.923712656026925, -12.411375127726673 ], [ 27.92377033318586, -12.411403966306141 ], [ 27.923828010344796, -12.411403966306141 ], [ 27.923914526083195, -12.411403966306141 ], [ 27.923943364662662, -12.411317450567738 ], [ 27.924001041821597, -12.411346289147206 ], [ 27.924029880401065, -12.411403966306141 ], [ 27.92408755756, -12.411403966306141 ], [ 27.924145234718935, -12.411432804885608 ], [ 27.92420291187787, -12.411461643465076 ], [ 27.924260589036805, -12.411490482044544 ], [ 27.924347104775208, -12.411519320624011 ], [ 27.924433620513611, -12.411576997782946 ], [ 27.924491297672546, -12.411634674941881 ], [ 27.924548974831481, -12.411634674941881 ], [ 27.924577813410949, -12.411692352100816 ], [ 27.924635490569884, -12.411692352100816 ], [ 27.924664329149351, -12.411750029259752 ], [ 27.924722006308286, -12.411750029259752 ], [ 27.924779683467222, -12.411750029259752 ], [ 27.924837360626157, -12.411778867839219 ], [ 27.924895037785092, -12.411778867839219 ], [ 27.924923876364559, -12.411836544998154 ], [ 27.924981553523494, -12.411836544998154 ], [ 27.92503923068243, -12.411836544998154 ], [ 27.925096907841365, -12.411865383577622 ], [ 27.9251545850003, -12.411865383577622 ], [ 27.925212262159235, -12.411865383577622 ], [ 27.92526993931817, -12.411865383577622 ], [ 27.925298777897638, -12.411923060736557 ], [ 27.925356455056573, -12.411951899316024 ], [ 27.925414132215508, -12.411951899316024 ], [ 27.925471809374443, -12.411980737895492 ], [ 27.925529486533378, -12.411980737895492 ], [ 27.925587163692313, -12.41200957647496 ], [ 27.925644840851248, -12.412038415054427 ], [ 27.925702518010183, -12.412067253633895 ], [ 27.925760195169119, -12.412096092213362 ], [ 27.925817872328054, -12.412096092213362 ], [ 27.925875549486989, -12.412153769372297 ], [ 27.925933226645924, -12.412153769372297 ], [ 27.925990903804859, -12.412182607951765 ], [ 27.926077419543258, -12.412211446531233 ], [ 27.926135096702193, -12.412269123690168 ], [ 27.926192773861128, -12.412326800849101 ], [ 27.926250451020064, -12.412384478008036 ], [ 27.926336966758466, -12.412442155166971 ], [ 27.926365805337934, -12.412499832325906 ], [ 27.926452321076336, -12.412557509484841 ], [ 27.926509998235272, -12.412557509484841 ], [ 27.926567675394207, -12.412615186643777 ], [ 27.926625352553142, -12.412615186643777 ], [ 27.926683029712077, -12.412644025223244 ], [ 27.926740706871012, -12.412672863802712 ], [ 27.926798384029947, -12.412672863802712 ], [ 27.92688489976835, -12.412730540961647 ], [ 27.926942576927285, -12.412759379541114 ], [ 27.92700025408622, -12.412788218120582 ], [ 27.927057931245155, -12.41281705670005 ], [ 27.92711560840409, -12.412845895279517 ], [ 27.927173285563025, -12.412874733858985 ], [ 27.927230962721961, -12.412903572438452 ], [ 27.927317478460363, -12.412903572438452 ], [ 27.927403994198766, -12.41293241101792 ], [ 27.927519348516636, -12.412961249597387 ], [ 27.927605864255039, -12.412990088176855 ], [ 27.927663541413974, -12.412990088176855 ], [ 27.927721218572909, -12.412990088176855 ], [ 27.927778895731844, -12.413018926756322 ], [ 27.927865411470247, -12.413018926756322 ], [ 27.927923088629182, -12.413018926756322 ], [ 27.928009604367585, -12.41304776533579 ], [ 27.92806728152652, -12.41304776533579 ], [ 27.928124958685455, -12.413076603915258 ], [ 27.92818263584439, -12.413076603915258 ], [ 27.928269151582789, -12.413105442494725 ], [ 27.928326828741724, -12.413134281074193 ], [ 27.928384505900659, -12.413134281074193 ], [ 27.928413344480127, -12.413191958233128 ], [ 27.928442183059595, -12.413249635392063 ], [ 27.92849986021853, -12.413249635392063 ], [ 27.928528698797997, -12.413307312550998 ], [ 27.928586375956932, -12.413364989709933 ], [ 27.928644053115868, -12.413364989709933 ], [ 27.928672891695335, -12.413422666868867 ], [ 27.928759407433738, -12.413480344027802 ], [ 27.928817084592673, -12.413480344027802 ], [ 27.928874761751608, -12.413480344027802 ], [ 27.928932438910543, -12.413509182607269 ], [ 27.928990116069478, -12.413566859766204 ], [ 27.929047793228413, -12.413595698345672 ], [ 27.929105470387348, -12.413595698345672 ], [ 27.929163147546284, -12.413624536925139 ], [ 27.929278501864154, -12.413682214084075 ], [ 27.929336179023089, -12.413711052663542 ], [ 27.929393856182024, -12.413711052663542 ], [ 27.929451533340959, -12.41373989124301 ], [ 27.929538049079362, -12.413797568401945 ], [ 27.929595726238297, -12.413826406981412 ], [ 27.929624564817765, -12.413884084140347 ], [ 27.9296822419767, -12.413884084140347 ], [ 27.9296822419767, -12.413941761299283 ], [ 27.929739919135635, -12.41397059987875 ], [ 27.92979759629457, -12.413999438458218 ], [ 27.929884112032973, -12.414057115617153 ], [ 27.929941789191908, -12.414057115617153 ], [ 27.929999466350843, -12.414057115617153 ], [ 27.930057143509778, -12.41408595419662 ], [ 27.930172497827648, -12.414114792776088 ], [ 27.930287852145518, -12.414143631355556 ], [ 27.930403206463389, -12.414143631355556 ], [ 27.93046088362232, -12.414143631355556 ], [ 27.930518560781255, -12.414172469935023 ], [ 27.930576237940191, -12.414230147093958 ], [ 27.930633915099126, -12.414258985673426 ], [ 27.930691592258061, -12.414287824252893 ], [ 27.930749269416996, -12.414316662832361 ], [ 27.930806946575931, -12.414374339991296 ], [ 27.930893462314334, -12.414403178570764 ], [ 27.930951139473269, -12.414460855729699 ], [ 27.931037655211671, -12.414489694309164 ], [ 27.931095332370607, -12.414518532888632 ], [ 27.931153009529542, -12.414576210047567 ], [ 27.931210686688477, -12.414605048627035 ], [ 27.931268363847412, -12.414633887206502 ], [ 27.931326041006347, -12.41466272578597 ], [ 27.931383718165282, -12.414691564365437 ], [ 27.931441395324217, -12.414720402944905 ], [ 27.931499072483152, -12.414749241524373 ], [ 27.931585588221555, -12.414806918683308 ], [ 27.93164326538049, -12.414835757262775 ], [ 27.931700942539425, -12.414864595842243 ], [ 27.93175861969836, -12.414864595842243 ], [ 27.93175861969836, -12.414922273001178 ], [ 27.931816296857296, -12.414951111580645 ], [ 27.931873974016231, -12.414979950160113 ], [ 27.931902812595698, -12.415037627319048 ], [ 27.931931651175166, -12.415095304477983 ], [ 27.931989328334101, -12.415095304477983 ], [ 27.931989328334101, -12.415152981636918 ], [ 27.932018166913569, -12.415210658795854 ], [ 27.932075844072504, -12.415210658795854 ], [ 27.932104682651971, -12.415268335954789 ], [ 27.932104682651971, -12.415326013113724 ], [ 27.932162359810906, -12.415354851693191 ], [ 27.932220036969841, -12.415383690272659 ], [ 27.932277714128777, -12.415412528852126 ], [ 27.932335391287712, -12.415441367431594 ], [ 27.932393068446647, -12.415441367431594 ], [ 27.932450745605582, -12.415441367431594 ], [ 27.932508422764517, -12.415470206011062 ], [ 27.932566099923452, -12.415499044590529 ], [ 27.932594938502916, -12.415556721749464 ], [ 27.932652615661851, -12.415556721749464 ], [ 27.932796808559189, -12.415499044590529 ], [ 27.932912162877059, -12.415412528852126 ], [ 27.932941001456527, -12.415470206011062 ], [ 27.932969840035994, -12.415527883169997 ], [ 27.93302751719493, -12.41558556032893 ], [ 27.933085194353865, -12.415643237487865 ], [ 27.9331428715128, -12.415672076067333 ], [ 27.933229387251203, -12.415729753226268 ], [ 27.933287064410138, -12.415787430385203 ], [ 27.93337358014854, -12.41581626896467 ], [ 27.933460095886943, -12.415873946123606 ], [ 27.933546611625346, -12.415902784703073 ], [ 27.933604288784281, -12.415902784703073 ], [ 27.933633127363748, -12.415960461862008 ], [ 27.933690804522683, -12.415960461862008 ], [ 27.933748481681619, -12.415989300441476 ], [ 27.933834997420021, -12.416018139020943 ], [ 27.933892674578956, -12.416075816179879 ], [ 27.933950351737892, -12.416133493338814 ], [ 27.934008028896827, -12.416191170497749 ], [ 27.934036867476294, -12.416248847656684 ], [ 27.934065706055762, -12.416306524815619 ], [ 27.934065706055762, -12.416364201974554 ], [ 27.934123383214697, -12.416421879133489 ], [ 27.934152221794164, -12.416479556292424 ], [ 27.9342098989531, -12.416508394871892 ], [ 27.934238737532567, -12.416566072030827 ], [ 27.934296414691502, -12.416594910610295 ], [ 27.93432525327097, -12.416652587769228 ], [ 27.934382930429905, -12.416681426348696 ], [ 27.934498284747775, -12.416739103507631 ], [ 27.934527123327243, -12.416796780666566 ], [ 27.934613639065645, -12.416825619246033 ], [ 27.934671316224581, -12.416854457825501 ], [ 27.934728993383516, -12.416883296404968 ], [ 27.934815509121915, -12.416969812143371 ], [ 27.93487318628085, -12.416998650722839 ], [ 27.934930863439785, -12.417056327881774 ], [ 27.93498854059872, -12.417085166461241 ], [ 27.935046217757655, -12.417114005040709 ], [ 27.93510389491659, -12.417171682199644 ], [ 27.935190410654993, -12.417229359358579 ], [ 27.935248087813928, -12.417258197938047 ], [ 27.935305764972863, -12.417287036517514 ], [ 27.935363442131798, -12.417315875096982 ], [ 27.935421119290734, -12.417344713676449 ], [ 27.935478796449669, -12.417373552255917 ], [ 27.935507635029136, -12.417488906573787 ], [ 27.935536473608604, -12.417546583732722 ], [ 27.935565312188071, -12.417633099471125 ], [ 27.935565312188071, -12.417748453788994 ], [ 27.935594150767539, -12.417806130947929 ], [ 27.935622989347006, -12.417863808106864 ], [ 27.935680666505942, -12.417892646686331 ], [ 27.935709505085409, -12.417950323845266 ], [ 27.935767182244344, -12.417979162424734 ], [ 27.935824859403279, -12.417979162424734 ], [ 27.935853697982747, -12.418036839583669 ], [ 27.935911375141682, -12.418036839583669 ], [ 27.935969052300617, -12.418065678163137 ], [ 27.936026729459552, -12.418094516742604 ], [ 27.936084406618487, -12.418094516742604 ], [ 27.936142083777423, -12.418123355322072 ], [ 27.936199760936358, -12.418152193901539 ], [ 27.936257438095293, -12.418152193901539 ], [ 27.936315115254228, -12.418181032481007 ], [ 27.936372792413163, -12.418209871060474 ], [ 27.936430469572098, -12.418209871060474 ], [ 27.936488146731033, -12.418209871060474 ], [ 27.936545823889968, -12.418238709639942 ], [ 27.936603501048904, -12.41826754821941 ], [ 27.936690016787306, -12.41826754821941 ], [ 27.936747693946241, -12.418325225378345 ], [ 27.936805371105176, -12.418325225378345 ], [ 27.936891886843579, -12.41838290253728 ], [ 27.936920725423047, -12.418440579696215 ], [ 27.936949564002511, -12.41849825685515 ], [ 27.937007241161446, -12.418527095434618 ], [ 27.937036079740913, -12.418584772593553 ], [ 27.937064918320381, -12.418642449752488 ], [ 27.937122595479316, -12.418671288331955 ], [ 27.937151434058784, -12.418728965490891 ], [ 27.937237949797186, -12.418728965490891 ], [ 27.937295626956121, -12.418728965490891 ], [ 27.937382142694524, -12.418757804070358 ], [ 27.937439819853459, -12.418786642649826 ], [ 27.937555174171329, -12.418786642649826 ], [ 27.937641689909732, -12.418815481229293 ], [ 27.937699367068667, -12.418844319808759 ], [ 27.937757044227602, -12.418873158388227 ], [ 27.937814721386538, -12.418901996967694 ], [ 27.937872398545473, -12.418930835547162 ], [ 27.937872398545473, -12.418988512706097 ], [ 27.937930075704408, -12.418988512706097 ], [ 27.937987752863343, -12.419017351285564 ], [ 27.938045430022278, -12.4190750284445 ], [ 27.938103107181213, -12.419103867023967 ], [ 27.938160784340148, -12.419132705603435 ], [ 27.938218461499083, -12.419132705603435 ], [ 27.938276138658019, -12.419161544182902 ], [ 27.938333815816954, -12.419161544182902 ], [ 27.938391492975889, -12.419161544182902 ], [ 27.938449170134824, -12.41919038276237 ], [ 27.938506847293759, -12.41919038276237 ], [ 27.938564524452694, -12.41919038276237 ], [ 27.938651040191097, -12.41919038276237 ], [ 27.938766394508967, -12.419219221341837 ], [ 27.938824071667902, -12.419248059921305 ], [ 27.938881748826837, -12.419248059921305 ], [ 27.939025941724175, -12.419248059921305 ], [ 27.93908361888311, -12.419276898500772 ], [ 27.939141296042042, -12.419276898500772 ], [ 27.939227811780444, -12.419334575659708 ], [ 27.93928548893938, -12.419334575659708 ], [ 27.939343166098315, -12.419334575659708 ], [ 27.93940084325725, -12.419363414239175 ], [ 27.939458520416185, -12.419363414239175 ], [ 27.93951619757512, -12.419363414239175 ], [ 27.939573874734055, -12.419363414239175 ], [ 27.93963155189299, -12.419363414239175 ], [ 27.939689229051925, -12.419363414239175 ], [ 27.939746906210861, -12.419392252818643 ], [ 27.939804583369796, -12.41942109139811 ], [ 27.939862260528731, -12.419478768557045 ], [ 27.939919937687666, -12.419478768557045 ], [ 27.939977614846601, -12.419507607136513 ], [ 27.940035292005536, -12.41953644571598 ], [ 27.940121807743939, -12.419594122874916 ], [ 27.940179484902874, -12.419594122874916 ], [ 27.940237162061809, -12.419594122874916 ], [ 27.940294839220744, -12.419622961454383 ], [ 27.940352516379679, -12.419651800033851 ], [ 27.940410193538614, -12.419680638613318 ], [ 27.94046787069755, -12.419680638613318 ], [ 27.940525547856485, -12.419680638613318 ], [ 27.94058322501542, -12.419709477192786 ], [ 27.94058322501542, -12.419767154351721 ], [ 27.940612063594887, -12.419824831510656 ], [ 27.940640902174355, -12.419882508669591 ], [ 27.94069857933329, -12.419940185828525 ], [ 27.94069857933329, -12.41999786298746 ], [ 27.94069857933329, -12.420055540146395 ], [ 27.940756256492225, -12.420055540146395 ], [ 27.940756256492225, -12.42011321730533 ], [ 27.940756256492225, -12.420170894464265 ], [ 27.940756256492225, -12.420257410202668 ], [ 27.940756256492225, -12.420315087361603 ], [ 27.940756256492225, -12.420372764520538 ], [ 27.940785095071693, -12.420430441679473 ], [ 27.940785095071693, -12.420516957417876 ], [ 27.940785095071693, -12.420574634576811 ], [ 27.94081393365116, -12.420632311735746 ], [ 27.94081393365116, -12.420689988894681 ], [ 27.94081393365116, -12.420747666053616 ], [ 27.940785095071693, -12.420834181792019 ], [ 27.940785095071693, -12.420920697530422 ], [ 27.940785095071693, -12.420978374689357 ], [ 27.940785095071693, -12.421064890427758 ], [ 27.940785095071693, -12.421122567586693 ], [ 27.940785095071693, -12.421209083325095 ], [ 27.940756256492225, -12.421295599063498 ], [ 27.940756256492225, -12.421382114801901 ], [ 27.940727417912758, -12.421439791960836 ], [ 27.940727417912758, -12.421497469119771 ], [ 27.940727417912758, -12.421555146278706 ], [ 27.940727417912758, -12.421612823437641 ], [ 27.940727417912758, -12.421670500596576 ], [ 27.940727417912758, -12.421728177755512 ], [ 27.940727417912758, -12.421785854914447 ], [ 27.940727417912758, -12.421872370652849 ], [ 27.940727417912758, -12.421930047811784 ], [ 27.940727417912758, -12.42198772497072 ], [ 27.940756256492225, -12.422045402129655 ], [ 27.940756256492225, -12.422103079288588 ], [ 27.940756256492225, -12.422160756447523 ], [ 27.940785095071693, -12.422218433606458 ], [ 27.940785095071693, -12.422276110765393 ], [ 27.94081393365116, -12.422333787924329 ], [ 27.94081393365116, -12.422420303662731 ], [ 27.94081393365116, -12.422535657980601 ], [ 27.94081393365116, -12.422593335139537 ], [ 27.94081393365116, -12.422679850877939 ], [ 27.94081393365116, -12.422737528036874 ], [ 27.94081393365116, -12.422795205195809 ], [ 27.94081393365116, -12.422852882354745 ], [ 27.94081393365116, -12.42291055951368 ], [ 27.94081393365116, -12.422968236672615 ], [ 27.94081393365116, -12.42302591383155 ], [ 27.94081393365116, -12.423083590990485 ], [ 27.94081393365116, -12.42314126814942 ], [ 27.94081393365116, -12.423198945308354 ], [ 27.94081393365116, -12.423256622467289 ], [ 27.94081393365116, -12.423314299626224 ], [ 27.94081393365116, -12.423371976785159 ], [ 27.94081393365116, -12.423429653944094 ], [ 27.94081393365116, -12.423487331103029 ], [ 27.94081393365116, -12.423545008261964 ], [ 27.94081393365116, -12.423602685420899 ], [ 27.940756256492225, -12.42371803973877 ], [ 27.940756256492225, -12.423775716897705 ], [ 27.94069857933329, -12.42383339405664 ], [ 27.940669740753822, -12.423891071215575 ], [ 27.940640902174355, -12.42394874837451 ], [ 27.940612063594887, -12.424006425533445 ], [ 27.940612063594887, -12.42406410269238 ], [ 27.940612063594887, -12.424179457010251 ], [ 27.940612063594887, -12.424237134169186 ], [ 27.940612063594887, -12.424294811328119 ], [ 27.940612063594887, -12.424439004225457 ], [ 27.940612063594887, -12.424669712861197 ], [ 27.940612063594887, -12.4247562285996 ], [ 27.940612063594887, -12.424842744338003 ], [ 27.940612063594887, -12.424900421496938 ], [ 27.940612063594887, -12.424958098655873 ], [ 27.940612063594887, -12.425015775814808 ], [ 27.940612063594887, -12.425073452973743 ], [ 27.940612063594887, -12.425131130132678 ], [ 27.940612063594887, -12.425188807291613 ], [ 27.940612063594887, -12.425246484450549 ], [ 27.940612063594887, -12.425304161609484 ], [ 27.940612063594887, -12.425361838768417 ], [ 27.940612063594887, -12.425419515927352 ], [ 27.940612063594887, -12.425477193086287 ], [ 27.940612063594887, -12.425534870245222 ], [ 27.940612063594887, -12.425592547404158 ], [ 27.940612063594887, -12.42567906314256 ], [ 27.940612063594887, -12.425736740301495 ], [ 27.940612063594887, -12.425823256039898 ], [ 27.940554386435952, -12.425880933198833 ], [ 27.940554386435952, -12.426053964675638 ], [ 27.940554386435952, -12.426169318993509 ], [ 27.940554386435952, -12.426255834731911 ], [ 27.940525547856485, -12.426342350470314 ], [ 27.940525547856485, -12.426428866208717 ], [ 27.940525547856485, -12.426515381947118 ], [ 27.940525547856485, -12.42660189768552 ], [ 27.940525547856485, -12.426659574844455 ], [ 27.940525547856485, -12.426717252003391 ], [ 27.940496709277017, -12.426774929162326 ], [ 27.94046787069755, -12.426832606321261 ], [ 27.940439032118082, -12.426919122059664 ], [ 27.940439032118082, -12.426976799218599 ], [ 27.940410193538614, -12.427034476377534 ], [ 27.940410193538614, -12.427092153536469 ], [ 27.940410193538614, -12.427149830695404 ], [ 27.940381354959147, -12.427207507854339 ], [ 27.940381354959147, -12.427265185013274 ], [ 27.940381354959147, -12.427322862172209 ], [ 27.940381354959147, -12.427380539331145 ], [ 27.940381354959147, -12.42743821649008 ], [ 27.940381354959147, -12.427495893649015 ], [ 27.940381354959147, -12.427553570807948 ], [ 27.940352516379679, -12.427611247966883 ], [ 27.940352516379679, -12.427668925125818 ], [ 27.940323677800212, -12.427726602284753 ], [ 27.928297990162257, -12.424352488487054 ] ] ] ] } },
{ "type": "Feature", "properties": { "id": 5, "name": "Fitobaula", "status": "active", "area_ha": 151.67 }, "geometry": { "type": "MultiPolygon", "coordinates": [ [ [ [ 27.881377394783073, -12.409766636956238 ], [ 27.881314344171692, -12.40973511165055 ], [ 27.881251293560315, -12.40973511165055 ], [ 27.881188242948934, -12.409703586344859 ], [ 27.881125192337556, -12.409703586344859 ], [ 27.881062141726176, -12.409672061039171 ], [ 27.880999091114798, -12.40964053573348 ], [ 27.880936040503421, -12.40964053573348 ], [ 27.88087298989204, -12.409609010427792 ], [ 27.880809939280663, -12.409609010427792 ], [ 27.880746888669282, -12.409577485122101 ], [ 27.880683838057905, -12.409577485122101 ], [ 27.880620787446524, -12.409577485122101 ], [ 27.880557736835147, -12.409577485122101 ], [ 27.880494686223766, -12.409577485122101 ], [ 27.880431635612389, -12.409577485122101 ], [ 27.880368585001012, -12.409577485122101 ], [ 27.880305534389631, -12.409577485122101 ], [ 27.880242483778254, -12.409577485122101 ], [ 27.880179433166873, -12.409577485122101 ], [ 27.880116382555496, -12.409577485122101 ], [ 27.880021806638428, -12.409577485122101 ], [ 27.879958756027047, -12.409545959816413 ], [ 27.87989570541567, -12.409545959816413 ], [ 27.879832654804289, -12.409545959816413 ], [ 27.879769604192912, -12.409514434510722 ], [ 27.879706553581531, -12.409514434510722 ], [ 27.879643502970154, -12.409514434510722 ], [ 27.879580452358777, -12.409451383899345 ], [ 27.879548927053087, -12.409388333287966 ], [ 27.879485876441706, -12.409388333287966 ], [ 27.879454351136019, -12.409325282676587 ], [ 27.879391300524638, -12.409325282676587 ], [ 27.879328249913261, -12.409293757370897 ], [ 27.87926519930188, -12.409262232065208 ], [ 27.879202148690503, -12.409230706759518 ], [ 27.879170623384812, -12.40916765614814 ], [ 27.879107572773435, -12.40916765614814 ], [ 27.879076047467745, -12.409104605536761 ], [ 27.879012996856368, -12.409041554925382 ], [ 27.878949946244987, -12.408946979008315 ], [ 27.87888689563361, -12.408915453702624 ], [ 27.878855370327919, -12.408852403091245 ], [ 27.878792319716542, -12.408820877785557 ], [ 27.878729269105161, -12.408757827174178 ], [ 27.878697743799471, -12.408694776562799 ], [ 27.878634693188094, -12.40866325125711 ], [ 27.878571642576716, -12.40863172595142 ], [ 27.878540117271026, -12.408568675340041 ], [ 27.878477066659645, -12.408537150034352 ], [ 27.878414016048268, -12.408505624728662 ], [ 27.878382490742577, -12.408442574117283 ], [ 27.8783194401312, -12.408442574117283 ], [ 27.878256389519819, -12.408442574117283 ], [ 27.878193338908442, -12.408442574117283 ], [ 27.878130288297061, -12.408442574117283 ], [ 27.878067237685684, -12.408442574117283 ], [ 27.878004187074307, -12.408411048811594 ], [ 27.877941136462926, -12.408411048811594 ], [ 27.877878085851549, -12.408411048811594 ], [ 27.877815035240168, -12.408411048811594 ], [ 27.877751984628791, -12.408411048811594 ], [ 27.87768893401741, -12.408411048811594 ], [ 27.877625883406033, -12.408411048811594 ], [ 27.877562832794656, -12.408411048811594 ], [ 27.877499782183275, -12.408411048811594 ], [ 27.877436731571898, -12.408379523505905 ], [ 27.877373680960517, -12.408347998200215 ], [ 27.87731063034914, -12.408316472894526 ], [ 27.877247579737759, -12.408316472894526 ], [ 27.877184529126382, -12.408316472894526 ], [ 27.877121478515001, -12.408284947588836 ], [ 27.877058427903624, -12.408253422283147 ], [ 27.876995377292246, -12.408221896977457 ], [ 27.876932326680866, -12.408190371671768 ], [ 27.876869276069488, -12.408190371671768 ], [ 27.876806225458107, -12.40815884636608 ], [ 27.87671164954104, -12.408127321060389 ], [ 27.876648598929663, -12.40806427044901 ], [ 27.876585548318282, -12.408032745143322 ], [ 27.876459447095524, -12.408001219837631 ], [ 27.876396396484147, -12.407969694531943 ], [ 27.876301820567079, -12.407938169226252 ], [ 27.876207244650011, -12.407938169226252 ], [ 27.876144194038631, -12.407906643920564 ], [ 27.876081143427253, -12.407906643920564 ], [ 27.876049618121563, -12.407843593309185 ], [ 27.875923516898805, -12.407843593309185 ], [ 27.875828940981737, -12.407812068003496 ], [ 27.875765890370356, -12.407780542697806 ], [ 27.875702839758979, -12.407780542697806 ], [ 27.875608263841912, -12.407749017392117 ], [ 27.875545213230531, -12.407685966780738 ], [ 27.875450637313463, -12.407622916169359 ], [ 27.875387586702086, -12.40755986555798 ], [ 27.875324536090705, -12.40755986555798 ], [ 27.875293010785018, -12.407496814946601 ], [ 27.875229960173638, -12.407433764335222 ], [ 27.87516690956226, -12.407339188418154 ], [ 27.87513538425657, -12.407244612501087 ], [ 27.875072333645193, -12.407181561889708 ], [ 27.875072333645193, -12.407118511278329 ], [ 27.875040808339502, -12.40705546066695 ], [ 27.875040808339502, -12.406992410055571 ], [ 27.875009283033812, -12.406929359444192 ], [ 27.875009283033812, -12.406834783527124 ], [ 27.875040808339502, -12.406708682304366 ], [ 27.875040808339502, -12.406645631692987 ], [ 27.875040808339502, -12.40658258108161 ], [ 27.875072333645193, -12.406519530470231 ], [ 27.87513538425657, -12.40648800516454 ], [ 27.875198434867951, -12.406393429247473 ], [ 27.875229960173638, -12.406330378636094 ], [ 27.875293010785018, -12.406298853330405 ], [ 27.875293010785018, -12.406235802719026 ], [ 27.875356061396396, -12.406172752107647 ], [ 27.875419112007776, -12.4060151255792 ], [ 27.875450637313463, -12.405920549662131 ], [ 27.875482162619154, -12.405857499050752 ], [ 27.875545213230531, -12.405825973745063 ], [ 27.875545213230531, -12.405762923133684 ], [ 27.875576738536221, -12.405699872522305 ], [ 27.875639789147602, -12.405699872522305 ], [ 27.875671314453289, -12.405636821910926 ], [ 27.87573436506467, -12.405605296605238 ], [ 27.875765890370356, -12.405542245993859 ], [ 27.875860466287428, -12.405416144771101 ], [ 27.875923516898805, -12.405384619465412 ], [ 27.875923516898805, -12.405321568854033 ], [ 27.875955042204495, -12.405258518242654 ], [ 27.875891991593114, -12.405226992936965 ], [ 27.875828940981737, -12.405226992936965 ], [ 27.875765890370356, -12.405226992936965 ], [ 27.875702839758979, -12.405226992936965 ], [ 27.875639789147602, -12.405226992936965 ], [ 27.875576738536221, -12.405226992936965 ], [ 27.875513687924844, -12.405195467631275 ], [ 27.875513687924844, -12.405132417019896 ], [ 27.875545213230531, -12.405069366408517 ], [ 27.875576738536221, -12.405006315797138 ], [ 27.875608263841912, -12.404943265185761 ], [ 27.875639789147602, -12.404880214574382 ], [ 27.875639789147602, -12.404817163963003 ], [ 27.875639789147602, -12.404754113351624 ], [ 27.875639789147602, -12.404691062740245 ], [ 27.875639789147602, -12.404628012128866 ], [ 27.875639789147602, -12.404564961517487 ], [ 27.875639789147602, -12.404501910906108 ], [ 27.875639789147602, -12.40440733498904 ], [ 27.875639789147602, -12.404344284377661 ], [ 27.875639789147602, -12.404281233766282 ], [ 27.875639789147602, -12.404218183154903 ], [ 27.875639789147602, -12.404155132543526 ], [ 27.875576738536221, -12.404155132543526 ], [ 27.875545213230531, -12.404218183154903 ], [ 27.875482162619154, -12.404249708460593 ], [ 27.875419112007776, -12.404249708460593 ], [ 27.875324536090705, -12.404249708460593 ], [ 27.875261485479328, -12.404249708460593 ], [ 27.875198434867951, -12.404249708460593 ], [ 27.87513538425657, -12.404249708460593 ], [ 27.875072333645193, -12.404249708460593 ], [ 27.875009283033812, -12.404249708460593 ], [ 27.874914707116744, -12.404249708460593 ], [ 27.874851656505367, -12.404249708460593 ], [ 27.874788605893986, -12.404249708460593 ], [ 27.874725555282609, -12.404218183154903 ], [ 27.874662504671228, -12.404218183154903 ], [ 27.874567928754161, -12.404186657849214 ], [ 27.874504878142783, -12.404155132543526 ], [ 27.874441827531403, -12.404155132543526 ], [ 27.874347251614335, -12.404092081932147 ], [ 27.874284201002958, -12.404029031320768 ], [ 27.874221150391577, -12.403997506015077 ], [ 27.874189625085886, -12.4039344554037 ], [ 27.8741580997802, -12.403871404792321 ], [ 27.874095049168819, -12.403839879486631 ], [ 27.874063523863132, -12.403776828875252 ], [ 27.874000473251751, -12.403745303569563 ], [ 27.873968947946061, -12.403682252958184 ], [ 27.873905897334684, -12.403619202346805 ], [ 27.873905897334684, -12.403556151735426 ], [ 27.873874372028993, -12.403493101124047 ], [ 27.873811321417616, -12.403398525206979 ], [ 27.873779796111926, -12.4033354745956 ], [ 27.873748270806235, -12.403272423984221 ], [ 27.873716745500548, -12.403209373372842 ], [ 27.873653694889168, -12.403146322761465 ], [ 27.873653694889168, -12.403083272150086 ], [ 27.87359064427779, -12.403020221538707 ], [ 27.87352759366641, -12.402957170927328 ], [ 27.873496068360723, -12.402894120315949 ], [ 27.873433017749342, -12.40283106970457 ], [ 27.873401492443652, -12.402704968481812 ], [ 27.873401492443652, -12.402641917870433 ], [ 27.873401492443652, -12.402578867259056 ], [ 27.873401492443652, -12.402515816647677 ], [ 27.873433017749342, -12.402452766036298 ], [ 27.873496068360723, -12.402389715424919 ], [ 27.8735591189721, -12.402295139507851 ], [ 27.873622169583477, -12.402263614202161 ], [ 27.873653694889168, -12.402200563590782 ], [ 27.873685220194858, -12.402137512979403 ], [ 27.873748270806235, -12.402137512979403 ], [ 27.873779796111926, -12.402074462368025 ], [ 27.873811321417616, -12.402011411756646 ], [ 27.873874372028993, -12.401948361145267 ], [ 27.873874372028993, -12.401885310533888 ], [ 27.873905897334684, -12.401822259922509 ], [ 27.873968947946061, -12.40175920931113 ], [ 27.874000473251751, -12.401696158699751 ], [ 27.874031998557442, -12.401633108088372 ], [ 27.874031998557442, -12.401570057476993 ], [ 27.874063523863132, -12.401507006865616 ], [ 27.874126574474509, -12.401443956254237 ], [ 27.8741580997802, -12.401380905642858 ], [ 27.874221150391577, -12.401317855031479 ], [ 27.874252675697267, -12.4012548044201 ], [ 27.874315726308645, -12.4012548044201 ], [ 27.874378776920025, -12.4012548044201 ], [ 27.874441827531403, -12.4012548044201 ], [ 27.874504878142783, -12.4012548044201 ], [ 27.874567928754161, -12.4012548044201 ], [ 27.874630979365541, -12.4012548044201 ], [ 27.874694029976919, -12.4012548044201 ], [ 27.874757080588296, -12.4012548044201 ], [ 27.874820131199677, -12.4012548044201 ], [ 27.874883181811054, -12.40128632972579 ], [ 27.874977757728121, -12.40128632972579 ], [ 27.875040808339502, -12.40128632972579 ], [ 27.875103858950879, -12.40128632972579 ], [ 27.87516690956226, -12.40128632972579 ], [ 27.875229960173638, -12.40128632972579 ], [ 27.875293010785018, -12.401317855031479 ], [ 27.875387586702086, -12.401349380337168 ], [ 27.875482162619154, -12.401412430948547 ], [ 27.875545213230531, -12.401443956254237 ], [ 27.875576738536221, -12.401507006865616 ], [ 27.875639789147602, -12.401507006865616 ], [ 27.875671314453289, -12.401570057476993 ], [ 27.87573436506467, -12.401601582782684 ], [ 27.875797415676047, -12.401633108088372 ], [ 27.875860466287428, -12.401633108088372 ], [ 27.875923516898805, -12.401633108088372 ], [ 27.876018092815873, -12.401633108088372 ], [ 27.876081143427253, -12.401633108088372 ], [ 27.876144194038631, -12.401633108088372 ], [ 27.876207244650011, -12.401633108088372 ], [ 27.876270295261389, -12.401633108088372 ], [ 27.876333345872766, -12.401633108088372 ], [ 27.876396396484147, -12.401633108088372 ], [ 27.876490972401214, -12.401633108088372 ], [ 27.876554023012591, -12.401633108088372 ], [ 27.876617073623972, -12.401664633394063 ], [ 27.876680124235349, -12.401664633394063 ], [ 27.87674317484673, -12.401664633394063 ], [ 27.876806225458107, -12.401696158699751 ], [ 27.876869276069488, -12.401696158699751 ], [ 27.876932326680866, -12.401696158699751 ], [ 27.876995377292246, -12.401727684005442 ], [ 27.877058427903624, -12.40175920931113 ], [ 27.877121478515001, -12.40175920931113 ], [ 27.877184529126382, -12.401790734616821 ], [ 27.877247579737759, -12.401822259922509 ], [ 27.87731063034914, -12.401853785228198 ], [ 27.877373680960517, -12.401885310533888 ], [ 27.877436731571898, -12.401885310533888 ], [ 27.877499782183275, -12.401916835839577 ], [ 27.877562832794656, -12.401948361145267 ], [ 27.877625883406033, -12.401979886450956 ], [ 27.87768893401741, -12.402011411756646 ], [ 27.877751984628791, -12.402011411756646 ], [ 27.877815035240168, -12.402011411756646 ], [ 27.877878085851549, -12.402011411756646 ], [ 27.877941136462926, -12.402011411756646 ], [ 27.878004187074307, -12.402011411756646 ], [ 27.878098762991375, -12.401979886450956 ], [ 27.878161813602752, -12.401979886450956 ], [ 27.878256389519819, -12.401948361145267 ], [ 27.8783194401312, -12.401948361145267 ], [ 27.878414016048268, -12.401948361145267 ], [ 27.878508591965335, -12.401948361145267 ], [ 27.878571642576716, -12.401979886450956 ], [ 27.878697743799471, -12.401979886450956 ], [ 27.878760794410852, -12.402011411756646 ], [ 27.878823845022229, -12.402011411756646 ], [ 27.87888689563361, -12.402042937062335 ], [ 27.878949946244987, -12.402042937062335 ], [ 27.878981471550677, -12.402105987673714 ], [ 27.879044522162054, -12.402105987673714 ], [ 27.879107572773435, -12.402169038285093 ], [ 27.879202148690503, -12.402169038285093 ], [ 27.87926519930188, -12.402169038285093 ], [ 27.879328249913261, -12.402200563590782 ], [ 27.879391300524638, -12.402232088896472 ], [ 27.879454351136019, -12.402232088896472 ], [ 27.879517401747396, -12.402232088896472 ], [ 27.879580452358777, -12.402232088896472 ], [ 27.879675028275845, -12.402263614202161 ], [ 27.879738078887222, -12.402263614202161 ], [ 27.879832654804289, -12.402263614202161 ], [ 27.87989570541567, -12.402263614202161 ], [ 27.879990281332738, -12.402263614202161 ], [ 27.880053331944115, -12.402263614202161 ], [ 27.880147907861186, -12.402263614202161 ], [ 27.880210958472563, -12.402263614202161 ], [ 27.880305534389631, -12.402263614202161 ], [ 27.880431635612389, -12.402263614202161 ], [ 27.880494686223766, -12.402263614202161 ], [ 27.880557736835147, -12.402263614202161 ], [ 27.880620787446524, -12.402263614202161 ], [ 27.880683838057905, -12.402263614202161 ], [ 27.880746888669282, -12.402263614202161 ], [ 27.880809939280663, -12.402232088896472 ], [ 27.88087298989204, -12.402232088896472 ], [ 27.880936040503421, -12.402232088896472 ], [ 27.880999091114798, -12.402232088896472 ], [ 27.881062141726176, -12.402263614202161 ], [ 27.881125192337556, -12.402263614202161 ], [ 27.881188242948934, -12.402263614202161 ], [ 27.881251293560315, -12.402263614202161 ], [ 27.881314344171692, -12.402295139507851 ], [ 27.881377394783073, -12.402295139507851 ], [ 27.88147197070014, -12.402295139507851 ], [ 27.881535021311517, -12.40232666481354 ], [ 27.881598071922898, -12.40232666481354 ], [ 27.881661122534275, -12.40235819011923 ], [ 27.881818749062724, -12.402389715424919 ], [ 27.881976375591169, -12.402389715424919 ], [ 27.882039426202549, -12.40232666481354 ], [ 27.882102476813927, -12.40232666481354 ], [ 27.882102476813927, -12.402389715424919 ], [ 27.882165527425308, -12.402389715424919 ], [ 27.882165527425308, -12.402452766036298 ], [ 27.882228578036685, -12.402484291341986 ], [ 27.882291628648066, -12.402578867259056 ], [ 27.882354679259443, -12.402641917870433 ], [ 27.88241772987082, -12.402673443176123 ], [ 27.88244925517651, -12.402736493787502 ], [ 27.882543831093578, -12.402768019093191 ], [ 27.882606881704959, -12.40283106970457 ], [ 27.882669932316336, -12.40283106970457 ], [ 27.882669932316336, -12.402894120315949 ], [ 27.882732982927717, -12.402894120315949 ], [ 27.882859084150475, -12.402957170927328 ], [ 27.882922134761852, -12.402988696233017 ], [ 27.882985185373229, -12.402988696233017 ], [ 27.88301671067892, -12.403051746844396 ], [ 27.883111286595987, -12.403051746844396 ], [ 27.883111286595987, -12.403114797455775 ], [ 27.883174337207368, -12.403146322761465 ], [ 27.883237387818745, -12.403146322761465 ], [ 27.883268913124436, -12.403209373372842 ], [ 27.883363489041503, -12.403240898678533 ], [ 27.883426539652881, -12.403272423984221 ], [ 27.883489590264261, -12.403272423984221 ], [ 27.883552640875639, -12.403272423984221 ], [ 27.883615691487019, -12.403272423984221 ], [ 27.88364721679271, -12.403177848067154 ], [ 27.883710267404087, -12.403114797455775 ], [ 27.883741792709777, -12.403051746844396 ], [ 27.883804843321155, -12.403020221538707 ], [ 27.883836368626845, -12.402957170927328 ], [ 27.883899419238222, -12.402894120315949 ], [ 27.883962469849603, -12.40286259501026 ], [ 27.88402552046098, -12.40286259501026 ], [ 27.884088571072361, -12.40286259501026 ], [ 27.884151621683738, -12.40286259501026 ], [ 27.884214672295116, -12.40286259501026 ], [ 27.884277722906496, -12.40286259501026 ], [ 27.884372298823564, -12.40283106970457 ], [ 27.884435349434945, -12.40283106970457 ], [ 27.884498400046322, -12.402799544398881 ], [ 27.88459297596339, -12.402768019093191 ], [ 27.88465602657477, -12.402768019093191 ], [ 27.884719077186148, -12.402768019093191 ], [ 27.884813653103215, -12.402736493787502 ], [ 27.884876703714596, -12.402704968481812 ], [ 27.884939754325973, -12.402704968481812 ], [ 27.885002804937351, -12.402704968481812 ], [ 27.885065855548731, -12.402704968481812 ], [ 27.885128906160109, -12.402704968481812 ], [ 27.885191956771489, -12.402704968481812 ], [ 27.885255007382867, -12.402704968481812 ], [ 27.885318057994247, -12.402736493787502 ], [ 27.885381108605625, -12.402736493787502 ], [ 27.885444159217005, -12.402736493787502 ], [ 27.885507209828383, -12.402768019093191 ], [ 27.88557026043976, -12.402768019093191 ], [ 27.885633311051141, -12.402768019093191 ], [ 27.885759412273899, -12.402768019093191 ], [ 27.885885513496657, -12.402768019093191 ], [ 27.885948564108034, -12.402768019093191 ], [ 27.886011614719415, -12.402799544398881 ], [ 27.886074665330792, -12.402799544398881 ], [ 27.886137715942169, -12.402799544398881 ], [ 27.88620076655355, -12.402799544398881 ], [ 27.886263817164927, -12.402799544398881 ], [ 27.886326867776308, -12.402768019093191 ], [ 27.886389918387685, -12.402768019093191 ], [ 27.886484494304753, -12.402768019093191 ], [ 27.886516019610443, -12.402704968481812 ], [ 27.886610595527511, -12.402641917870433 ], [ 27.886673646138892, -12.402641917870433 ], [ 27.886736696750269, -12.402610392564744 ], [ 27.886768222055959, -12.402547341953365 ], [ 27.886831272667337, -12.402547341953365 ], [ 27.886894323278717, -12.402547341953365 ], [ 27.886957373890095, -12.402547341953365 ], [ 27.887020424501475, -12.402515816647677 ], [ 27.887115000418543, -12.402515816647677 ], [ 27.88717805102992, -12.402515816647677 ], [ 27.887241101641301, -12.402515816647677 ], [ 27.887304152252678, -12.402515816647677 ], [ 27.887367202864056, -12.402515816647677 ], [ 27.887430253475436, -12.402547341953365 ], [ 27.887524829392504, -12.402610392564744 ], [ 27.887587880003885, -12.402610392564744 ], [ 27.887650930615262, -12.402641917870433 ], [ 27.887713981226639, -12.402673443176123 ], [ 27.88777703183802, -12.402704968481812 ], [ 27.887840082449397, -12.402736493787502 ], [ 27.887903133060778, -12.402768019093191 ], [ 27.887966183672155, -12.402799544398881 ], [ 27.888029234283536, -12.40283106970457 ], [ 27.888029234283536, -12.402894120315949 ], [ 27.888092284894913, -12.402894120315949 ], [ 27.888155335506291, -12.402894120315949 ], [ 27.888218386117671, -12.402925645621638 ], [ 27.888249911423362, -12.402988696233017 ], [ 27.888312962034739, -12.403051746844396 ], [ 27.888312962034739, -12.403114797455775 ], [ 27.888407537951807, -12.403177848067154 ], [ 27.888470588563187, -12.403240898678533 ], [ 27.888533639174565, -12.403272423984221 ], [ 27.888565164480255, -12.4033354745956 ], [ 27.888628215091632, -12.403366999901291 ], [ 27.888691265703013, -12.403398525206979 ], [ 27.88875431631439, -12.403398525206979 ], [ 27.888817366925771, -12.403430050512668 ], [ 27.888880417537148, -12.403461575818358 ], [ 27.888943468148529, -12.403493101124047 ], [ 27.889006518759906, -12.403493101124047 ], [ 27.889069569371284, -12.403524626429737 ], [ 27.889132619982664, -12.403556151735426 ], [ 27.889164145288355, -12.403619202346805 ], [ 27.889227195899732, -12.403619202346805 ], [ 27.889290246511109, -12.403650727652495 ], [ 27.889290246511109, -12.403745303569563 ], [ 27.88935329712249, -12.403808354180942 ], [ 27.88938482242818, -12.40390293009801 ], [ 27.889416347733867, -12.403965980709389 ], [ 27.889447873039558, -12.404029031320768 ], [ 27.889447873039558, -12.404092081932147 ], [ 27.889510923650935, -12.404155132543526 ], [ 27.889573974262316, -12.404218183154903 ], [ 27.889637024873693, -12.404281233766282 ], [ 27.889668550179383, -12.404344284377661 ], [ 27.889731600790764, -12.404375809683351 ], [ 27.889794651402141, -12.40440733498904 ], [ 27.889794651402141, -12.404470385600419 ], [ 27.889826176707832, -12.404533436211798 ], [ 27.889889227319209, -12.404533436211798 ], [ 27.88995227793059, -12.404564961517487 ], [ 27.890015328541967, -12.404596486823177 ], [ 27.890078379153344, -12.404596486823177 ], [ 27.890141429764725, -12.404596486823177 ], [ 27.890204480376102, -12.404628012128866 ], [ 27.890267530987483, -12.404628012128866 ], [ 27.89033058159886, -12.404659537434556 ], [ 27.890393632210241, -12.404659537434556 ], [ 27.890456682821618, -12.404691062740245 ], [ 27.890519733432999, -12.404722588045935 ], [ 27.890551258738686, -12.404785638657312 ], [ 27.890614309350067, -12.404785638657312 ], [ 27.890677359961444, -12.404817163963003 ], [ 27.890708885267134, -12.404880214574382 ], [ 27.890740410572825, -12.404943265185761 ], [ 27.890803461184202, -12.404974790491449 ], [ 27.890803461184202, -12.405037841102828 ], [ 27.890803461184202, -12.405100891714207 ], [ 27.890803461184202, -12.405163942325586 ], [ 27.890834986489892, -12.405226992936965 ], [ 27.890834986489892, -12.405290043548343 ], [ 27.890834986489892, -12.405353094159722 ], [ 27.890803461184202, -12.405416144771101 ], [ 27.890803461184202, -12.40547919538248 ], [ 27.890803461184202, -12.405542245993859 ], [ 27.890771935878512, -12.405605296605238 ], [ 27.890771935878512, -12.405668347216617 ], [ 27.890740410572825, -12.405731397827996 ], [ 27.890708885267134, -12.405794448439375 ], [ 27.890677359961444, -12.405857499050752 ], [ 27.890677359961444, -12.405920549662131 ], [ 27.890614309350067, -12.405952074967821 ], [ 27.890614309350067, -12.4060151255792 ], [ 27.890551258738686, -12.406109701496268 ], [ 27.890519733432999, -12.406204277413336 ], [ 27.890488208127309, -12.406298853330405 ], [ 27.890425157515928, -12.406393429247473 ], [ 27.890425157515928, -12.406456479858852 ], [ 27.890362106904551, -12.40648800516454 ], [ 27.890362106904551, -12.406551055775919 ], [ 27.89029905629317, -12.406551055775919 ], [ 27.89029905629317, -12.406614106387298 ], [ 27.89029905629317, -12.406677156998677 ], [ 27.890362106904551, -12.406677156998677 ], [ 27.890425157515928, -12.406708682304366 ], [ 27.890456682821618, -12.406771732915745 ], [ 27.890519733432999, -12.406771732915745 ], [ 27.890582784044376, -12.406771732915745 ], [ 27.890645834655754, -12.406803258221435 ], [ 27.890708885267134, -12.406803258221435 ], [ 27.890771935878512, -12.406803258221435 ], [ 27.890834986489892, -12.406834783527124 ], [ 27.89089803710127, -12.406897834138503 ], [ 27.890992613018337, -12.406929359444192 ], [ 27.891055663629718, -12.406960884749882 ], [ 27.891118714241095, -12.406960884749882 ], [ 27.891150239546786, -12.407023935361261 ], [ 27.891213290158163, -12.40705546066695 ], [ 27.891276340769544, -12.407118511278329 ], [ 27.891307866075234, -12.407181561889708 ], [ 27.891339391380921, -12.407244612501087 ], [ 27.891339391380921, -12.407307663112466 ], [ 27.891339391380921, -12.407402239029533 ], [ 27.891339391380921, -12.407465289640912 ], [ 27.891339391380921, -12.407528340252291 ], [ 27.891307866075234, -12.40759139086367 ], [ 27.891307866075234, -12.407654441475048 ], [ 27.891276340769544, -12.407717492086427 ], [ 27.891244815463853, -12.407780542697806 ], [ 27.891181764852476, -12.407812068003496 ], [ 27.891150239546786, -12.407938169226252 ], [ 27.891055663629718, -12.40806427044901 ], [ 27.89096108771265, -12.408190371671768 ], [ 27.89089803710127, -12.408253422283147 ], [ 27.890834986489892, -12.408316472894526 ], [ 27.890740410572825, -12.408316472894526 ], [ 27.890677359961444, -12.408347998200215 ], [ 27.890582784044376, -12.408379523505905 ], [ 27.890519733432999, -12.408411048811594 ], [ 27.890456682821618, -12.408442574117283 ], [ 27.890393632210241, -12.408474099422973 ], [ 27.89033058159886, -12.408474099422973 ], [ 27.890267530987483, -12.408505624728662 ], [ 27.890236005681793, -12.408568675340041 ], [ 27.890172955070415, -12.408568675340041 ], [ 27.890109904459035, -12.408600200645731 ], [ 27.890046853847657, -12.408600200645731 ], [ 27.889983803236277, -12.40863172595142 ], [ 27.889920752624899, -12.40863172595142 ], [ 27.889826176707832, -12.40866325125711 ], [ 27.889731600790764, -12.408694776562799 ], [ 27.889668550179383, -12.408694776562799 ], [ 27.889605499568006, -12.408726301868487 ], [ 27.889542448956625, -12.408726301868487 ], [ 27.889479398345248, -12.408757827174178 ], [ 27.889416347733867, -12.408789352479866 ], [ 27.88935329712249, -12.408789352479866 ], [ 27.889290246511109, -12.408820877785557 ], [ 27.889227195899732, -12.408820877785557 ], [ 27.889164145288355, -12.408852403091245 ], [ 27.889101094676974, -12.408852403091245 ], [ 27.889038044065597, -12.408883928396936 ], [ 27.888974993454216, -12.408915453702624 ], [ 27.888911942842839, -12.408915453702624 ], [ 27.888848892231458, -12.408946979008315 ], [ 27.888785841620081, -12.408946979008315 ], [ 27.8887227910087, -12.408978504314003 ], [ 27.888659740397323, -12.409041554925382 ], [ 27.888596689785945, -12.409073080231071 ], [ 27.888533639174565, -12.409073080231071 ], [ 27.888533639174565, -12.40913613084245 ], [ 27.888470588563187, -12.409199181453829 ], [ 27.888407537951807, -12.409230706759518 ], [ 27.888344487340429, -12.409293757370897 ], [ 27.888281436729049, -12.409325282676587 ], [ 27.888218386117671, -12.409356807982276 ], [ 27.888155335506291, -12.409388333287966 ], [ 27.888155335506291, -12.409451383899345 ], [ 27.888092284894913, -12.409451383899345 ], [ 27.888029234283536, -12.409482909205034 ], [ 27.888029234283536, -12.409545959816413 ], [ 27.887966183672155, -12.409577485122101 ], [ 27.887903133060778, -12.409609010427792 ], [ 27.887903133060778, -12.409672061039171 ], [ 27.887903133060778, -12.40973511165055 ], [ 27.887903133060778, -12.409798162261927 ], [ 27.887903133060778, -12.409924263484685 ], [ 27.887934658366465, -12.409987314096064 ], [ 27.887934658366465, -12.410050364707443 ], [ 27.887997708977846, -12.410081890013132 ], [ 27.888060759589223, -12.410081890013132 ], [ 27.888123810200604, -12.410081890013132 ], [ 27.888186860811981, -12.410081890013132 ], [ 27.888249911423362, -12.410081890013132 ], [ 27.888312962034739, -12.410081890013132 ], [ 27.88837601264612, -12.410081890013132 ], [ 27.888439063257497, -12.410081890013132 ], [ 27.888502113868874, -12.410081890013132 ], [ 27.888565164480255, -12.410081890013132 ], [ 27.888628215091632, -12.410113415318822 ], [ 27.888691265703013, -12.410113415318822 ], [ 27.88875431631439, -12.410113415318822 ], [ 27.888817366925771, -12.410144940624511 ], [ 27.888880417537148, -12.410176465930201 ], [ 27.888943468148529, -12.410176465930201 ], [ 27.889006518759906, -12.41020799123589 ], [ 27.889069569371284, -12.41020799123589 ], [ 27.889132619982664, -12.41023951654158 ], [ 27.889195670594042, -12.41023951654158 ], [ 27.889195670594042, -12.410302567152957 ], [ 27.889258721205422, -12.410302567152957 ], [ 27.8893217718168, -12.410365617764336 ], [ 27.88938482242818, -12.410397143070027 ], [ 27.889416347733867, -12.410460193681406 ], [ 27.889479398345248, -12.410491718987094 ], [ 27.889542448956625, -12.410523244292785 ], [ 27.889573974262316, -12.410586294904162 ], [ 27.889637024873693, -12.410586294904162 ], [ 27.889700075485074, -12.410617820209852 ], [ 27.889731600790764, -12.410680870821231 ], [ 27.889794651402141, -12.410680870821231 ], [ 27.889857702013519, -12.41071239612692 ], [ 27.889920752624899, -12.41074392143261 ], [ 27.88995227793059, -12.410806972043989 ], [ 27.890015328541967, -12.410806972043989 ], [ 27.890078379153344, -12.410775446738299 ], [ 27.890109904459035, -12.41071239612692 ], [ 27.890172955070415, -12.410586294904162 ], [ 27.890204480376102, -12.410649345515541 ], [ 27.890236005681793, -12.41071239612692 ], [ 27.89029905629317, -12.41074392143261 ], [ 27.89029905629317, -12.410806972043989 ], [ 27.890362106904551, -12.410838497349678 ], [ 27.890362106904551, -12.410901547961057 ], [ 27.890425157515928, -12.410933073266746 ], [ 27.890456682821618, -12.410996123878125 ], [ 27.890488208127309, -12.411059174489504 ], [ 27.890551258738686, -12.411122225100883 ], [ 27.890551258738686, -12.411185275712262 ], [ 27.890614309350067, -12.411185275712262 ], [ 27.890677359961444, -12.411248326323641 ], [ 27.890740410572825, -12.41131137693502 ], [ 27.890803461184202, -12.411342902240708 ], [ 27.890866511795579, -12.411405952852087 ], [ 27.89092956240696, -12.411437478157776 ], [ 27.890992613018337, -12.411500528769155 ], [ 27.891055663629718, -12.411500528769155 ], [ 27.891055663629718, -12.411563579380534 ], [ 27.891118714241095, -12.411595104686224 ], [ 27.891181764852476, -12.411595104686224 ], [ 27.891181764852476, -12.411658155297602 ], [ 27.891244815463853, -12.411721205908981 ], [ 27.891307866075234, -12.411721205908981 ], [ 27.891307866075234, -12.41178425652036 ], [ 27.891370916686611, -12.41181578182605 ], [ 27.891402441992302, -12.411878832437427 ], [ 27.891433967297989, -12.411941883048806 ], [ 27.891497017909369, -12.411973408354497 ], [ 27.89152854321506, -12.412036458965876 ], [ 27.891560068520747, -12.412099509577255 ], [ 27.891560068520747, -12.412162560188632 ], [ 27.891591593826437, -12.412225610800011 ], [ 27.891623119132127, -12.41228866141139 ], [ 27.891686169743505, -12.41232018671708 ], [ 27.891717695049195, -12.412383237328459 ], [ 27.891749220354885, -12.412446287939837 ], [ 27.891812270966263, -12.412477813245527 ], [ 27.891812270966263, -12.412603914468285 ], [ 27.891812270966263, -12.412666965079662 ], [ 27.89187532157764, -12.412824591608111 ], [ 27.891938372189021, -12.412919167525178 ], [ 27.891938372189021, -12.413108319359315 ], [ 27.892001422800398, -12.413139844665004 ], [ 27.892064473411779, -12.413234420582071 ], [ 27.892095998717469, -12.41336052180483 ], [ 27.892127524023156, -12.413455097721899 ], [ 27.892159049328846, -12.413518148333276 ], [ 27.892190574634537, -12.413581198944655 ], [ 27.892190574634537, -12.413644249556034 ], [ 27.892222099940224, -12.413738825473102 ], [ 27.892222099940224, -12.413801876084481 ], [ 27.892222099940224, -12.41386492669586 ], [ 27.892222099940224, -12.413959502612929 ], [ 27.892222099940224, -12.414022553224306 ], [ 27.892222099940224, -12.414085603835685 ], [ 27.892222099940224, -12.414148654447065 ], [ 27.892222099940224, -12.414211705058444 ], [ 27.892190574634537, -12.414274755669823 ], [ 27.892190574634537, -12.414337806281202 ], [ 27.892190574634537, -12.414432382198269 ], [ 27.892190574634537, -12.414495432809648 ], [ 27.892190574634537, -12.414558483421027 ], [ 27.892159049328846, -12.414621534032406 ], [ 27.892127524023156, -12.414684584643785 ], [ 27.892095998717469, -12.414747635255164 ], [ 27.892095998717469, -12.414810685866541 ], [ 27.892064473411779, -12.41487373647792 ], [ 27.892064473411779, -12.414936787089299 ], [ 27.892032948106088, -12.414999837700678 ], [ 27.892001422800398, -12.415062888312058 ], [ 27.891938372189021, -12.415094413617746 ], [ 27.89187532157764, -12.415125938923437 ], [ 27.891812270966263, -12.415188989534816 ], [ 27.891780745660572, -12.415252040146195 ], [ 27.891717695049195, -12.415252040146195 ], [ 27.891654644437814, -12.415283565451883 ], [ 27.891560068520747, -12.415315090757572 ], [ 27.891465492603679, -12.415378141368951 ], [ 27.891402441992302, -12.415378141368951 ], [ 27.891307866075234, -12.415378141368951 ], [ 27.891244815463853, -12.415378141368951 ], [ 27.891181764852476, -12.415378141368951 ], [ 27.891087188935405, -12.415378141368951 ], [ 27.891024138324028, -12.415378141368951 ], [ 27.89096108771265, -12.415378141368951 ], [ 27.89092956240696, -12.415315090757572 ], [ 27.890866511795579, -12.415315090757572 ], [ 27.890834986489892, -12.415252040146195 ], [ 27.890803461184202, -12.415188989534816 ], [ 27.890740410572825, -12.415125938923437 ], [ 27.890708885267134, -12.415031363006369 ], [ 27.890677359961444, -12.41496831239499 ], [ 27.890677359961444, -12.414905261783611 ], [ 27.890614309350067, -12.414842211172232 ], [ 27.890614309350067, -12.414779160560853 ], [ 27.890551258738686, -12.414747635255164 ], [ 27.890519733432999, -12.414684584643785 ], [ 27.890456682821618, -12.414653059338095 ], [ 27.890393632210241, -12.414590008726716 ], [ 27.89033058159886, -12.414526958115337 ], [ 27.890267530987483, -12.414495432809648 ], [ 27.890172955070415, -12.41446390750396 ], [ 27.890046853847657, -12.414400856892581 ], [ 27.889983803236277, -12.414400856892581 ], [ 27.889920752624899, -12.414400856892581 ], [ 27.889857702013519, -12.41436933158689 ], [ 27.889794651402141, -12.41436933158689 ], [ 27.889731600790764, -12.414337806281202 ], [ 27.889668550179383, -12.414337806281202 ], [ 27.889605499568006, -12.414306280975511 ], [ 27.889542448956625, -12.414274755669823 ], [ 27.889479398345248, -12.414243230364134 ], [ 27.889416347733867, -12.414243230364134 ], [ 27.8893217718168, -12.414211705058444 ], [ 27.889290246511109, -12.414148654447065 ], [ 27.889227195899732, -12.414148654447065 ], [ 27.889164145288355, -12.414085603835685 ], [ 27.889164145288355, -12.414022553224306 ], [ 27.889101094676974, -12.413991027918618 ], [ 27.889101094676974, -12.41389645200155 ], [ 27.889101094676974, -12.413770350778792 ], [ 27.889069569371284, -12.413707300167413 ], [ 27.889069569371284, -12.413581198944655 ], [ 27.889069569371284, -12.413486623027588 ], [ 27.889038044065597, -12.413423572416209 ], [ 27.889038044065597, -12.41336052180483 ], [ 27.889006518759906, -12.413265945887762 ], [ 27.888943468148529, -12.413234420582071 ], [ 27.888911942842839, -12.413171369970694 ], [ 27.888880417537148, -12.413108319359315 ], [ 27.888817366925771, -12.413076794053625 ], [ 27.88875431631439, -12.413013743442246 ], [ 27.888691265703013, -12.412982218136557 ], [ 27.888628215091632, -12.412919167525178 ], [ 27.888565164480255, -12.41288764221949 ], [ 27.888502113868874, -12.412856116913799 ], [ 27.888439063257497, -12.412824591608111 ], [ 27.888407537951807, -12.412761540996732 ], [ 27.888344487340429, -12.412761540996732 ], [ 27.888281436729049, -12.412730015691041 ], [ 27.888218386117671, -12.412666965079662 ], [ 27.888155335506291, -12.412603914468285 ], [ 27.888123810200604, -12.412540863856906 ], [ 27.888092284894913, -12.412477813245527 ], [ 27.888029234283536, -12.412446287939837 ], [ 27.887997708977846, -12.412383237328459 ], [ 27.887934658366465, -12.412351712022769 ], [ 27.887903133060778, -12.412257136105701 ], [ 27.88777703183802, -12.412131034882943 ], [ 27.88774550653233, -12.412067984271564 ], [ 27.887682455920952, -12.412036458965876 ], [ 27.887650930615262, -12.411973408354497 ], [ 27.887587880003885, -12.411941883048806 ], [ 27.887524829392504, -12.411878832437427 ], [ 27.887493304086814, -12.41181578182605 ], [ 27.887398728169746, -12.41181578182605 ], [ 27.887304152252678, -12.411721205908981 ], [ 27.887272626946988, -12.411658155297602 ], [ 27.887241101641301, -12.411595104686224 ], [ 27.88717805102992, -12.411500528769155 ], [ 27.88714652572423, -12.411437478157776 ], [ 27.88714652572423, -12.411374427546397 ], [ 27.88714652572423, -12.41131137693502 ], [ 27.88714652572423, -12.411248326323641 ], [ 27.887209576335611, -12.411185275712262 ], [ 27.887272626946988, -12.411090699795192 ], [ 27.887367202864056, -12.411059174489504 ], [ 27.887398728169746, -12.410996123878125 ], [ 27.887461778781127, -12.410996123878125 ], [ 27.887524829392504, -12.410964598572436 ], [ 27.887587880003885, -12.410964598572436 ], [ 27.887619405309572, -12.410901547961057 ], [ 27.887556354698194, -12.410870022655367 ], [ 27.887493304086814, -12.410838497349678 ], [ 27.887398728169746, -12.410806972043989 ], [ 27.887335677558369, -12.41074392143261 ], [ 27.887272626946988, -12.41071239612692 ], [ 27.887209576335611, -12.410680870821231 ], [ 27.88714652572423, -12.410586294904162 ], [ 27.887051949807162, -12.410523244292785 ], [ 27.887020424501475, -12.410460193681406 ], [ 27.886957373890095, -12.410460193681406 ], [ 27.886894323278717, -12.410460193681406 ], [ 27.886894323278717, -12.410397143070027 ], [ 27.886831272667337, -12.410397143070027 ], [ 27.886768222055959, -12.410365617764336 ], [ 27.886705171444579, -12.410334092458648 ], [ 27.886642120833201, -12.410334092458648 ], [ 27.886547544916134, -12.410334092458648 ], [ 27.886389918387685, -12.410334092458648 ], [ 27.886326867776308, -12.410334092458648 ], [ 27.886263817164927, -12.410334092458648 ], [ 27.88620076655355, -12.410334092458648 ], [ 27.886137715942169, -12.410334092458648 ], [ 27.886074665330792, -12.410334092458648 ], [ 27.886011614719415, -12.410334092458648 ], [ 27.885917038802344, -12.410334092458648 ], [ 27.885790937579586, -12.410334092458648 ], [ 27.885696361662518, -12.410334092458648 ], [ 27.885633311051141, -12.410334092458648 ], [ 27.88557026043976, -12.410334092458648 ], [ 27.885507209828383, -12.410334092458648 ], [ 27.885444159217005, -12.410334092458648 ], [ 27.885381108605625, -12.410334092458648 ], [ 27.885318057994247, -12.410365617764336 ], [ 27.885255007382867, -12.410428668375715 ], [ 27.885160431465799, -12.410491718987094 ], [ 27.885128906160109, -12.410554769598473 ], [ 27.885065855548731, -12.410586294904162 ], [ 27.885002804937351, -12.410617820209852 ], [ 27.884971279631664, -12.410680870821231 ], [ 27.884908229020283, -12.41071239612692 ], [ 27.884845178408906, -12.41074392143261 ], [ 27.884782127797525, -12.41074392143261 ], [ 27.884750602491838, -12.410806972043989 ], [ 27.884687551880457, -12.410838497349678 ], [ 27.88462450126908, -12.410870022655367 ], [ 27.884561450657699, -12.410870022655367 ], [ 27.884529925352012, -12.410933073266746 ], [ 27.884466874740632, -12.410964598572436 ], [ 27.884403824129254, -12.410964598572436 ], [ 27.884340773517874, -12.410996123878125 ], [ 27.884277722906496, -12.411027649183815 ], [ 27.884214672295116, -12.411027649183815 ], [ 27.884120096378048, -12.411059174489504 ], [ 27.884057045766671, -12.411090699795192 ], [ 27.88399399515529, -12.411090699795192 ], [ 27.883930944543913, -12.411090699795192 ], [ 27.883867893932536, -12.411090699795192 ], [ 27.883773318015464, -12.411090699795192 ], [ 27.883710267404087, -12.411090699795192 ], [ 27.88364721679271, -12.411090699795192 ], [ 27.883584166181329, -12.411090699795192 ], [ 27.883521115569952, -12.411090699795192 ], [ 27.883458064958571, -12.411090699795192 ], [ 27.883395014347194, -12.411090699795192 ], [ 27.883331963735813, -12.411090699795192 ], [ 27.883268913124436, -12.411090699795192 ], [ 27.883205862513055, -12.411090699795192 ], [ 27.883142811901678, -12.411059174489504 ], [ 27.883079761290301, -12.411059174489504 ], [ 27.88301671067892, -12.411059174489504 ], [ 27.882953660067543, -12.411059174489504 ], [ 27.882890609456162, -12.411027649183815 ], [ 27.882827558844784, -12.411027649183815 ], [ 27.882764508233404, -12.411027649183815 ], [ 27.882701457622026, -12.410996123878125 ], [ 27.882638407010646, -12.410996123878125 ], [ 27.882575356399268, -12.410964598572436 ], [ 27.882512305787891, -12.410964598572436 ], [ 27.88244925517651, -12.410964598572436 ], [ 27.882386204565133, -12.410964598572436 ], [ 27.882354679259443, -12.410901547961057 ], [ 27.882291628648066, -12.410901547961057 ], [ 27.882228578036685, -12.410933073266746 ], [ 27.882165527425308, -12.410933073266746 ], [ 27.882102476813927, -12.410933073266746 ], [ 27.881377394783073, -12.409766636956238 ] ] ] ] } },
{ "type": "Feature", "properties": { "id": 5, "name": "KCM", "status": "active", "area_ha": 118.854 }, "geometry": { "type": "MultiPolygon", "coordinates": [ [ [ [ 27.834295125072597, -12.375193485902194 ], [ 27.834320800773121, -12.379147543782659 ], [ 27.834346476473645, -12.379198895183704 ], [ 27.834346476473645, -12.379250246584748 ], [ 27.834346476473645, -12.379301597985794 ], [ 27.834372152174165, -12.379352949386838 ], [ 27.834397827874689, -12.379404300787884 ], [ 27.834423503575209, -12.379455652188929 ], [ 27.834423503575209, -12.379507003589973 ], [ 27.834449179275733, -12.379558354991019 ], [ 27.834449179275733, -12.379609706392063 ], [ 27.834500530676777, -12.379635382092586 ], [ 27.834526206377301, -12.379712409194154 ], [ 27.834551882077822, -12.379789436295722 ], [ 27.834551882077822, -12.379840787696766 ], [ 27.834577557778346, -12.37989213909781 ], [ 27.83460323347887, -12.379943490498857 ], [ 27.834654584879914, -12.380020517600423 ], [ 27.834654584879914, -12.380071869001469 ], [ 27.834705936280958, -12.380123220402513 ], [ 27.834731611981482, -12.380174571803559 ], [ 27.834731611981482, -12.380225923204604 ], [ 27.834757287682002, -12.380328626006694 ], [ 27.834757287682002, -12.380379977407738 ], [ 27.834782963382526, -12.380431328808784 ], [ 27.834782963382526, -12.380482680209829 ], [ 27.834782963382526, -12.380534031610873 ], [ 27.834782963382526, -12.380688085814009 ], [ 27.834782963382526, -12.380739437215054 ], [ 27.834757287682002, -12.380790788616098 ], [ 27.834731611981482, -12.380842140017144 ], [ 27.834731611981482, -12.380893491418188 ], [ 27.834731611981482, -12.380970518519756 ], [ 27.834680260580434, -12.381047545621323 ], [ 27.834654584879914, -12.381124572722891 ], [ 27.83462890917939, -12.381201599824458 ], [ 27.83462890917939, -12.381304302626548 ], [ 27.834577557778346, -12.381407005428638 ], [ 27.834526206377301, -12.381458356829683 ], [ 27.834526206377301, -12.381535383931251 ], [ 27.834474854976257, -12.381561059631773 ], [ 27.834449179275733, -12.381663762433863 ], [ 27.834449179275733, -12.381715113834908 ], [ 27.834397827874689, -12.381766465235954 ], [ 27.834397827874689, -12.381817816636998 ], [ 27.834320800773121, -12.381869168038044 ], [ 27.834269449372076, -12.38194619513961 ], [ 27.834218097971032, -12.381997546540656 ], [ 27.834166746569984, -12.382048897941701 ], [ 27.83411539516894, -12.382100249342745 ], [ 27.83411539516894, -12.382151600743791 ], [ 27.834064043767896, -12.382202952144835 ], [ 27.834064043767896, -12.382254303545881 ], [ 27.834012692366851, -12.382279979246404 ], [ 27.834012692366851, -12.382331330647448 ], [ 27.833987016666327, -12.382382682048494 ], [ 27.833935665265283, -12.382434033449538 ], [ 27.833909989564759, -12.382485384850582 ], [ 27.833884313864239, -12.382536736251629 ], [ 27.833884313864239, -12.382588087652673 ], [ 27.833832962463195, -12.382639439053719 ], [ 27.833807286762671, -12.382690790454763 ], [ 27.833755935361626, -12.382742141855807 ], [ 27.833704583960582, -12.382793493256854 ], [ 27.833653232559534, -12.382819168957376 ], [ 27.83360188115849, -12.38287052035842 ], [ 27.833550529757446, -12.382896196058944 ], [ 27.833499178356401, -12.382896196058944 ], [ 27.833422151254833, -12.382896196058944 ], [ 27.833370799853789, -12.382921871759466 ], [ 27.833319448452745, -12.382947547459988 ], [ 27.833268097051697, -12.382998898861032 ], [ 27.833216745650653, -12.382998898861032 ], [ 27.833165394249608, -12.382998898861032 ], [ 27.833114042848564, -12.383024574561556 ], [ 27.83306269144752, -12.383050250262079 ], [ 27.832985664345951, -12.383101601663123 ], [ 27.832882961543859, -12.383178628764691 ], [ 27.832780258741771, -12.383204304465213 ], [ 27.83275458304125, -12.383255655866257 ], [ 27.832677555939682, -12.383307007267303 ], [ 27.832651880239158, -12.383358358668348 ], [ 27.832600528838114, -12.383358358668348 ], [ 27.83254917743707, -12.383409710069394 ], [ 27.832446474634978, -12.383512412871482 ], [ 27.832395123233933, -12.383538088572006 ], [ 27.832318096132365, -12.383615115673573 ], [ 27.832266744731321, -12.383666467074619 ], [ 27.8322410690308, -12.383717818475663 ], [ 27.832164041929232, -12.383769169876707 ], [ 27.832138366228708, -12.383820521277753 ], [ 27.83206133912714, -12.383846196978276 ], [ 27.832009987726096, -12.383871872678798 ], [ 27.831958636325052, -12.38389754837932 ], [ 27.831855933522963, -12.383923224079844 ], [ 27.831753230720871, -12.383923224079844 ], [ 27.831650527918782, -12.38389754837932 ], [ 27.831599176517738, -12.38389754837932 ], [ 27.83152214941617, -12.383923224079844 ], [ 27.831445122314602, -12.383923224079844 ], [ 27.831393770913557, -12.383923224079844 ], [ 27.831342419512513, -12.383923224079844 ], [ 27.831291068111465, -12.383923224079844 ], [ 27.831162689608853, -12.383923224079844 ], [ 27.83103431110624, -12.383948899780366 ], [ 27.830957284004676, -12.383974575480888 ], [ 27.830905932603628, -12.38400025118141 ], [ 27.830854581202583, -12.384025926881932 ], [ 27.830803229801539, -12.384025926881932 ], [ 27.830751878400495, -12.384025926881932 ], [ 27.830700526999451, -12.384077278282978 ], [ 27.830649175598403, -12.384077278282978 ], [ 27.830597824197358, -12.384128629684023 ], [ 27.83049512139527, -12.384128629684023 ], [ 27.830443769994226, -12.384154305384545 ], [ 27.830392418593178, -12.384205656785591 ], [ 27.830315391491613, -12.384205656785591 ], [ 27.830238364390045, -12.384231332486113 ], [ 27.830187012989001, -12.384231332486113 ], [ 27.830135661587953, -12.384231332486113 ], [ 27.830084310186908, -12.384231332486113 ], [ 27.83000728308534, -12.384231332486113 ], [ 27.829955931684296, -12.384231332486113 ], [ 27.829904580283252, -12.384205656785591 ], [ 27.829853228882207, -12.384205656785591 ], [ 27.829801877481163, -12.384179981085069 ], [ 27.829750526080115, -12.384179981085069 ], [ 27.829673498978551, -12.384154305384545 ], [ 27.829596471876982, -12.384128629684023 ], [ 27.829545120475938, -12.384128629684023 ], [ 27.82949376907489, -12.384128629684023 ], [ 27.829442417673846, -12.384077278282978 ], [ 27.829391066272802, -12.384025926881932 ], [ 27.829339714871757, -12.38400025118141 ], [ 27.829288363470713, -12.383974575480888 ], [ 27.829237012069665, -12.383923224079844 ], [ 27.829185660668621, -12.383923224079844 ], [ 27.829134309267577, -12.383923224079844 ], [ 27.829082957866532, -12.383923224079844 ], [ 27.829031606465488, -12.383923224079844 ], [ 27.82895457936392, -12.383923224079844 ], [ 27.828851876561828, -12.383923224079844 ], [ 27.828774849460263, -12.383948899780366 ], [ 27.828723498059215, -12.383974575480888 ], [ 27.828672146658171, -12.384025926881932 ], [ 27.828620795257127, -12.384051602582456 ], [ 27.828569443856082, -12.384128629684023 ], [ 27.828492416754514, -12.384179981085069 ], [ 27.828415389652946, -12.384257008186635 ], [ 27.828364038251902, -12.384334035288203 ], [ 27.828312686850857, -12.384359710988726 ], [ 27.828261335449813, -12.384385386689248 ], [ 27.828235659749289, -12.384436738090294 ], [ 27.828209984048765, -12.384488089491338 ], [ 27.828184308348245, -12.384539440892382 ], [ 27.828158632647721, -12.384590792293428 ], [ 27.828158632647721, -12.384642143694473 ], [ 27.828132956947201, -12.384693495095519 ], [ 27.828107281246677, -12.384744846496563 ], [ 27.828081605546153, -12.384796197897607 ], [ 27.828055929845632, -12.384847549298653 ], [ 27.828055929845632, -12.38492457640022 ], [ 27.828030254145109, -12.385001603501788 ], [ 27.828030254145109, -12.385052954902832 ], [ 27.827978902744064, -12.385155657704923 ], [ 27.82795322704354, -12.385207009105969 ], [ 27.82795322704354, -12.385284036207535 ], [ 27.82792755134302, -12.385361063309103 ], [ 27.82792755134302, -12.385412414710148 ], [ 27.827901875642496, -12.385463766111192 ], [ 27.827901875642496, -12.385515117512238 ], [ 27.827901875642496, -12.385592144613804 ], [ 27.827850524241452, -12.385669171715373 ], [ 27.827850524241452, -12.385720523116417 ], [ 27.827824848540928, -12.385771874517463 ], [ 27.827773497139884, -12.385823225918507 ], [ 27.827747821439363, -12.385874577319553 ], [ 27.827696470038315, -12.385874577319553 ], [ 27.827645118637271, -12.385900253020075 ], [ 27.827593767236227, -12.385900253020075 ], [ 27.827542415835183, -12.385900253020075 ], [ 27.827491064434138, -12.385900253020075 ], [ 27.82743971303309, -12.385900253020075 ], [ 27.827388361632046, -12.385874577319553 ], [ 27.827311334530478, -12.385874577319553 ], [ 27.827234307428913, -12.385848901619029 ], [ 27.827182956027865, -12.385797550217985 ], [ 27.827131604626821, -12.385771874517463 ], [ 27.827131604626821, -12.385720523116417 ], [ 27.827105928926301, -12.385669171715373 ], [ 27.827080253225777, -12.385617820314328 ], [ 27.827080253225777, -12.385566468913282 ], [ 27.827054577525253, -12.385489441811716 ], [ 27.827028901824733, -12.38543809041067 ], [ 27.827028901824733, -12.385386739009626 ], [ 27.827028901824733, -12.385335387608579 ], [ 27.827028901824733, -12.385284036207535 ], [ 27.827003226124209, -12.385232684806491 ], [ 27.827003226124209, -12.385155657704923 ], [ 27.826977550423688, -12.385104306303878 ], [ 27.826977550423688, -12.385052954902832 ], [ 27.826951874723164, -12.385001603501788 ], [ 27.826951874723164, -12.384950252100744 ], [ 27.826951874723164, -12.384898900699698 ], [ 27.826951874723164, -12.384847549298653 ], [ 27.826951874723164, -12.384796197897607 ], [ 27.826951874723164, -12.384744846496563 ], [ 27.826977550423688, -12.384693495095519 ], [ 27.826977550423688, -12.384642143694473 ], [ 27.827003226124209, -12.384590792293428 ], [ 27.827028901824733, -12.384539440892382 ], [ 27.827080253225777, -12.384488089491338 ], [ 27.827131604626821, -12.384436738090294 ], [ 27.827182956027865, -12.38441106238977 ], [ 27.827208631728389, -12.384359710988726 ], [ 27.827234307428913, -12.384308359587681 ], [ 27.827337010231002, -12.384179981085069 ], [ 27.82741403733257, -12.384128629684023 ], [ 27.82743971303309, -12.384077278282978 ], [ 27.827465388733614, -12.38400025118141 ], [ 27.827491064434138, -12.383948899780366 ], [ 27.827542415835183, -12.38389754837932 ], [ 27.827593767236227, -12.383794845577231 ], [ 27.827670794337795, -12.383666467074619 ], [ 27.827670794337795, -12.383615115673573 ], [ 27.827645118637271, -12.383563764272528 ], [ 27.827645118637271, -12.383512412871482 ], [ 27.827645118637271, -12.383461061470438 ], [ 27.827593767236227, -12.383409710069394 ], [ 27.827568091535703, -12.383332682967826 ], [ 27.827568091535703, -12.383281331566781 ], [ 27.827542415835183, -12.383204304465213 ], [ 27.827491064434138, -12.383204304465213 ], [ 27.82743971303309, -12.383204304465213 ], [ 27.827388361632046, -12.383204304465213 ], [ 27.827337010231002, -12.383229980165735 ], [ 27.827285658829958, -12.383255655866257 ], [ 27.827234307428913, -12.383307007267303 ], [ 27.827157280327345, -12.383332682967826 ], [ 27.827105928926301, -12.383358358668348 ], [ 27.827080253225777, -12.383409710069394 ], [ 27.827028901824733, -12.383409710069394 ], [ 27.827003226124209, -12.383461061470438 ], [ 27.826951874723164, -12.383512412871482 ], [ 27.82692619902264, -12.383563764272528 ], [ 27.826874847621596, -12.383615115673573 ], [ 27.826823496220552, -12.383640791374095 ], [ 27.826823496220552, -12.383692142775141 ], [ 27.826772144819508, -12.383717818475663 ], [ 27.826720793418463, -12.383743494176185 ], [ 27.826669442017415, -12.383794845577231 ], [ 27.826592414915851, -12.383820521277753 ], [ 27.826541063514803, -12.383846196978276 ], [ 27.826489712113759, -12.383871872678798 ], [ 27.82641268501219, -12.38389754837932 ], [ 27.826361333611146, -12.38389754837932 ], [ 27.826284306509578, -12.38389754837932 ], [ 27.826232955108534, -12.38389754837932 ], [ 27.826181603707489, -12.38389754837932 ], [ 27.826130252306445, -12.38389754837932 ], [ 27.826078900905401, -12.38389754837932 ], [ 27.826001873803833, -12.38389754837932 ], [ 27.825950522402788, -12.383871872678798 ], [ 27.82587349530122, -12.383871872678798 ], [ 27.825822143900176, -12.383871872678798 ], [ 27.825770792499128, -12.383846196978276 ], [ 27.825668089697039, -12.383820521277753 ], [ 27.825591062595471, -12.383820521277753 ], [ 27.825514035493903, -12.383794845577231 ], [ 27.825488359793383, -12.383743494176185 ], [ 27.825437008392338, -12.383717818475663 ], [ 27.825385656991291, -12.383717818475663 ], [ 27.825334305590246, -12.383692142775141 ], [ 27.825282954189202, -12.383666467074619 ], [ 27.825231602788158, -12.383640791374095 ], [ 27.825180251387113, -12.383615115673573 ], [ 27.825128899986066, -12.383615115673573 ], [ 27.825077548585021, -12.383615115673573 ], [ 27.825026197183977, -12.383615115673573 ], [ 27.824974845782933, -12.383615115673573 ], [ 27.825026197183977, -12.383435385769916 ], [ 27.825077548585021, -12.383307007267303 ], [ 27.825026197183977, -12.383281331566781 ], [ 27.825000521483453, -12.383229980165735 ], [ 27.824949170082409, -12.383229980165735 ], [ 27.824897818681364, -12.383204304465213 ], [ 27.824769440178752, -12.383152953064169 ], [ 27.824718088777708, -12.383127277363645 ], [ 27.824641061676139, -12.383101601663123 ], [ 27.824564034574571, -12.383075925962601 ], [ 27.824487007473003, -12.383050250262079 ], [ 27.824435656071959, -12.382998898861032 ], [ 27.824384304670915, -12.38297322316051 ], [ 27.82433295326987, -12.382947547459988 ], [ 27.824281601868826, -12.382896196058944 ], [ 27.824230250467778, -12.382896196058944 ], [ 27.824178899066734, -12.38287052035842 ], [ 27.824153223366213, -12.382819168957376 ], [ 27.82412754766569, -12.382767817556331 ], [ 27.824076196264645, -12.382742141855807 ], [ 27.824076196264645, -12.382690790454763 ], [ 27.824024844863601, -12.382665114754241 ], [ 27.824024844863601, -12.382613763353195 ], [ 27.823973493462557, -12.382588087652673 ], [ 27.823947817762033, -12.382536736251629 ], [ 27.823922142061509, -12.382485384850582 ], [ 27.823870790660465, -12.382434033449538 ], [ 27.82381943925942, -12.38235700634797 ], [ 27.823768087858376, -12.382254303545881 ], [ 27.823742412157852, -12.382177276444313 ], [ 27.823716736457332, -12.382125925043269 ], [ 27.823691060756808, -12.382074573642223 ], [ 27.823639709355763, -12.382023222241179 ], [ 27.823639709355763, -12.381971870840133 ], [ 27.82361403365524, -12.381920519439088 ], [ 27.823537006553671, -12.38184349233752 ], [ 27.823537006553671, -12.381792140936476 ], [ 27.823485655152627, -12.381766465235954 ], [ 27.823459979452107, -12.381715113834908 ], [ 27.823408628051059, -12.381663762433863 ], [ 27.823357276650015, -12.381612411032819 ], [ 27.82330592524897, -12.381561059631773 ], [ 27.823280249548446, -12.381509708230729 ], [ 27.823254573847926, -12.381458356829683 ], [ 27.823228898147402, -12.381407005428638 ], [ 27.823203222446882, -12.381355654027594 ], [ 27.823203222446882, -12.381304302626548 ], [ 27.823203222446882, -12.381252951225504 ], [ 27.823177546746358, -12.381175924123935 ], [ 27.823177546746358, -12.381124572722891 ], [ 27.823177546746358, -12.381073221321845 ], [ 27.823126195345314, -12.381021869920801 ], [ 27.823126195345314, -12.380944842819233 ], [ 27.823126195345314, -12.380893491418188 ], [ 27.823126195345314, -12.380816464316622 ], [ 27.823126195345314, -12.380713761514532 ], [ 27.823151871045834, -12.380534031610873 ], [ 27.823151871045834, -12.380431328808784 ], [ 27.823126195345314, -12.380379977407738 ], [ 27.823126195345314, -12.380328626006694 ], [ 27.823126195345314, -12.380277274605648 ], [ 27.82310051964479, -12.380225923204604 ], [ 27.82310051964479, -12.380123220402513 ], [ 27.823049168243745, -12.380046193300947 ], [ 27.823049168243745, -12.379969166199379 ], [ 27.823049168243745, -12.37989213909781 ], [ 27.823049168243745, -12.379840787696766 ], [ 27.823049168243745, -12.379789436295722 ], [ 27.823049168243745, -12.379738084894676 ], [ 27.823049168243745, -12.379686733493632 ], [ 27.823049168243745, -12.379609706392063 ], [ 27.823049168243745, -12.379558354991019 ], [ 27.823023492543221, -12.379507003589973 ], [ 27.822997816842701, -12.379455652188929 ], [ 27.822972141142177, -12.379378625087361 ], [ 27.822946465441657, -12.379327273686316 ], [ 27.822920789741133, -12.379275922285272 ], [ 27.822895114040609, -12.379224570884226 ], [ 27.822843762639565, -12.379198895183704 ], [ 27.82279241123852, -12.379173219483182 ], [ 27.822741059837476, -12.379147543782659 ], [ 27.822689708436432, -12.379147543782659 ], [ 27.822638357035384, -12.379121868082136 ], [ 27.82258700563434, -12.379096192381613 ], [ 27.822535654233295, -12.379096192381613 ], [ 27.822509978532771, -12.379044840980569 ], [ 27.822509978532771, -12.378993489579523 ], [ 27.822458627131727, -12.378967813879001 ], [ 27.822407275730683, -12.378942138178479 ], [ 27.822381600030159, -12.378890786777434 ], [ 27.822355924329639, -12.378839435376388 ], [ 27.822304572928594, -12.378762408274822 ], [ 27.822304572928594, -12.378711056873776 ], [ 27.822355924329639, -12.378685381173254 ], [ 27.822407275730683, -12.378582678371163 ], [ 27.822432951431207, -12.378531326970119 ], [ 27.822509978532771, -12.378479975569073 ], [ 27.822535654233295, -12.378428624168029 ], [ 27.82258700563434, -12.378377272766985 ], [ 27.822638357035384, -12.378377272766985 ], [ 27.822689708436432, -12.378351597066461 ], [ 27.822741059837476, -12.378325921365938 ], [ 27.82279241123852, -12.378274569964894 ], [ 27.822869438340089, -12.378197542863326 ], [ 27.822920789741133, -12.378146191462282 ], [ 27.822997816842701, -12.37812051576176 ], [ 27.822997816842701, -12.378069164360713 ], [ 27.823049168243745, -12.378069164360713 ], [ 27.823074843944269, -12.378017812959669 ], [ 27.823126195345314, -12.377992137259147 ], [ 27.823203222446882, -12.377966461558623 ], [ 27.82330592524897, -12.377940785858101 ], [ 27.823357276650015, -12.377940785858101 ], [ 27.823434303751583, -12.377966461558623 ], [ 27.823485655152627, -12.377966461558623 ], [ 27.823537006553671, -12.377992137259147 ], [ 27.823537006553671, -12.378043488660191 ], [ 27.823588357954719, -12.378069164360713 ], [ 27.823639709355763, -12.378094840061236 ], [ 27.823742412157852, -12.37812051576176 ], [ 27.823845114959944, -12.378171867162804 ], [ 27.823922142061509, -12.378171867162804 ], [ 27.823973493462557, -12.378197542863326 ], [ 27.824024844863601, -12.378223218563848 ], [ 27.824076196264645, -12.378197542863326 ], [ 27.824153223366213, -12.378171867162804 ], [ 27.824281601868826, -12.378146191462282 ], [ 27.824358628970391, -12.37812051576176 ], [ 27.824409980371438, -12.378069164360713 ], [ 27.824461331772483, -12.378043488660191 ], [ 27.824538358874051, -12.377992137259147 ], [ 27.824589710275095, -12.377940785858101 ], [ 27.824641061676139, -12.377889434457057 ], [ 27.824641061676139, -12.377838083056011 ], [ 27.824589710275095, -12.377812407355488 ], [ 27.824538358874051, -12.377786731654966 ], [ 27.824487007473003, -12.377786731654966 ], [ 27.824435656071959, -12.377761055954444 ], [ 27.824384304670915, -12.377761055954444 ], [ 27.82433295326987, -12.377735380253922 ], [ 27.824281601868826, -12.377735380253922 ], [ 27.824230250467778, -12.377735380253922 ], [ 27.824178899066734, -12.377735380253922 ], [ 27.82412754766569, -12.377709704553398 ], [ 27.824076196264645, -12.377684028852876 ], [ 27.824024844863601, -12.377684028852876 ], [ 27.823973493462557, -12.377684028852876 ], [ 27.823922142061509, -12.377658353152354 ], [ 27.823870790660465, -12.377658353152354 ], [ 27.82381943925942, -12.377658353152354 ], [ 27.823768087858376, -12.377658353152354 ], [ 27.823716736457332, -12.377632677451832 ], [ 27.823665385056284, -12.377632677451832 ], [ 27.82361403365524, -12.377632677451832 ], [ 27.823537006553671, -12.37760700175131 ], [ 27.823485655152627, -12.377581326050786 ], [ 27.823434303751583, -12.377555650350264 ], [ 27.823382952350538, -12.377555650350264 ], [ 27.823331600949494, -12.377529974649741 ], [ 27.82330592524897, -12.377478623248697 ], [ 27.823254573847926, -12.377452947548173 ], [ 27.823203222446882, -12.377427271847651 ], [ 27.823151871045834, -12.377375920446607 ], [ 27.823074843944269, -12.377324569045561 ], [ 27.823023492543221, -12.377273217644516 ], [ 27.822972141142177, -12.377247541943994 ], [ 27.822920789741133, -12.377247541943994 ], [ 27.822920789741133, -12.377196190542948 ], [ 27.822843762639565, -12.377170514842426 ], [ 27.82279241123852, -12.377144839141904 ], [ 27.822689708436432, -12.377067812040336 ], [ 27.822612681334864, -12.377016460639291 ], [ 27.82258700563434, -12.376965109238247 ], [ 27.822509978532771, -12.376913757837201 ], [ 27.822432951431207, -12.376836730735635 ], [ 27.822407275730683, -12.376785379334589 ], [ 27.822355924329639, -12.376734027933544 ], [ 27.822330248629115, -12.376682676532498 ], [ 27.822304572928594, -12.376631325131454 ], [ 27.822253221527546, -12.37657997373041 ], [ 27.822227545827026, -12.376528622329364 ], [ 27.822201870126502, -12.376477270928319 ], [ 27.822176194425982, -12.376425919527275 ], [ 27.822150518725458, -12.376374568126229 ], [ 27.822099167324414, -12.376323216725185 ], [ 27.82207349162389, -12.376246189623616 ], [ 27.82207349162389, -12.376194838222572 ], [ 27.822022140222845, -12.37616916252205 ], [ 27.821996464522321, -12.376117811121004 ], [ 27.821996464522321, -12.37606645971996 ], [ 27.821996464522321, -12.376015108318914 ], [ 27.821996464522321, -12.375963756917869 ], [ 27.821996464522321, -12.375912405516825 ], [ 27.821970788821801, -12.375861054115779 ], [ 27.821970788821801, -12.375809702714735 ], [ 27.821970788821801, -12.375732675613166 ], [ 27.821970788821801, -12.375681324212122 ], [ 27.821970788821801, -12.375604297110554 ], [ 27.821970788821801, -12.37555294570951 ], [ 27.821970788821801, -12.375501594308464 ], [ 27.821970788821801, -12.375450242907419 ], [ 27.821970788821801, -12.375398891506375 ], [ 27.821970788821801, -12.375347540105329 ], [ 27.821970788821801, -12.375296188704285 ], [ 27.821996464522321, -12.375244837303239 ], [ 27.821996464522321, -12.37514213450115 ], [ 27.822022140222845, -12.375090783100104 ], [ 27.822047815923369, -12.375013755998538 ], [ 27.82207349162389, -12.374885377495925 ], [ 27.822099167324414, -12.374834026094879 ], [ 27.822124843024934, -12.374782674693835 ], [ 27.822150518725458, -12.374679971891744 ], [ 27.822201870126502, -12.374679971891744 ], [ 27.822253221527546, -12.374679971891744 ], [ 27.822304572928594, -12.374679971891744 ], [ 27.822355924329639, -12.374705647592267 ], [ 27.822407275730683, -12.374731323292789 ], [ 27.822458627131727, -12.374731323292789 ], [ 27.822509978532771, -12.374756998993313 ], [ 27.822561329933819, -12.374782674693835 ], [ 27.822612681334864, -12.374782674693835 ], [ 27.822664032735908, -12.374782674693835 ], [ 27.822715384136952, -12.374782674693835 ], [ 27.822766735537996, -12.374782674693835 ], [ 27.822818086939044, -12.374782674693835 ], [ 27.822869438340089, -12.374782674693835 ], [ 27.822946465441657, -12.374782674693835 ], [ 27.822997816842701, -12.374782674693835 ], [ 27.823049168243745, -12.374782674693835 ], [ 27.82310051964479, -12.374782674693835 ], [ 27.823151871045834, -12.374756998993313 ], [ 27.823228898147402, -12.374731323292789 ], [ 27.823280249548446, -12.374731323292789 ], [ 27.823331600949494, -12.374731323292789 ], [ 27.823408628051059, -12.374731323292789 ], [ 27.823459979452107, -12.374756998993313 ], [ 27.823537006553671, -12.374782674693835 ], [ 27.823588357954719, -12.374782674693835 ], [ 27.823639709355763, -12.374782674693835 ], [ 27.823639709355763, -12.374834026094879 ], [ 27.823691060756808, -12.374859701795401 ], [ 27.823742412157852, -12.374885377495925 ], [ 27.823793763558896, -12.374911053196447 ], [ 27.823845114959944, -12.374962404597492 ], [ 27.823922142061509, -12.374988080298014 ], [ 27.823947817762033, -12.375065107399582 ], [ 27.823999169163077, -12.375065107399582 ], [ 27.824050520564121, -12.375116458800626 ], [ 27.824076196264645, -12.375167810201672 ], [ 27.82412754766569, -12.375167810201672 ], [ 27.824178899066734, -12.375193485902194 ], [ 27.824255926168302, -12.375193485902194 ], [ 27.824281601868826, -12.37514213450115 ], [ 27.824358628970391, -12.37514213450115 ], [ 27.824384304670915, -12.375090783100104 ], [ 27.824435656071959, -12.375090783100104 ], [ 27.824487007473003, -12.375065107399582 ], [ 27.824538358874051, -12.37503943169906 ], [ 27.824564034574571, -12.374988080298014 ], [ 27.824641061676139, -12.374911053196447 ], [ 27.824666737376663, -12.374859701795401 ], [ 27.824692413077184, -12.374808350394357 ], [ 27.824743764478228, -12.374782674693835 ], [ 27.824795115879276, -12.374782674693835 ], [ 27.82484646728032, -12.374782674693835 ], [ 27.824897818681364, -12.374782674693835 ], [ 27.824897818681364, -12.374731323292789 ], [ 27.824974845782933, -12.374731323292789 ], [ 27.825026197183977, -12.374705647592267 ], [ 27.825077548585021, -12.374705647592267 ], [ 27.825128899986066, -12.374705647592267 ], [ 27.825180251387113, -12.374705647592267 ], [ 27.825231602788158, -12.374705647592267 ], [ 27.825282954189202, -12.374705647592267 ], [ 27.825334305590246, -12.374705647592267 ], [ 27.825385656991291, -12.374705647592267 ], [ 27.825437008392338, -12.374705647592267 ], [ 27.825514035493903, -12.374679971891744 ], [ 27.825591062595471, -12.374679971891744 ], [ 27.825642413996516, -12.374679971891744 ], [ 27.825693765397563, -12.374705647592267 ], [ 27.825745116798608, -12.374731323292789 ], [ 27.825796468199652, -12.374731323292789 ], [ 27.825847819600696, -12.374756998993313 ], [ 27.82589917100174, -12.374756998993313 ], [ 27.825950522402788, -12.374782674693835 ], [ 27.826001873803833, -12.374808350394357 ], [ 27.826027549504353, -12.374859701795401 ], [ 27.826078900905401, -12.374936728896969 ], [ 27.826130252306445, -12.375013755998538 ], [ 27.826181603707489, -12.375065107399582 ], [ 27.826232955108534, -12.375116458800626 ], [ 27.826258630809058, -12.375167810201672 ], [ 27.826309982210102, -12.375193485902194 ], [ 27.82638700931167, -12.375244837303239 ], [ 27.826438360712714, -12.375270513003763 ], [ 27.826489712113759, -12.375270513003763 ], [ 27.826541063514803, -12.375296188704285 ], [ 27.826618090616371, -12.375296188704285 ], [ 27.826669442017415, -12.375296188704285 ], [ 27.826720793418463, -12.375296188704285 ], [ 27.826772144819508, -12.375296188704285 ], [ 27.826823496220552, -12.375296188704285 ], [ 27.826874847621596, -12.375296188704285 ], [ 27.82692619902264, -12.375296188704285 ], [ 27.826977550423688, -12.375296188704285 ], [ 27.827105928926301, -12.375296188704285 ], [ 27.827157280327345, -12.375296188704285 ], [ 27.827234307428913, -12.375321864404807 ], [ 27.827337010231002, -12.375347540105329 ], [ 27.827465388733614, -12.375373215805851 ], [ 27.827516740134659, -12.375373215805851 ], [ 27.827568091535703, -12.375373215805851 ], [ 27.827645118637271, -12.375398891506375 ], [ 27.827696470038315, -12.375398891506375 ], [ 27.827747821439363, -12.375398891506375 ], [ 27.827799172840407, -12.375398891506375 ], [ 27.827850524241452, -12.375398891506375 ], [ 27.827901875642496, -12.375398891506375 ], [ 27.82795322704354, -12.375398891506375 ], [ 27.828004578444588, -12.375398891506375 ], [ 27.828055929845632, -12.375373215805851 ], [ 27.828107281246677, -12.375373215805851 ], [ 27.828184308348245, -12.375373215805851 ], [ 27.828287011150334, -12.375347540105329 ], [ 27.828338362551378, -12.375347540105329 ], [ 27.828389713952426, -12.375296188704285 ], [ 27.82844106535347, -12.375296188704285 ], [ 27.828492416754514, -12.375296188704285 ], [ 27.828518092455038, -12.375244837303239 ], [ 27.828569443856082, -12.375219161602717 ], [ 27.828646470957651, -12.375219161602717 ], [ 27.828697822358695, -12.375219161602717 ], [ 27.828800525160784, -12.375219161602717 ], [ 27.828877552262352, -12.375193485902194 ], [ 27.82895457936392, -12.375193485902194 ], [ 27.829031606465488, -12.375193485902194 ], [ 27.829134309267577, -12.375193485902194 ], [ 27.829185660668621, -12.375167810201672 ], [ 27.829237012069665, -12.375167810201672 ], [ 27.829288363470713, -12.375167810201672 ], [ 27.829339714871757, -12.375167810201672 ], [ 27.829391066272802, -12.375167810201672 ], [ 27.829416741973326, -12.375116458800626 ], [ 27.82946809337437, -12.375116458800626 ], [ 27.829519444775414, -12.375116458800626 ], [ 27.829570796176458, -12.375116458800626 ], [ 27.829622147577503, -12.375116458800626 ], [ 27.829699174679071, -12.375116458800626 ], [ 27.829750526080115, -12.375116458800626 ], [ 27.829801877481163, -12.375116458800626 ], [ 27.829853228882207, -12.375116458800626 ], [ 27.829904580283252, -12.375116458800626 ], [ 27.829955931684296, -12.375116458800626 ], [ 27.83000728308534, -12.375116458800626 ], [ 27.830084310186908, -12.375116458800626 ], [ 27.830135661587953, -12.375116458800626 ], [ 27.830212688689521, -12.375116458800626 ], [ 27.830264040090565, -12.375116458800626 ], [ 27.830315391491613, -12.375116458800626 ], [ 27.830366742892657, -12.375116458800626 ], [ 27.830443769994226, -12.375116458800626 ], [ 27.83049512139527, -12.375116458800626 ], [ 27.830546472796314, -12.375116458800626 ], [ 27.830623499897882, -12.375116458800626 ], [ 27.830700526999451, -12.375090783100104 ], [ 27.830751878400495, -12.375090783100104 ], [ 27.830828905502063, -12.375090783100104 ], [ 27.830905932603628, -12.375090783100104 ], [ 27.830957284004676, -12.375090783100104 ], [ 27.83100863540572, -12.375090783100104 ], [ 27.831059986806764, -12.375090783100104 ], [ 27.831137013908332, -12.375090783100104 ], [ 27.831239716710421, -12.375090783100104 ], [ 27.831342419512513, -12.37514213450115 ], [ 27.831393770913557, -12.37514213450115 ], [ 27.83154782511669, -12.37514213450115 ], [ 27.831676203619303, -12.37514213450115 ], [ 27.831778906421395, -12.37514213450115 ], [ 27.831855933522963, -12.37514213450115 ], [ 27.831907284924007, -12.37514213450115 ], [ 27.831984312025575, -12.37514213450115 ], [ 27.83206133912714, -12.37514213450115 ], [ 27.832112690528188, -12.37514213450115 ], [ 27.832164041929232, -12.37514213450115 ], [ 27.832215393330276, -12.37514213450115 ], [ 27.832266744731321, -12.37514213450115 ], [ 27.832318096132365, -12.37514213450115 ], [ 27.832369447533413, -12.375167810201672 ], [ 27.832420798934457, -12.375167810201672 ], [ 27.832472150335501, -12.375167810201672 ], [ 27.832523501736546, -12.375167810201672 ], [ 27.83257485313759, -12.375167810201672 ], [ 27.832626204538638, -12.375167810201672 ], [ 27.832677555939682, -12.375167810201672 ], [ 27.832728907340726, -12.375167810201672 ], [ 27.832780258741771, -12.375167810201672 ], [ 27.832831610142815, -12.375167810201672 ], [ 27.832882961543859, -12.375167810201672 ], [ 27.832934312944907, -12.375167810201672 ], [ 27.832985664345951, -12.375167810201672 ], [ 27.833037015746996, -12.375167810201672 ], [ 27.83308836714804, -12.375167810201672 ], [ 27.833139718549084, -12.375167810201672 ], [ 27.833191069950132, -12.375167810201672 ], [ 27.833191069950132, -12.375116458800626 ], [ 27.833242421351176, -12.375116458800626 ], [ 27.833293772752221, -12.375090783100104 ], [ 27.833345124153265, -12.375090783100104 ], [ 27.833396475554309, -12.375090783100104 ], [ 27.833447826955357, -12.375090783100104 ], [ 27.833499178356401, -12.375090783100104 ], [ 27.833550529757446, -12.375090783100104 ], [ 27.83360188115849, -12.375090783100104 ], [ 27.833653232559534, -12.375090783100104 ], [ 27.833704583960582, -12.375090783100104 ], [ 27.833755935361626, -12.375116458800626 ], [ 27.833807286762671, -12.375116458800626 ], [ 27.833858638163715, -12.375116458800626 ], [ 27.833909989564759, -12.375116458800626 ], [ 27.833987016666327, -12.37514213450115 ], [ 27.83408971946842, -12.37514213450115 ], [ 27.834166746569984, -12.375193485902194 ], [ 27.834243773671552, -12.375193485902194 ], [ 27.834295125072597, -12.375193485902194 ] ] ] ] } },
{ "type": "Feature", "properties": { "id": 6, "name": "Lubambe", "status": "acttive", "area_ha": 48.929 }, "geometry": { "type": "MultiPolygon", "coordinates": [ [ [ [ 27.765859085375503, -12.298149029090217 ], [ 27.765832664353162, -12.298149029090217 ], [ 27.765806243330825, -12.298149029090217 ], [ 27.765779822308485, -12.298149029090217 ], [ 27.765740190774977, -12.298149029090217 ], [ 27.765713769752637, -12.298149029090217 ], [ 27.765674138219129, -12.298149029090217 ], [ 27.765647717196792, -12.298149029090217 ], [ 27.765621296174452, -12.298149029090217 ], [ 27.765594875152111, -12.298149029090217 ], [ 27.765568454129774, -12.298149029090217 ], [ 27.765542033107433, -12.298122608067876 ], [ 27.765515612085096, -12.298109397556708 ], [ 27.765489191062755, -12.298096187045537 ], [ 27.765462770040418, -12.298096187045537 ], [ 27.765436349018078, -12.298096187045537 ], [ 27.765409927995737, -12.298069766023199 ], [ 27.7653835069734, -12.298069766023199 ], [ 27.765357085951059, -12.298069766023199 ], [ 27.765330664928722, -12.298069766023199 ], [ 27.765304243906382, -12.298069766023199 ], [ 27.765277822884045, -12.298069766023199 ], [ 27.765251401861704, -12.298082976534369 ], [ 27.765224980839367, -12.298082976534369 ], [ 27.765198559817026, -12.298096187045537 ], [ 27.765172138794686, -12.298096187045537 ], [ 27.765145717772349, -12.298096187045537 ], [ 27.765119296750008, -12.298096187045537 ], [ 27.765092875727671, -12.298096187045537 ], [ 27.76506645470533, -12.298096187045537 ], [ 27.765040033682993, -12.298096187045537 ], [ 27.765013612660653, -12.298082976534369 ], [ 27.764987191638316, -12.298069766023199 ], [ 27.764960770615975, -12.298069766023199 ], [ 27.764934349593634, -12.29805655551203 ], [ 27.764907928571297, -12.29804334500086 ], [ 27.764881507548957, -12.29804334500086 ], [ 27.764855086526619, -12.29804334500086 ], [ 27.764828665504279, -12.298030134489691 ], [ 27.764802244481942, -12.298016923978521 ], [ 27.764775823459601, -12.298016923978521 ], [ 27.764749402437264, -12.298016923978521 ], [ 27.764722981414923, -12.298016923978521 ], [ 27.764696560392583, -12.298003713467351 ], [ 27.764670139370246, -12.298003713467351 ], [ 27.764643718347905, -12.298003713467351 ], [ 27.764617297325568, -12.298003713467351 ], [ 27.764590876303227, -12.297990502956182 ], [ 27.76456445528089, -12.297990502956182 ], [ 27.76453803425855, -12.297990502956182 ], [ 27.76453803425855, -12.297964081933843 ], [ 27.76453803425855, -12.297937660911504 ], [ 27.76453803425855, -12.297911239889165 ], [ 27.76453803425855, -12.297884818866825 ], [ 27.76453803425855, -12.297858397844486 ], [ 27.76453803425855, -12.297818766310979 ], [ 27.76453803425855, -12.297792345288638 ], [ 27.76453803425855, -12.297765924266299 ], [ 27.76453803425855, -12.297726292732792 ], [ 27.76453803425855, -12.297686661199283 ], [ 27.76453803425855, -12.297633819154605 ], [ 27.76455124476972, -12.297607398132266 ], [ 27.76455124476972, -12.297580977109927 ], [ 27.76455124476972, -12.297541345576418 ], [ 27.76455124476972, -12.297514924554079 ], [ 27.76455124476972, -12.29747529302057 ], [ 27.76453803425855, -12.297435661487061 ], [ 27.76453803425855, -12.297409240464722 ], [ 27.764524823747379, -12.297382819442383 ], [ 27.764511613236213, -12.297356398420044 ], [ 27.764498402725042, -12.297329977397705 ], [ 27.764498402725042, -12.297303556375367 ], [ 27.764485192213872, -12.297277135353028 ], [ 27.764485192213872, -12.297250714330689 ], [ 27.764471981702702, -12.297224293308348 ], [ 27.764458771191531, -12.297197872286009 ], [ 27.764445560680365, -12.297171451263671 ], [ 27.764445560680365, -12.297145030241332 ], [ 27.764445560680365, -12.297092188196654 ], [ 27.764445560680365, -12.297065767174315 ], [ 27.764445560680365, -12.297039346151976 ], [ 27.764445560680365, -12.297012925129637 ], [ 27.764445560680365, -12.296986504107297 ], [ 27.764432350169194, -12.296946872573789 ], [ 27.764432350169194, -12.29690724104028 ], [ 27.764432350169194, -12.296880820017941 ], [ 27.764432350169194, -12.296841188484432 ], [ 27.764432350169194, -12.296801556950925 ], [ 27.764432350169194, -12.296775135928586 ], [ 27.764432350169194, -12.296748714906245 ], [ 27.764432350169194, -12.296722293883906 ], [ 27.764432350169194, -12.296695872861568 ], [ 27.764432350169194, -12.296669451839229 ], [ 27.764432350169194, -12.29664303081689 ], [ 27.764432350169194, -12.296616609794551 ], [ 27.764432350169194, -12.296576978261042 ], [ 27.764432350169194, -12.296550557238703 ], [ 27.764432350169194, -12.296524136216364 ], [ 27.764432350169194, -12.296497715194025 ], [ 27.764419139658024, -12.296471294171686 ], [ 27.764419139658024, -12.296444873149348 ], [ 27.764419139658024, -12.296418452127007 ], [ 27.764419139658024, -12.296392031104668 ], [ 27.764419139658024, -12.296352399571161 ], [ 27.764419139658024, -12.296325978548822 ], [ 27.764419139658024, -12.296286347015313 ], [ 27.764419139658024, -12.296246715481804 ], [ 27.764419139658024, -12.296193873437126 ], [ 27.764419139658024, -12.296167452414787 ], [ 27.764419139658024, -12.296114610370109 ], [ 27.764419139658024, -12.2960749788366 ], [ 27.764419139658024, -12.296022136791922 ], [ 27.764419139658024, -12.295982505258413 ], [ 27.764419139658024, -12.295956084236074 ], [ 27.764419139658024, -12.295929663213736 ], [ 27.764419139658024, -12.295890031680226 ], [ 27.764419139658024, -12.295863610657888 ], [ 27.764419139658024, -12.295837189635549 ], [ 27.764419139658024, -12.29581076861321 ], [ 27.764419139658024, -12.295784347590871 ], [ 27.764419139658024, -12.295757926568532 ], [ 27.764419139658024, -12.295718295035023 ], [ 27.764405929146854, -12.295665452990345 ], [ 27.764405929146854, -12.295639031968005 ], [ 27.764405929146854, -12.295612610945666 ], [ 27.764405929146854, -12.295586189923327 ], [ 27.764405929146854, -12.295559768900988 ], [ 27.764405929146854, -12.29550692685631 ], [ 27.764405929146854, -12.295467295322801 ], [ 27.764405929146854, -12.295440874300462 ], [ 27.764405929146854, -12.295401242766953 ], [ 27.764405929146854, -12.295348400722276 ], [ 27.764405929146854, -12.295321979699937 ], [ 27.764405929146854, -12.295295558677598 ], [ 27.764405929146854, -12.295269137655259 ], [ 27.764405929146854, -12.29524271663292 ], [ 27.764405929146854, -12.295216295610581 ], [ 27.764405929146854, -12.295189874588242 ], [ 27.764405929146854, -12.295163453565902 ], [ 27.764405929146854, -12.295137032543563 ], [ 27.764419139658024, -12.295110611521224 ], [ 27.764419139658024, -12.295084190498885 ], [ 27.764419139658024, -12.295057769476546 ], [ 27.764419139658024, -12.295031348454208 ], [ 27.764419139658024, -12.295004927431869 ], [ 27.764419139658024, -12.29497850640953 ], [ 27.764419139658024, -12.294952085387189 ], [ 27.764419139658024, -12.29492566436485 ], [ 27.764419139658024, -12.294899243342511 ], [ 27.764419139658024, -12.294872822320173 ], [ 27.764419139658024, -12.294846401297834 ], [ 27.764419139658024, -12.294819980275495 ], [ 27.764419139658024, -12.294793559253156 ], [ 27.764392718635683, -12.294767138230817 ], [ 27.764392718635683, -12.294740717208478 ], [ 27.764379508124517, -12.294714296186138 ], [ 27.764379508124517, -12.294687875163799 ], [ 27.764379508124517, -12.29466145414146 ], [ 27.764353087102176, -12.294621822607953 ], [ 27.764353087102176, -12.294582191074444 ], [ 27.764339876591006, -12.294555770052105 ], [ 27.764326666079839, -12.294529349029766 ], [ 27.764326666079839, -12.294502928007425 ], [ 27.764313455568669, -12.294476506985086 ], [ 27.764300245057498, -12.294450085962747 ], [ 27.764300245057498, -12.294423664940409 ], [ 27.764273824035158, -12.294423664940409 ], [ 27.764273824035158, -12.29439724391807 ], [ 27.764247403012821, -12.294384033406899 ], [ 27.76422098199048, -12.294357612384561 ], [ 27.764194560968143, -12.294344401873392 ], [ 27.764168139945802, -12.294331191362222 ], [ 27.764141718923465, -12.294317980851053 ], [ 27.764141718923465, -12.294291559828714 ], [ 27.764115297901125, -12.294291559828714 ], [ 27.764115297901125, -12.294265138806374 ], [ 27.764088876878787, -12.294265138806374 ], [ 27.764075666367617, -12.294238717784035 ], [ 27.764049245345277, -12.294225507272866 ], [ 27.764022824322939, -12.294199086250527 ], [ 27.764009613811769, -12.294172665228189 ], [ 27.763983192789429, -12.294159454717018 ], [ 27.763983192789429, -12.294133033694679 ], [ 27.763956771767091, -12.294133033694679 ], [ 27.763956771767091, -12.294106612672341 ], [ 27.763943561255921, -12.294080191650002 ], [ 27.76391714023358, -12.294080191650002 ], [ 27.76391714023358, -12.294053770627663 ], [ 27.763903929722414, -12.294027349605322 ], [ 27.763903929722414, -12.294000928582983 ], [ 27.763877508700073, -12.294000928582983 ], [ 27.763890719211243, -12.293974507560645 ], [ 27.76391714023358, -12.293961297049476 ], [ 27.763943561255921, -12.293948086538306 ], [ 27.763969982278262, -12.293934876027135 ], [ 27.763996403300599, -12.293934876027135 ], [ 27.764022824322939, -12.293921665515967 ], [ 27.764049245345277, -12.293921665515967 ], [ 27.764062455856447, -12.293895244493628 ], [ 27.764088876878787, -12.293895244493628 ], [ 27.764115297901125, -12.293868823471289 ], [ 27.764141718923465, -12.293868823471289 ], [ 27.764168139945802, -12.29384240244895 ], [ 27.764194560968143, -12.29384240244895 ], [ 27.76422098199048, -12.29382919193778 ], [ 27.764260613523991, -12.29381598142661 ], [ 27.764287034546328, -12.29381598142661 ], [ 27.764300245057498, -12.293789560404271 ], [ 27.764326666079839, -12.293789560404271 ], [ 27.764353087102176, -12.293789560404271 ], [ 27.764379508124517, -12.293789560404271 ], [ 27.764405929146854, -12.293789560404271 ], [ 27.764432350169194, -12.293789560404271 ], [ 27.764458771191531, -12.293776349893102 ], [ 27.764485192213872, -12.293776349893102 ], [ 27.764511613236213, -12.293776349893102 ], [ 27.76453803425855, -12.293776349893102 ], [ 27.76456445528089, -12.293776349893102 ], [ 27.764590876303227, -12.293776349893102 ], [ 27.764617297325568, -12.293763139381932 ], [ 27.764643718347905, -12.293749928870763 ], [ 27.764643718347905, -12.293723507848425 ], [ 27.764643718347905, -12.293697086826084 ], [ 27.764643718347905, -12.293670665803745 ], [ 27.764643718347905, -12.293644244781406 ], [ 27.764643718347905, -12.293604613247899 ], [ 27.764643718347905, -12.293578192225558 ], [ 27.764643718347905, -12.293551771203219 ], [ 27.764643718347905, -12.293498929158542 ], [ 27.764643718347905, -12.293472508136203 ], [ 27.764643718347905, -12.293446087113864 ], [ 27.764643718347905, -12.293393245069186 ], [ 27.764643718347905, -12.293353613535677 ], [ 27.764643718347905, -12.293327192513338 ], [ 27.764643718347905, -12.293287560979829 ], [ 27.764643718347905, -12.29326113995749 ], [ 27.764643718347905, -12.293221508423981 ], [ 27.764643718347905, -12.293195087401642 ], [ 27.764643718347905, -12.293155455868135 ], [ 27.764643718347905, -12.293129034845794 ], [ 27.764643718347905, -12.293102613823455 ], [ 27.764643718347905, -12.293076192801117 ], [ 27.764643718347905, -12.293049771778778 ], [ 27.764643718347905, -12.2929969297341 ], [ 27.764643718347905, -12.292970508711761 ], [ 27.764643718347905, -12.292944087689422 ], [ 27.764643718347905, -12.292917666667083 ], [ 27.764643718347905, -12.292891245644743 ], [ 27.764643718347905, -12.292864824622404 ], [ 27.764643718347905, -12.292838403600065 ], [ 27.764656928859075, -12.292785561555387 ], [ 27.764656928859075, -12.292745930021878 ], [ 27.764656928859075, -12.292719508999539 ], [ 27.764670139370246, -12.292693087977201 ], [ 27.764670139370246, -12.292666666954862 ], [ 27.764670139370246, -12.292640245932523 ], [ 27.764670139370246, -12.292613824910184 ], [ 27.764670139370246, -12.292587403887845 ], [ 27.764670139370246, -12.292560982865504 ], [ 27.764670139370246, -12.292534561843166 ], [ 27.764670139370246, -12.292508140820827 ], [ 27.764683349881416, -12.292468509287319 ], [ 27.764683349881416, -12.292442088264979 ], [ 27.764696560392583, -12.29241566724264 ], [ 27.764696560392583, -12.292389246220301 ], [ 27.764709770903753, -12.292362825197962 ], [ 27.764709770903753, -12.292336404175623 ], [ 27.764722981414923, -12.292309983153284 ], [ 27.764749402437264, -12.292296772642114 ], [ 27.764762612948431, -12.292270351619775 ], [ 27.764789033970771, -12.292243930597436 ], [ 27.764828665504279, -12.292243930597436 ], [ 27.764855086526619, -12.292243930597436 ], [ 27.764894718060127, -12.292243930597436 ], [ 27.764921139082468, -12.292243930597436 ], [ 27.764947560104805, -12.292243930597436 ], [ 27.764973981127145, -12.292243930597436 ], [ 27.765000402149482, -12.292230720086266 ], [ 27.765026823171823, -12.292230720086266 ], [ 27.76505324419416, -12.292230720086266 ], [ 27.765079665216501, -12.292217509575098 ], [ 27.765106086238841, -12.292217509575098 ], [ 27.765132507261178, -12.292204299063927 ], [ 27.765158928283519, -12.292191088552759 ], [ 27.765185349305856, -12.292177878041588 ], [ 27.765211770328197, -12.292177878041588 ], [ 27.765238191350534, -12.292177878041588 ], [ 27.765264612372874, -12.292177878041588 ], [ 27.765277822884045, -12.292204299063927 ], [ 27.765304243906382, -12.292217509575098 ], [ 27.765343875439893, -12.292230720086266 ], [ 27.76537029646223, -12.292230720086266 ], [ 27.76539671748457, -12.292230720086266 ], [ 27.765423138506907, -12.292230720086266 ], [ 27.765449559529248, -12.292243930597436 ], [ 27.765475980551585, -12.292257141108607 ], [ 27.765502401573926, -12.292257141108607 ], [ 27.765528822596263, -12.292257141108607 ], [ 27.765555243618603, -12.292257141108607 ], [ 27.765581664640944, -12.292257141108607 ], [ 27.765608085663281, -12.292257141108607 ], [ 27.765621296174452, -12.292283562130946 ], [ 27.765647717196792, -12.292283562130946 ], [ 27.765674138219129, -12.292283562130946 ], [ 27.76570055924147, -12.292296772642114 ], [ 27.765726980263807, -12.292323193664453 ], [ 27.765753401286148, -12.292336404175623 ], [ 27.765766611797318, -12.292362825197962 ], [ 27.765793032819655, -12.292362825197962 ], [ 27.765806243330825, -12.292389246220301 ], [ 27.765819453841996, -12.29241566724264 ], [ 27.765845874864333, -12.292442088264979 ], [ 27.765872295886673, -12.292455298776149 ], [ 27.76589871690901, -12.292481719798488 ], [ 27.765925137931351, -12.292494930309658 ], [ 27.765951558953688, -12.292508140820827 ], [ 27.765964769464858, -12.292534561843166 ], [ 27.765991190487199, -12.292547772354336 ], [ 27.766017611509536, -12.292547772354336 ], [ 27.766044032531877, -12.292560982865504 ], [ 27.766070453554214, -12.292574193376675 ], [ 27.766083664065384, -12.292600614399014 ], [ 27.766110085087725, -12.292600614399014 ], [ 27.766136506110062, -12.292613824910184 ], [ 27.766162927132402, -12.292640245932523 ], [ 27.766189348154739, -12.292653456443691 ], [ 27.76620255866591, -12.29267987746603 ], [ 27.76622897968825, -12.292706298488371 ], [ 27.76622897968825, -12.29273271951071 ], [ 27.766242190199421, -12.292759140533049 ], [ 27.766255400710588, -12.292785561555387 ], [ 27.766255400710588, -12.292811982577726 ], [ 27.766281821732928, -12.292811982577726 ], [ 27.766308242755265, -12.292825193088897 ], [ 27.766334663777606, -12.292825193088897 ], [ 27.766361084799946, -12.292811982577726 ], [ 27.766387505822284, -12.292811982577726 ], [ 27.766427137355791, -12.292811982577726 ], [ 27.766466768889302, -12.292798772066556 ], [ 27.766493189911639, -12.292785561555387 ], [ 27.76651961093398, -12.292785561555387 ], [ 27.766546031956317, -12.292772351044217 ], [ 27.766572452978657, -12.292759140533049 ], [ 27.766598874000998, -12.292759140533049 ], [ 27.766625295023335, -12.292759140533049 ], [ 27.766651716045676, -12.292759140533049 ], [ 27.766678137068013, -12.292759140533049 ], [ 27.766704558090353, -12.292759140533049 ], [ 27.76673097911269, -12.292772351044217 ], [ 27.766757400135031, -12.292772351044217 ], [ 27.766783821157372, -12.292759140533049 ], [ 27.766797031668538, -12.29273271951071 ], [ 27.766823452690879, -12.292706298488371 ], [ 27.766849873713216, -12.292706298488371 ], [ 27.766876294735557, -12.292693087977201 ], [ 27.766902715757897, -12.29267987746603 ], [ 27.766929136780234, -12.29267987746603 ], [ 27.766955557802575, -12.29267987746603 ], [ 27.766981978824912, -12.29267987746603 ], [ 27.767008399847253, -12.292693087977201 ], [ 27.767021610358423, -12.292719508999539 ], [ 27.76704803138076, -12.292759140533049 ], [ 27.767074452403101, -12.292759140533049 ], [ 27.767100873425438, -12.292772351044217 ], [ 27.767127294447778, -12.292798772066556 ], [ 27.767153715470116, -12.292811982577726 ], [ 27.767166925981286, -12.292838403600065 ], [ 27.767180136492456, -12.292864824622404 ], [ 27.767193347003627, -12.292891245644743 ], [ 27.767206557514793, -12.292917666667083 ], [ 27.767206557514793, -12.292944087689422 ], [ 27.767206557514793, -12.292970508711761 ], [ 27.767206557514793, -12.2929969297341 ], [ 27.767206557514793, -12.293023350756439 ], [ 27.767219768025964, -12.293049771778778 ], [ 27.767219768025964, -12.293076192801117 ], [ 27.767232978537134, -12.293102613823455 ], [ 27.767232978537134, -12.293129034845794 ], [ 27.767232978537134, -12.293155455868135 ], [ 27.767232978537134, -12.293181876890474 ], [ 27.767259399559475, -12.293181876890474 ], [ 27.767285820581812, -12.293208297912813 ], [ 27.767299031092982, -12.293234718935151 ], [ 27.767325452115319, -12.29324792944632 ], [ 27.767338662626489, -12.293274350468661 ], [ 27.767338662626489, -12.293300771490999 ], [ 27.767338662626489, -12.293327192513338 ], [ 27.767338662626489, -12.293380034558016 ], [ 27.767338662626489, -12.293406455580355 ], [ 27.767325452115319, -12.293432876602694 ], [ 27.767325452115319, -12.293459297625033 ], [ 27.767325452115319, -12.293485718647373 ], [ 27.767312241604152, -12.293512139669712 ], [ 27.767312241604152, -12.293551771203219 ], [ 27.767299031092982, -12.293578192225558 ], [ 27.767285820581812, -12.293604613247899 ], [ 27.767285820581812, -12.293657455292577 ], [ 27.767285820581812, -12.293710297337254 ], [ 27.767272610070641, -12.293763139381932 ], [ 27.767272610070641, -12.293789560404271 ], [ 27.767272610070641, -12.29381598142661 ], [ 27.767259399559475, -12.293855612960119 ], [ 27.767259399559475, -12.293895244493628 ], [ 27.767246189048304, -12.293921665515967 ], [ 27.767246189048304, -12.293948086538306 ], [ 27.767246189048304, -12.293974507560645 ], [ 27.767246189048304, -12.294000928582983 ], [ 27.767232978537134, -12.294027349605322 ], [ 27.767232978537134, -12.294053770627663 ], [ 27.767232978537134, -12.294080191650002 ], [ 27.767219768025964, -12.294106612672341 ], [ 27.767206557514793, -12.294133033694679 ], [ 27.767193347003627, -12.294159454717018 ], [ 27.767180136492456, -12.294185875739357 ], [ 27.767180136492456, -12.294212296761696 ], [ 27.767180136492456, -12.294238717784035 ], [ 27.767180136492456, -12.294265138806374 ], [ 27.767180136492456, -12.294291559828714 ], [ 27.767180136492456, -12.294317980851053 ], [ 27.767166925981286, -12.294344401873392 ], [ 27.767166925981286, -12.294370822895731 ], [ 27.767166925981286, -12.29439724391807 ], [ 27.767153715470116, -12.294423664940409 ], [ 27.767153715470116, -12.294476506985086 ], [ 27.767153715470116, -12.294516138518595 ], [ 27.767153715470116, -12.294542559540934 ], [ 27.767153715470116, -12.294568980563273 ], [ 27.767140504958949, -12.294595401585612 ], [ 27.767140504958949, -12.294621822607953 ], [ 27.767140504958949, -12.294648243630292 ], [ 27.767140504958949, -12.29467466465263 ], [ 27.767127294447778, -12.294714296186138 ], [ 27.767127294447778, -12.294740717208478 ], [ 27.767127294447778, -12.294767138230817 ], [ 27.767127294447778, -12.294793559253156 ], [ 27.767127294447778, -12.294819980275495 ], [ 27.767127294447778, -12.294846401297834 ], [ 27.767127294447778, -12.294872822320173 ], [ 27.767166925981286, -12.29492566436485 ], [ 27.767180136492456, -12.29497850640953 ], [ 27.767193347003627, -12.295018137943037 ], [ 27.767219768025964, -12.295031348454208 ], [ 27.767232978537134, -12.295057769476546 ], [ 27.767232978537134, -12.295084190498885 ], [ 27.767246189048304, -12.295110611521224 ], [ 27.767259399559475, -12.295137032543563 ], [ 27.767285820581812, -12.295176664077072 ], [ 27.767285820581812, -12.295203085099411 ], [ 27.767312241604152, -12.295216295610581 ], [ 27.767338662626489, -12.29522950612175 ], [ 27.76736508364883, -12.29524271663292 ], [ 27.767391504671167, -12.29524271663292 ], [ 27.767404715182337, -12.295269137655259 ], [ 27.767431136204678, -12.295282348166428 ], [ 27.767457557227015, -12.295295558677598 ], [ 27.767483978249356, -12.295295558677598 ], [ 27.767497188760526, -12.295321979699937 ], [ 27.767523609782863, -12.295335190211107 ], [ 27.767550030805204, -12.295348400722276 ], [ 27.767550030805204, -12.295374821744614 ], [ 27.76756324131637, -12.295401242766953 ], [ 27.767589662338711, -12.295414453278124 ], [ 27.767602872849881, -12.295454084811633 ], [ 27.767629293872218, -12.295480505833972 ], [ 27.767629293872218, -12.29550692685631 ], [ 27.767642504383389, -12.29554655838982 ], [ 27.767642504383389, -12.295572979412158 ], [ 27.767655714894559, -12.295599400434497 ], [ 27.767655714894559, -12.295625821456836 ], [ 27.767655714894559, -12.295652242479175 ], [ 27.767668925405729, -12.295705084523853 ], [ 27.767682135916896, -12.295744716057362 ], [ 27.767695346428066, -12.295771137079701 ], [ 27.767695346428066, -12.29579755810204 ], [ 27.767708556939237, -12.295823979124378 ], [ 27.767734977961577, -12.295823979124378 ], [ 27.767761398983914, -12.295823979124378 ], [ 27.767774609495085, -12.295850400146717 ], [ 27.767801030517422, -12.295850400146717 ], [ 27.767840662050933, -12.295850400146717 ], [ 27.76786708307327, -12.295850400146717 ], [ 27.767893504095611, -12.295850400146717 ], [ 27.767919925117951, -12.295850400146717 ], [ 27.767946346140288, -12.295863610657888 ], [ 27.767972767162629, -12.295863610657888 ], [ 27.768012398696136, -12.295863610657888 ], [ 27.768038819718477, -12.295876821169058 ], [ 27.768065240740814, -12.295876821169058 ], [ 27.768091661763155, -12.295876821169058 ], [ 27.768118082785492, -12.295876821169058 ], [ 27.768144503807832, -12.295876821169058 ], [ 27.768170924830169, -12.295876821169058 ], [ 27.76821055636368, -12.295876821169058 ], [ 27.768236977386017, -12.295876821169058 ], [ 27.768263398408358, -12.295876821169058 ], [ 27.768289819430695, -12.295876821169058 ], [ 27.768316240453036, -12.295876821169058 ], [ 27.768342661475373, -12.295876821169058 ], [ 27.768382293008884, -12.295876821169058 ], [ 27.768408714031221, -12.295863610657888 ], [ 27.768435135053561, -12.295863610657888 ], [ 27.768474766587069, -12.295850400146717 ], [ 27.768501187609409, -12.295837189635549 ], [ 27.768527608631747, -12.295823979124378 ], [ 27.768554029654087, -12.295823979124378 ], [ 27.768580450676424, -12.295823979124378 ], [ 27.768620082209935, -12.295823979124378 ], [ 27.768646503232272, -12.295823979124378 ], [ 27.768672924254613, -12.29581076861321 ], [ 27.76869934527695, -12.29581076861321 ], [ 27.76871255578812, -12.295784347590871 ], [ 27.768738976810461, -12.295771137079701 ], [ 27.768765397832798, -12.295771137079701 ], [ 27.768805029366309, -12.295731505546192 ], [ 27.768844660899816, -12.295705084523853 ], [ 27.768871081922157, -12.295691874012684 ], [ 27.768910713455664, -12.295665452990345 ], [ 27.768937134478001, -12.295652242479175 ], [ 27.768963555500342, -12.295639031968005 ], [ 27.768989976522683, -12.295612610945666 ], [ 27.76901639754502, -12.295599400434497 ], [ 27.76904281856736, -12.295586189923327 ], [ 27.769069239589697, -12.295559768900988 ], [ 27.769095660612038, -12.295559768900988 ], [ 27.769122081634375, -12.29554655838982 ], [ 27.769148502656716, -12.295533347878649 ], [ 27.769174923679056, -12.295520137367479 ], [ 27.769214555212564, -12.29550692685631 ], [ 27.769240976234901, -12.29550692685631 ], [ 27.769267397257241, -12.29549371634514 ], [ 27.769293818279582, -12.295480505833972 ], [ 27.769320239301919, -12.295454084811633 ], [ 27.76934666032426, -12.295454084811633 ], [ 27.769386291857767, -12.295427663789294 ], [ 27.769399502368938, -12.295401242766953 ], [ 27.769425923391275, -12.295401242766953 ], [ 27.769452344413615, -12.295401242766953 ], [ 27.769491975947123, -12.295388032255785 ], [ 27.769518396969463, -12.295374821744614 ], [ 27.7695448179918, -12.295374821744614 ], [ 27.769571239014141, -12.295374821744614 ], [ 27.769597660036478, -12.295374821744614 ], [ 27.769624081058819, -12.295374821744614 ], [ 27.769650502081159, -12.295374821744614 ], [ 27.769676923103496, -12.295374821744614 ], [ 27.769716554637004, -12.295361611233446 ], [ 27.769742975659344, -12.295361611233446 ], [ 27.769769396681685, -12.295348400722276 ], [ 27.769809028215192, -12.295348400722276 ], [ 27.769822238726363, -12.295321979699937 ], [ 27.76986187025987, -12.295321979699937 ], [ 27.769888291282211, -12.295308769188768 ], [ 27.769914712304548, -12.295295558677598 ], [ 27.769941133326888, -12.295295558677598 ], [ 27.769967554349225, -12.295282348166428 ], [ 27.770007185882736, -12.295255927144089 ], [ 27.770033606905073, -12.29524271663292 ], [ 27.770060027927414, -12.295216295610581 ], [ 27.770086448949751, -12.295203085099411 ], [ 27.770112869972092, -12.295203085099411 ], [ 27.770139290994429, -12.295203085099411 ], [ 27.77016571201677, -12.295203085099411 ], [ 27.77019213303911, -12.295203085099411 ], [ 27.770218554061447, -12.295203085099411 ], [ 27.770244975083788, -12.295203085099411 ], [ 27.770271396106125, -12.295203085099411 ], [ 27.770297817128466, -12.295203085099411 ], [ 27.770324238150803, -12.295189874588242 ], [ 27.770363869684314, -12.295189874588242 ], [ 27.770403501217821, -12.295189874588242 ], [ 27.770429922240162, -12.295189874588242 ], [ 27.770456343262499, -12.295176664077072 ], [ 27.770482764284839, -12.295163453565902 ], [ 27.770509185307176, -12.295163453565902 ], [ 27.770535606329517, -12.295150243054733 ], [ 27.770562027351854, -12.295137032543563 ], [ 27.770588448374195, -12.295137032543563 ], [ 27.770614869396532, -12.295123822032394 ], [ 27.770641290418872, -12.295110611521224 ], [ 27.770667711441213, -12.295110611521224 ], [ 27.77069413246355, -12.295097401010056 ], [ 27.770746974508228, -12.295084190498885 ], [ 27.770773395530568, -12.295084190498885 ], [ 27.770799816552906, -12.295084190498885 ], [ 27.770826237575246, -12.295084190498885 ], [ 27.770852658597583, -12.295070979987715 ], [ 27.770879079619924, -12.295057769476546 ], [ 27.770931921664602, -12.295031348454208 ], [ 27.770958342686942, -12.295031348454208 ], [ 27.770984763709279, -12.295018137943037 ], [ 27.77101118473162, -12.295004927431869 ], [ 27.771037605753957, -12.294991716920698 ], [ 27.771064026776298, -12.29497850640953 ], [ 27.771090447798635, -12.29497850640953 ], [ 27.771090447798635, -12.294952085387189 ], [ 27.771116868820975, -12.294938874876021 ], [ 27.771143289843316, -12.29492566436485 ], [ 27.771169710865653, -12.29492566436485 ], [ 27.771196131887994, -12.29492566436485 ], [ 27.771196131887994, -12.294952085387189 ], [ 27.771196131887994, -12.29497850640953 ], [ 27.771196131887994, -12.295004927431869 ], [ 27.771209342399164, -12.295031348454208 ], [ 27.771222552910331, -12.295057769476546 ], [ 27.771248973932671, -12.295070979987715 ], [ 27.771248973932671, -12.295097401010056 ], [ 27.771262184443842, -12.295123822032394 ], [ 27.771288605466179, -12.295150243054733 ], [ 27.771301815977349, -12.295176664077072 ], [ 27.771301815977349, -12.295203085099411 ], [ 27.771301815977349, -12.29522950612175 ], [ 27.771315026488519, -12.295255927144089 ], [ 27.771315026488519, -12.295282348166428 ], [ 27.771341447510856, -12.295308769188768 ], [ 27.771341447510856, -12.295335190211107 ], [ 27.771354658022027, -12.295374821744614 ], [ 27.771354658022027, -12.295401242766953 ], [ 27.771354658022027, -12.295427663789294 ], [ 27.771354658022027, -12.295454084811633 ], [ 27.771367868533197, -12.29549371634514 ], [ 27.771381079044367, -12.295520137367479 ], [ 27.771381079044367, -12.29554655838982 ], [ 27.771381079044367, -12.295572979412158 ], [ 27.771394289555534, -12.295599400434497 ], [ 27.771407500066704, -12.295625821456836 ], [ 27.771420710577875, -12.295652242479175 ], [ 27.771447131600215, -12.295665452990345 ], [ 27.771460342111382, -12.295691874012684 ], [ 27.771473552622552, -12.295718295035023 ], [ 27.771499973644893, -12.295731505546192 ], [ 27.77151318415606, -12.295757926568532 ], [ 27.77152639466723, -12.295784347590871 ], [ 27.77152639466723, -12.29581076861321 ], [ 27.771552815689571, -12.295837189635549 ], [ 27.771566026200741, -12.295876821169058 ], [ 27.771566026200741, -12.295903242191397 ], [ 27.771566026200741, -12.295929663213736 ], [ 27.771566026200741, -12.295956084236074 ], [ 27.771579236711908, -12.295982505258413 ], [ 27.771605657734248, -12.295982505258413 ], [ 27.771632078756586, -12.295969294747243 ], [ 27.771671710290097, -12.295956084236074 ], [ 27.771698131312434, -12.295942873724904 ], [ 27.771724552334774, -12.295929663213736 ], [ 27.771750973357111, -12.295929663213736 ], [ 27.771777394379452, -12.295916452702565 ], [ 27.771803815401793, -12.295916452702565 ], [ 27.77183023642413, -12.295903242191397 ], [ 27.77185665744647, -12.295890031680226 ], [ 27.771883078468807, -12.295876821169058 ], [ 27.771909499491148, -12.295876821169058 ], [ 27.771935920513485, -12.295876821169058 ], [ 27.771962341535826, -12.295876821169058 ], [ 27.771988762558163, -12.295876821169058 ], [ 27.772015183580503, -12.295863610657888 ], [ 27.772041604602844, -12.295863610657888 ], [ 27.772081236136351, -12.295863610657888 ], [ 27.772107657158688, -12.295863610657888 ], [ 27.772134078181029, -12.295850400146717 ], [ 27.77216049920337, -12.295837189635549 ], [ 27.772186920225707, -12.295823979124378 ], [ 27.772213341248047, -12.295823979124378 ], [ 27.772239762270384, -12.29581076861321 ], [ 27.772266183292725, -12.29579755810204 ], [ 27.772305814826233, -12.295784347590871 ], [ 27.772332235848573, -12.295771137079701 ], [ 27.77235865687091, -12.295771137079701 ], [ 27.772385077893251, -12.295757926568532 ], [ 27.772398288404421, -12.295731505546192 ], [ 27.772424709426758, -12.295705084523853 ], [ 27.772437919937929, -12.295678663501514 ], [ 27.772464340960269, -12.295718295035023 ], [ 27.772477551471436, -12.295757926568532 ], [ 27.772490761982606, -12.295784347590871 ], [ 27.772503972493777, -12.29581076861321 ], [ 27.772517183004947, -12.295837189635549 ], [ 27.772517183004947, -12.295863610657888 ], [ 27.772543604027284, -12.295890031680226 ], [ 27.772543604027284, -12.295916452702565 ], [ 27.772570025049625, -12.295969294747243 ], [ 27.772570025049625, -12.295995715769584 ], [ 27.772583235560795, -12.296035347303091 ], [ 27.772583235560795, -12.29606176832543 ], [ 27.772596446071962, -12.296088189347769 ], [ 27.772609656583132, -12.296114610370109 ], [ 27.772622867094302, -12.296141031392448 ], [ 27.772622867094302, -12.296167452414787 ], [ 27.772622867094302, -12.296193873437126 ], [ 27.772622867094302, -12.296220294459465 ], [ 27.772622867094302, -12.296246715481804 ], [ 27.772636077605473, -12.296273136504142 ], [ 27.772636077605473, -12.296312768037652 ], [ 27.772636077605473, -12.29633918905999 ], [ 27.772649288116639, -12.296365610082329 ], [ 27.772649288116639, -12.296392031104668 ], [ 27.77266249862781, -12.296418452127007 ], [ 27.77267570913898, -12.296444873149348 ], [ 27.77267570913898, -12.296471294171686 ], [ 27.77267570913898, -12.296497715194025 ], [ 27.772702130161321, -12.296510925705194 ], [ 27.772702130161321, -12.296537346727533 ], [ 27.772728551183658, -12.296550557238703 ], [ 27.772728551183658, -12.296576978261042 ], [ 27.772754972205998, -12.296590188772212 ], [ 27.772754972205998, -12.296616609794551 ], [ 27.772781393228335, -12.296616609794551 ], [ 27.772781393228335, -12.29664303081689 ], [ 27.772807814250676, -12.296656241328058 ], [ 27.772834235273013, -12.296669451839229 ], [ 27.772834235273013, -12.296695872861568 ], [ 27.772847445784183, -12.296722293883906 ], [ 27.772860656295354, -12.296748714906245 ], [ 27.772887077317691, -12.296775135928586 ], [ 27.772887077317691, -12.296801556950925 ], [ 27.772887077317691, -12.296827977973264 ], [ 27.772900287828861, -12.296867609506771 ], [ 27.772913498340031, -12.296894030529112 ], [ 27.772913498340031, -12.296920451551451 ], [ 27.772926708851202, -12.296973293596128 ], [ 27.772939919362372, -12.297012925129637 ], [ 27.772939919362372, -12.297039346151976 ], [ 27.772939919362372, -12.297065767174315 ], [ 27.772939919362372, -12.297092188196654 ], [ 27.772939919362372, -12.297118609218993 ], [ 27.772939919362372, -12.297145030241332 ], [ 27.772953129873539, -12.297171451263671 ], [ 27.772953129873539, -12.297197872286009 ], [ 27.772926708851202, -12.297197872286009 ], [ 27.772900287828861, -12.29721108279718 ], [ 27.772873866806524, -12.297237503819519 ], [ 27.772873866806524, -12.297263924841857 ], [ 27.772847445784183, -12.297277135353028 ], [ 27.772834235273013, -12.297303556375367 ], [ 27.772807814250676, -12.297329977397705 ], [ 27.772781393228335, -12.297356398420044 ], [ 27.772754972205998, -12.297356398420044 ], [ 27.772728551183658, -12.297396029953553 ], [ 27.772702130161321, -12.297409240464722 ], [ 27.77268891965015, -12.297435661487061 ], [ 27.77266249862781, -12.297448871998231 ], [ 27.772636077605473, -12.297462082509401 ], [ 27.772622867094302, -12.29748850353174 ], [ 27.772622867094302, -12.297514924554079 ], [ 27.772596446071962, -12.297514924554079 ], [ 27.772583235560795, -12.297554556087587 ], [ 27.772556814538454, -12.297594187621096 ], [ 27.772543604027284, -12.297620608643435 ], [ 27.772530393516114, -12.297647029665773 ], [ 27.772517183004947, -12.297673450688112 ], [ 27.772490761982606, -12.297673450688112 ], [ 27.772477551471436, -12.297699871710453 ], [ 27.772477551471436, -12.297726292732792 ], [ 27.772503972493777, -12.297752713755131 ], [ 27.772517183004947, -12.297779134777469 ], [ 27.772543604027284, -12.297792345288638 ], [ 27.772570025049625, -12.297805555799808 ], [ 27.772570025049625, -12.297831976822147 ], [ 27.772596446071962, -12.297831976822147 ], [ 27.772622867094302, -12.297845187333317 ], [ 27.772636077605473, -12.297871608355656 ], [ 27.77266249862781, -12.297884818866825 ], [ 27.77268891965015, -12.297898029377995 ], [ 27.772715340672487, -12.297911239889165 ], [ 27.772728551183658, -12.297937660911504 ], [ 27.772754972205998, -12.297937660911504 ], [ 27.772768182717165, -12.297964081933843 ], [ 27.772781393228335, -12.297990502956182 ], [ 27.772794603739506, -12.298016923978521 ], [ 27.772807814250676, -12.29804334500086 ], [ 27.772834235273013, -12.29804334500086 ], [ 27.772834235273013, -12.298069766023199 ], [ 27.772847445784183, -12.298096187045537 ], [ 27.772873866806524, -12.298109397556708 ], [ 27.772887077317691, -12.298149029090217 ], [ 27.772926708851202, -12.298162239601385 ], [ 27.772939919362372, -12.298188660623724 ], [ 27.772966340384709, -12.298215081646063 ], [ 27.77299276140705, -12.298241502668402 ], [ 27.773005971918217, -12.298267923690743 ], [ 27.773032392940557, -12.298294344713081 ], [ 27.773045603451727, -12.29832076573542 ], [ 27.773058813962898, -12.298347186757759 ], [ 27.773085234985235, -12.298360397268928 ], [ 27.773111656007575, -12.298373607780098 ], [ 27.773138077029913, -12.298400028802437 ], [ 27.773151287541083, -12.298426449824776 ], [ 27.773151287541083, -12.298452870847115 ], [ 27.773138077029913, -12.298479291869455 ], [ 27.773111656007575, -12.298492502380624 ], [ 27.773098445496405, -12.298518923402963 ], [ 27.773072024474065, -12.298518923402963 ], [ 27.773045603451727, -12.298532133914133 ], [ 27.773019182429387, -12.298545344425301 ], [ 27.77299276140705, -12.298545344425301 ], [ 27.772966340384709, -12.29857176544764 ], [ 27.772939919362372, -12.29857176544764 ], [ 27.772913498340031, -12.29857176544764 ], [ 27.772887077317691, -12.29857176544764 ], [ 27.772860656295354, -12.29857176544764 ], [ 27.772834235273013, -12.29857176544764 ], [ 27.772794603739506, -12.298584975958811 ], [ 27.772741761694828, -12.298584975958811 ], [ 27.772702130161321, -12.298598186469981 ], [ 27.77267570913898, -12.298611396981149 ], [ 27.772649288116639, -12.298611396981149 ], [ 27.772622867094302, -12.298611396981149 ], [ 27.772596446071962, -12.29862460749232 ], [ 27.772570025049625, -12.29862460749232 ], [ 27.772530393516114, -12.29862460749232 ], [ 27.772503972493777, -12.29862460749232 ], [ 27.772477551471436, -12.29862460749232 ], [ 27.772451130449099, -12.298637818003488 ], [ 27.772424709426758, -12.298637818003488 ], [ 27.772398288404421, -12.298637818003488 ], [ 27.772371867382081, -12.298637818003488 ], [ 27.772345446359743, -12.298637818003488 ], [ 27.772319025337403, -12.298651028514659 ], [ 27.772292604315062, -12.298664239025827 ], [ 27.772266183292725, -12.298664239025827 ], [ 27.772239762270384, -12.298677449536997 ], [ 27.772213341248047, -12.298677449536997 ], [ 27.772186920225707, -12.298677449536997 ], [ 27.77216049920337, -12.298677449536997 ], [ 27.772134078181029, -12.298677449536997 ], [ 27.772107657158688, -12.298664239025827 ], [ 27.772094446647522, -12.298637818003488 ], [ 27.772054815114011, -12.29862460749232 ], [ 27.772041604602844, -12.298598186469981 ], [ 27.772028394091674, -12.29857176544764 ], [ 27.772015183580503, -12.298545344425301 ], [ 27.772001973069333, -12.298518923402963 ], [ 27.772001973069333, -12.298492502380624 ], [ 27.771988762558163, -12.298466081358285 ], [ 27.771975552046996, -12.298426449824776 ], [ 27.771975552046996, -12.298400028802437 ], [ 27.771962341535826, -12.298373607780098 ], [ 27.771949131024655, -12.298347186757759 ], [ 27.771935920513485, -12.29832076573542 ], [ 27.771935920513485, -12.298281134201911 ], [ 27.771909499491148, -12.298241502668402 ], [ 27.771896288979978, -12.298215081646063 ], [ 27.771883078468807, -12.298175450112556 ], [ 27.771869867957637, -12.298149029090217 ], [ 27.77185665744647, -12.298122608067876 ], [ 27.77183023642413, -12.298122608067876 ], [ 27.77183023642413, -12.298096187045537 ], [ 27.771817025912959, -12.298069766023199 ], [ 27.771790604890622, -12.29805655551203 ], [ 27.771777394379452, -12.298030134489691 ], [ 27.771777394379452, -12.298003713467351 ], [ 27.771764183868282, -12.297964081933843 ], [ 27.771750973357111, -12.297911239889165 ], [ 27.771750973357111, -12.297884818866825 ], [ 27.771724552334774, -12.297884818866825 ], [ 27.771698131312434, -12.297884818866825 ], [ 27.771671710290097, -12.297884818866825 ], [ 27.771671710290097, -12.297911239889165 ], [ 27.771698131312434, -12.297937660911504 ], [ 27.771724552334774, -12.297950871422673 ], [ 27.771737762845945, -12.297990502956182 ], [ 27.771750973357111, -12.298016923978521 ], [ 27.771764183868282, -12.29804334500086 ], [ 27.771777394379452, -12.298069766023199 ], [ 27.771777394379452, -12.298096187045537 ], [ 27.771777394379452, -12.298122608067876 ], [ 27.771790604890622, -12.298149029090217 ], [ 27.771790604890622, -12.298201871134895 ], [ 27.771817025912959, -12.298228292157233 ], [ 27.77183023642413, -12.298267923690743 ], [ 27.7718434469353, -12.298294344713081 ], [ 27.7718434469353, -12.29832076573542 ], [ 27.771869867957637, -12.298360397268928 ], [ 27.771883078468807, -12.298400028802437 ], [ 27.771896288979978, -12.298426449824776 ], [ 27.771896288979978, -12.298452870847115 ], [ 27.771909499491148, -12.298479291869455 ], [ 27.771922710002318, -12.298505712891794 ], [ 27.771935920513485, -12.298532133914133 ], [ 27.771935920513485, -12.298558554936472 ], [ 27.771949131024655, -12.298584975958811 ], [ 27.771949131024655, -12.298611396981149 ], [ 27.771962341535826, -12.298637818003488 ], [ 27.771975552046996, -12.298664239025827 ], [ 27.771988762558163, -12.298690660048166 ], [ 27.772001973069333, -12.298717081070507 ], [ 27.772028394091674, -12.298730291581675 ], [ 27.772041604602844, -12.298756712604014 ], [ 27.772054815114011, -12.298783133626353 ], [ 27.772081236136351, -12.298796344137523 ], [ 27.772094446647522, -12.298822765159862 ], [ 27.772094446647522, -12.298849186182201 ], [ 27.772120867669859, -12.298849186182201 ], [ 27.772120867669859, -12.29887560720454 ], [ 27.772120867669859, -12.298902028226879 ], [ 27.772120867669859, -12.298928449249217 ], [ 27.772120867669859, -12.298954870271558 ], [ 27.772120867669859, -12.298981291293897 ], [ 27.772147288692199, -12.299020922827404 ], [ 27.77216049920337, -12.299086975383252 ], [ 27.77216049920337, -12.299113396405591 ], [ 27.772173709714536, -12.2991530279391 ], [ 27.772147288692199, -12.299179448961439 ], [ 27.772147288692199, -12.299205869983778 ], [ 27.772120867669859, -12.299205869983778 ], [ 27.772094446647522, -12.299205869983778 ], [ 27.772054815114011, -12.299219080494948 ], [ 27.772015183580503, -12.299219080494948 ], [ 27.771988762558163, -12.299232291006117 ], [ 27.771962341535826, -12.299232291006117 ], [ 27.771935920513485, -12.299232291006117 ], [ 27.771896288979978, -12.299232291006117 ], [ 27.77185665744647, -12.299245501517287 ], [ 27.77183023642413, -12.299258712028456 ], [ 27.771790604890622, -12.299258712028456 ], [ 27.771764183868282, -12.299271922539626 ], [ 27.771724552334774, -12.299285133050796 ], [ 27.771711341823604, -12.299311554073135 ], [ 27.771684920801267, -12.299311554073135 ], [ 27.771658499778926, -12.299311554073135 ], [ 27.771632078756586, -12.299324764584304 ], [ 27.771605657734248, -12.299337975095474 ], [ 27.771579236711908, -12.299351185606643 ], [ 27.771552815689571, -12.299364396117813 ], [ 27.77152639466723, -12.299364396117813 ], [ 27.771499973644893, -12.299377606628981 ], [ 27.771473552622552, -12.299390817140152 ], [ 27.771447131600215, -12.299404027651322 ], [ 27.771420710577875, -12.299417238162491 ], [ 27.771394289555534, -12.299417238162491 ], [ 27.771354658022027, -12.299417238162491 ], [ 27.77132823699969, -12.299430448673661 ], [ 27.771301815977349, -12.29944365918483 ], [ 27.771275394955008, -12.29944365918483 ], [ 27.771248973932671, -12.29944365918483 ], [ 27.771222552910331, -12.299456869696 ], [ 27.771156500354483, -12.299483290718339 ], [ 27.771077237287468, -12.299522922251848 ], [ 27.77102439524279, -12.299522922251848 ], [ 27.770984763709279, -12.299536132763016 ], [ 27.770958342686942, -12.299549343274187 ], [ 27.770931921664602, -12.299562553785355 ], [ 27.770892290131094, -12.299575764296526 ], [ 27.770865869108754, -12.299575764296526 ], [ 27.770839448086416, -12.299588974807694 ], [ 27.770813027064076, -12.299602185318864 ], [ 27.770786606041739, -12.299615395830035 ], [ 27.770760185019398, -12.299628606341203 ], [ 27.770720553485891, -12.299655027363542 ], [ 27.770654500930043, -12.299681448385881 ], [ 27.770588448374195, -12.29970786940822 ], [ 27.770522395818347, -12.29973429043056 ], [ 27.770469553773669, -12.299747500941729 ], [ 27.770443132751328, -12.299747500941729 ], [ 27.770403501217821, -12.299747500941729 ], [ 27.77037708019548, -12.299747500941729 ], [ 27.770324238150803, -12.299773921964068 ], [ 27.770244975083788, -12.299787132475238 ], [ 27.770218554061447, -12.299787132475238 ], [ 27.77019213303911, -12.299800342986407 ], [ 27.77016571201677, -12.299813553497577 ], [ 27.770139290994429, -12.299813553497577 ], [ 27.770112869972092, -12.299826764008746 ], [ 27.770086448949751, -12.299839974519916 ], [ 27.770060027927414, -12.299839974519916 ], [ 27.770033606905073, -12.299866395542255 ], [ 27.769993975371566, -12.299879606053425 ], [ 27.769967554349225, -12.299892816564594 ], [ 27.769941133326888, -12.299892816564594 ], [ 27.769901501793377, -12.299892816564594 ], [ 27.7698486597487, -12.299906027075764 ], [ 27.769822238726363, -12.299906027075764 ], [ 27.769795817704022, -12.299919237586932 ], [ 27.769769396681685, -12.299932448098103 ], [ 27.769729765148174, -12.299932448098103 ], [ 27.769690133614667, -12.299932448098103 ], [ 27.769663712592326, -12.299932448098103 ], [ 27.769624081058819, -12.299945658609271 ], [ 27.769597660036478, -12.299945658609271 ], [ 27.769571239014141, -12.299945658609271 ], [ 27.7695448179918, -12.29998529014278 ], [ 27.769505186458293, -12.299998500653951 ], [ 27.769425923391275, -12.300038132187458 ], [ 27.769373081346597, -12.300051342698628 ], [ 27.769293818279582, -12.300090974232138 ], [ 27.769214555212564, -12.300104184743306 ], [ 27.769188134190223, -12.300104184743306 ], [ 27.769135292145545, -12.300104184743306 ], [ 27.769082450100868, -12.300117395254476 ], [ 27.769056029078531, -12.300130605765645 ], [ 27.76902960805619, -12.300143816276815 ], [ 27.769003187033849, -12.300143816276815 ], [ 27.768976766011512, -12.300157026787984 ], [ 27.768950344989172, -12.300157026787984 ], [ 27.768923923966835, -12.300183447810324 ], [ 27.768897502944494, -12.300209868832663 ], [ 27.768871081922157, -12.300223079343832 ], [ 27.768844660899816, -12.300249500366171 ], [ 27.768818239877476, -12.300262710877341 ], [ 27.768791818855139, -12.30027592138851 ], [ 27.768765397832798, -12.30030234241085 ], [ 27.768725766299291, -12.300315552922019 ], [ 27.768686134765783, -12.300341973944358 ], [ 27.768659713743443, -12.300355184455528 ], [ 27.768620082209935, -12.300368394966696 ], [ 27.768593661187595, -12.300368394966696 ], [ 27.768567240165257, -12.300381605477867 ], [ 27.768540819142917, -12.300381605477867 ], [ 27.76851439812058, -12.300408026500206 ], [ 27.768474766587069, -12.300421237011376 ], [ 27.768448345564732, -12.300421237011376 ], [ 27.768421924542391, -12.300421237011376 ], [ 27.768395503520054, -12.300434447522544 ], [ 27.768369082497713, -12.300447658033715 ], [ 27.768342661475373, -12.300447658033715 ], [ 27.768316240453036, -12.300447658033715 ], [ 27.768289819430695, -12.300447658033715 ], [ 27.768263398408358, -12.300447658033715 ], [ 27.768236977386017, -12.300447658033715 ], [ 27.768223766874847, -12.300474079056054 ], [ 27.76819734585251, -12.300474079056054 ], [ 27.768170924830169, -12.300474079056054 ], [ 27.768144503807832, -12.300474079056054 ], [ 27.768118082785492, -12.300474079056054 ], [ 27.768091661763155, -12.300474079056054 ], [ 27.768065240740814, -12.300474079056054 ], [ 27.768038819718477, -12.300474079056054 ], [ 27.768012398696136, -12.300474079056054 ], [ 27.767985977673796, -12.300474079056054 ], [ 27.767933135629118, -12.300460868544883 ], [ 27.767906714606781, -12.300460868544883 ], [ 27.76786708307327, -12.300460868544883 ], [ 27.767840662050933, -12.300447658033715 ], [ 27.767814241028592, -12.300421237011376 ], [ 27.767787820006255, -12.300408026500206 ], [ 27.767761398983914, -12.300381605477867 ], [ 27.767734977961577, -12.300355184455528 ], [ 27.767708556939237, -12.300328763433189 ], [ 27.767695346428066, -12.30030234241085 ], [ 27.767668925405729, -12.30030234241085 ], [ 27.767668925405729, -12.30027592138851 ], [ 27.767642504383389, -12.300262710877341 ], [ 27.767616083361052, -12.300262710877341 ], [ 27.767589662338711, -12.300249500366171 ], [ 27.76756324131637, -12.300236289855002 ], [ 27.767536820294033, -12.300223079343832 ], [ 27.767510399271693, -12.300223079343832 ], [ 27.767483978249356, -12.300209868832663 ], [ 27.767457557227015, -12.300209868832663 ], [ 27.767431136204678, -12.300196658321493 ], [ 27.767391504671167, -12.300183447810324 ], [ 27.76736508364883, -12.300170237299154 ], [ 27.767338662626489, -12.300157026787984 ], [ 27.767312241604152, -12.300143816276815 ], [ 27.767285820581812, -12.300143816276815 ], [ 27.767285820581812, -12.300117395254476 ], [ 27.767259399559475, -12.300104184743306 ], [ 27.767232978537134, -12.300090974232138 ], [ 27.767206557514793, -12.300077763720967 ], [ 27.767206557514793, -12.300051342698628 ], [ 27.767180136492456, -12.30002492167629 ], [ 27.767140504958949, -12.300011711165119 ], [ 27.767114083936608, -12.29998529014278 ], [ 27.767087662914268, -12.299958869120442 ], [ 27.76706124189193, -12.299945658609271 ], [ 27.76703482086959, -12.299932448098103 ], [ 27.767021610358423, -12.299906027075764 ], [ 27.766995189336082, -12.299892816564594 ], [ 27.766968768313742, -12.299892816564594 ], [ 27.766942347291405, -12.299879606053425 ], [ 27.766915926269064, -12.299866395542255 ], [ 27.766889505246727, -12.299866395542255 ], [ 27.766863084224386, -12.299839974519916 ], [ 27.766836663202049, -12.299839974519916 ], [ 27.766810242179709, -12.299826764008746 ], [ 27.766770610646201, -12.299813553497577 ], [ 27.766744189623861, -12.299787132475238 ], [ 27.766717768601524, -12.299787132475238 ], [ 27.766691347579183, -12.299760711452899 ], [ 27.766651716045676, -12.29973429043056 ], [ 27.766625295023335, -12.29972107991939 ], [ 27.766598874000998, -12.29970786940822 ], [ 27.766572452978657, -12.299668237874712 ], [ 27.766546031956317, -12.299628606341203 ], [ 27.76653282144515, -12.299602185318864 ], [ 27.766506400422809, -12.299588974807694 ], [ 27.766466768889302, -12.299575764296526 ], [ 27.766440347866961, -12.299575764296526 ], [ 27.766440347866961, -12.299549343274187 ], [ 27.766413926844624, -12.299549343274187 ], [ 27.766387505822284, -12.299522922251848 ], [ 27.766374295311113, -12.299496501229507 ], [ 27.766361084799946, -12.299470080207168 ], [ 27.766334663777606, -12.299470080207168 ], [ 27.766334663777606, -12.29944365918483 ], [ 27.766334663777606, -12.299417238162491 ], [ 27.766321453266436, -12.299390817140152 ], [ 27.766321453266436, -12.299364396117813 ], [ 27.766308242755265, -12.299337975095474 ], [ 27.766308242755265, -12.299311554073135 ], [ 27.766295032244098, -12.299285133050796 ], [ 27.766295032244098, -12.299245501517287 ], [ 27.766295032244098, -12.299205869983778 ], [ 27.766295032244098, -12.29913981742793 ], [ 27.766295032244098, -12.299113396405591 ], [ 27.766295032244098, -12.299086975383252 ], [ 27.766295032244098, -12.299060554360913 ], [ 27.766281821732928, -12.299034133338575 ], [ 27.766281821732928, -12.299007712316236 ], [ 27.766281821732928, -12.298981291293897 ], [ 27.766268611221758, -12.298954870271558 ], [ 27.766255400710588, -12.298928449249217 ], [ 27.766242190199421, -12.298902028226879 ], [ 27.76621576917708, -12.29887560720454 ], [ 27.76620255866591, -12.298849186182201 ], [ 27.766176137643573, -12.298835975671032 ], [ 27.766162927132402, -12.298809554648692 ], [ 27.766149716621232, -12.298783133626353 ], [ 27.766136506110062, -12.298756712604014 ], [ 27.766123295598895, -12.298730291581675 ], [ 27.766123295598895, -12.298690660048166 ], [ 27.766123295598895, -12.298651028514659 ], [ 27.766123295598895, -12.298611396981149 ], [ 27.766110085087725, -12.29857176544764 ], [ 27.766110085087725, -12.298545344425301 ], [ 27.766096874576554, -12.298518923402963 ], [ 27.766083664065384, -12.298466081358285 ], [ 27.766070453554214, -12.298439660335946 ], [ 27.766070453554214, -12.298413239313607 ], [ 27.765859085375503, -12.298149029090217 ] ] ] ] } },
{ "type": "Feature", "properties": { "id": 7, "name": "Mimbula", "status": null, "area_ha": 544.069 }, "geometry": { "type": "MultiPolygon", "coordinates": [ [ [ [ 27.84758273794985, -12.635397651333724 ], [ 27.847527620782905, -12.635507885667613 ], [ 27.847527620782905, -12.635618120001501 ], [ 27.847472503615961, -12.635728354335388 ], [ 27.847472503615961, -12.635838588669277 ], [ 27.847472503615961, -12.635948823003165 ], [ 27.84758273794985, -12.636003940170109 ], [ 27.847637855116794, -12.636114174503998 ], [ 27.847692972283738, -12.636224408837885 ], [ 27.847748089450683, -12.636334643171773 ], [ 27.847803206617627, -12.636444877505662 ], [ 27.847858323784568, -12.63655511183955 ], [ 27.847858323784568, -12.636665346173437 ], [ 27.847858323784568, -12.636775580507326 ], [ 27.847858323784568, -12.636885814841214 ], [ 27.847858323784568, -12.636996049175103 ], [ 27.847858323784568, -12.63710628350899 ], [ 27.847858323784568, -12.637216517842878 ], [ 27.847803206617627, -12.637326752176767 ], [ 27.847748089450683, -12.637436986510656 ], [ 27.847692972283738, -12.637602338011487 ], [ 27.847637855116794, -12.637712572345375 ], [ 27.847527620782905, -12.637822806679264 ], [ 27.847307152115128, -12.637933041013152 ], [ 27.847252034948184, -12.638043275347039 ], [ 27.847086683447351, -12.638098392513983 ], [ 27.846976449113463, -12.638098392513983 ], [ 27.846866214779578, -12.638098392513983 ], [ 27.846755980445689, -12.638098392513983 ], [ 27.8466457461118, -12.638098392513983 ], [ 27.846535511777912, -12.638098392513983 ], [ 27.846425277444023, -12.638098392513983 ], [ 27.846315043110135, -12.638153509680928 ], [ 27.846149691609302, -12.638153509680928 ], [ 27.846039457275413, -12.638208626847872 ], [ 27.845929222941528, -12.638208626847872 ], [ 27.84581898860764, -12.638208626847872 ], [ 27.845708754273751, -12.638263744014816 ], [ 27.845543402772918, -12.638263744014816 ], [ 27.84543316843903, -12.638263744014816 ], [ 27.845212699771253, -12.638263744014816 ], [ 27.845102465437368, -12.638263744014816 ], [ 27.844992231103479, -12.638153509680928 ], [ 27.84488199676959, -12.638098392513983 ], [ 27.844826879602646, -12.637988158180095 ], [ 27.844826879602646, -12.637877923846208 ], [ 27.844716645268758, -12.637767689512319 ], [ 27.844661528101813, -12.637657455178431 ], [ 27.844606410934869, -12.637547220844542 ], [ 27.844551293767925, -12.637436986510656 ], [ 27.84449617660098, -12.637326752176767 ], [ 27.84449617660098, -12.637216517842878 ], [ 27.844385942267092, -12.63710628350899 ], [ 27.844385942267092, -12.636996049175103 ], [ 27.844330825100148, -12.636885814841214 ], [ 27.844220590766263, -12.636720463340382 ], [ 27.844165473599318, -12.636610229006495 ], [ 27.844110356432374, -12.636444877505662 ], [ 27.844000122098485, -12.636334643171773 ], [ 27.843889887764597, -12.636224408837885 ], [ 27.843779653430708, -12.636169291670942 ], [ 27.84366941909682, -12.636114174503998 ], [ 27.843559184762931, -12.636059057337054 ], [ 27.843448950429043, -12.636003940170109 ], [ 27.843338716095158, -12.636003940170109 ], [ 27.843228481761269, -12.635948823003165 ], [ 27.84311824742738, -12.635893705836221 ], [ 27.843008013093492, -12.635893705836221 ], [ 27.842897778759603, -12.635893705836221 ], [ 27.842842661592659, -12.635783471502332 ], [ 27.84273242725877, -12.635783471502332 ], [ 27.842622192924882, -12.635673237168445 ], [ 27.842511958590993, -12.635563002834557 ], [ 27.842401724257108, -12.635452768500668 ], [ 27.84229148992322, -12.635287416999835 ], [ 27.842126138422387, -12.63506694833206 ], [ 27.842015904088498, -12.634956713998172 ], [ 27.841960786921554, -12.63479136249734 ], [ 27.84190566975461, -12.634681128163452 ], [ 27.841850552587665, -12.634570893829563 ], [ 27.841740318253777, -12.634460659495675 ], [ 27.841740318253777, -12.634350425161788 ], [ 27.841685201086833, -12.634240190827899 ], [ 27.841630083919888, -12.634129956494011 ], [ 27.841574966752948, -12.634019722160122 ], [ 27.841519849586003, -12.633909487826235 ], [ 27.841464732419059, -12.633799253492347 ], [ 27.841409615252115, -12.633689019158458 ], [ 27.841299380918226, -12.633689019158458 ], [ 27.841244263751282, -12.63357878482457 ], [ 27.841134029417393, -12.633523667657625 ], [ 27.841023795083505, -12.633468550490683 ], [ 27.840913560749616, -12.633413433323739 ], [ 27.840803326415728, -12.633413433323739 ], [ 27.840693092081839, -12.633413433323739 ], [ 27.840582857747954, -12.633413433323739 ], [ 27.840417506247121, -12.633358316156794 ], [ 27.840252154746288, -12.63330319898985 ], [ 27.8401419204124, -12.633248081822906 ], [ 27.840031686078511, -12.633248081822906 ], [ 27.839921451744623, -12.633192964655962 ], [ 27.839811217410734, -12.633137847489017 ], [ 27.839700983076849, -12.633082730322073 ], [ 27.83959074874296, -12.633082730322073 ], [ 27.839480514409072, -12.63302761315513 ], [ 27.839370280075183, -12.63302761315513 ], [ 27.839315162908239, -12.632917378821242 ], [ 27.839425397242128, -12.632586675819578 ], [ 27.839480514409072, -12.632476441485689 ], [ 27.839535631576016, -12.632255972817912 ], [ 27.83959074874296, -12.632145738484025 ], [ 27.839700983076849, -12.632035504150137 ], [ 27.839756100243793, -12.631925269816248 ], [ 27.839756100243793, -12.63181503548236 ], [ 27.839811217410734, -12.631704801148473 ], [ 27.839811217410734, -12.631594566814584 ], [ 27.839811217410734, -12.631484332480696 ], [ 27.839921451744623, -12.631318980979863 ], [ 27.839976568911567, -12.631208746645976 ], [ 27.839976568911567, -12.631098512312088 ], [ 27.840086803245455, -12.631043395145143 ], [ 27.840086803245455, -12.630933160811255 ], [ 27.840197037579344, -12.630933160811255 ], [ 27.840307271913233, -12.630933160811255 ], [ 27.840417506247121, -12.630933160811255 ], [ 27.84052774058101, -12.630933160811255 ], [ 27.840637974914898, -12.630933160811255 ], [ 27.840748209248783, -12.630933160811255 ], [ 27.840858443582672, -12.630933160811255 ], [ 27.84096867791656, -12.63087804364431 ], [ 27.841078912250449, -12.630712692143479 ], [ 27.841134029417393, -12.630602457809591 ], [ 27.841189146584338, -12.630381989141814 ], [ 27.841244263751282, -12.630271754807927 ], [ 27.841299380918226, -12.630161520474038 ], [ 27.84135449808517, -12.629941051806261 ], [ 27.841519849586003, -12.629720583138486 ], [ 27.841630083919888, -12.629555231637653 ], [ 27.841685201086833, -12.629444997303766 ], [ 27.841795435420721, -12.629334762969878 ], [ 27.841850552587665, -12.629224528635989 ], [ 27.841960786921554, -12.6291142943021 ], [ 27.841960786921554, -12.629004059968214 ], [ 27.841850552587665, -12.628948942801269 ], [ 27.841795435420721, -12.628838708467381 ], [ 27.841685201086833, -12.628838708467381 ], [ 27.841574966752948, -12.628838708467381 ], [ 27.841519849586003, -12.628728474133492 ], [ 27.84135449808517, -12.628673356966548 ], [ 27.841189146584338, -12.628618239799604 ], [ 27.841078912250449, -12.628618239799604 ], [ 27.84096867791656, -12.628563122632661 ], [ 27.840803326415728, -12.628508005465717 ], [ 27.840693092081839, -12.628508005465717 ], [ 27.840582857747954, -12.628452888298773 ], [ 27.840472623414065, -12.628452888298773 ], [ 27.840362389080177, -12.628342653964884 ], [ 27.840252154746288, -12.62828753679794 ], [ 27.8401419204124, -12.628177302464051 ], [ 27.840031686078511, -12.628177302464051 ], [ 27.839976568911567, -12.628067068130164 ], [ 27.839976568911567, -12.627956833796276 ], [ 27.839976568911567, -12.627846599462387 ], [ 27.839976568911567, -12.627736365128499 ], [ 27.839976568911567, -12.627571013627668 ], [ 27.839976568911567, -12.627460779293779 ], [ 27.839976568911567, -12.62735054495989 ], [ 27.839976568911567, -12.627240310626004 ], [ 27.839866334577678, -12.627074959125171 ], [ 27.839866334577678, -12.626964724791282 ], [ 27.839866334577678, -12.626854490457394 ], [ 27.839866334577678, -12.626744256123507 ], [ 27.839866334577678, -12.626578904622674 ], [ 27.839866334577678, -12.626413553121841 ], [ 27.839866334577678, -12.62624820162101 ], [ 27.839866334577678, -12.626137967287121 ], [ 27.839866334577678, -12.626027732953233 ], [ 27.839866334577678, -12.625917498619346 ], [ 27.839866334577678, -12.625807264285458 ], [ 27.839866334577678, -12.62558679561768 ], [ 27.839866334577678, -12.625476561283794 ], [ 27.839866334577678, -12.625366326949905 ], [ 27.839866334577678, -12.625256092616016 ], [ 27.839866334577678, -12.625145858282128 ], [ 27.839866334577678, -12.625035623948239 ], [ 27.839866334577678, -12.624870272447408 ], [ 27.839866334577678, -12.624429335111856 ], [ 27.839811217410734, -12.624208866444079 ], [ 27.839811217410734, -12.624043514943248 ], [ 27.839811217410734, -12.623878163442415 ], [ 27.839811217410734, -12.623767929108526 ], [ 27.839811217410734, -12.623602577607695 ], [ 27.839756100243793, -12.623492343273806 ], [ 27.839756100243793, -12.623382108939918 ], [ 27.839756100243793, -12.623271874606029 ], [ 27.839756100243793, -12.623051405938254 ], [ 27.839756100243793, -12.622941171604365 ], [ 27.839756100243793, -12.622830937270477 ], [ 27.839700983076849, -12.622665585769646 ], [ 27.839700983076849, -12.622555351435757 ], [ 27.839700983076849, -12.622445117101869 ], [ 27.839645865909905, -12.622279765601037 ], [ 27.839645865909905, -12.622114414100205 ], [ 27.839645865909905, -12.622004179766316 ], [ 27.83959074874296, -12.621838828265485 ], [ 27.83959074874296, -12.621728593931596 ], [ 27.83959074874296, -12.621397890929932 ], [ 27.83959074874296, -12.621287656596044 ], [ 27.839645865909905, -12.621122305095211 ], [ 27.839645865909905, -12.621012070761324 ], [ 27.839645865909905, -12.620846719260491 ], [ 27.83959074874296, -12.620681367759659 ], [ 27.83959074874296, -12.620460899091883 ], [ 27.83959074874296, -12.620185313257162 ], [ 27.83959074874296, -12.620019961756331 ], [ 27.839645865909905, -12.619799493088554 ], [ 27.839645865909905, -12.619689258754665 ], [ 27.839645865909905, -12.619579024420778 ], [ 27.839645865909905, -12.61946879008689 ], [ 27.839700983076849, -12.619358555753001 ], [ 27.839700983076849, -12.619248321419112 ], [ 27.839756100243793, -12.619027852751337 ], [ 27.839756100243793, -12.618917618417449 ], [ 27.839811217410734, -12.61880738408356 ], [ 27.839866334577678, -12.618697149749673 ], [ 27.839921451744623, -12.61853179824884 ], [ 27.839921451744623, -12.618421563914952 ], [ 27.839921451744623, -12.618311329581065 ], [ 27.839921451744623, -12.618201095247176 ], [ 27.839921451744623, -12.618090860913288 ], [ 27.839921451744623, -12.617870392245512 ], [ 27.839921451744623, -12.617760157911624 ], [ 27.839921451744623, -12.617649923577735 ], [ 27.839921451744623, -12.617539689243847 ], [ 27.839921451744623, -12.617208986242183 ], [ 27.839921451744623, -12.617098751908294 ], [ 27.839921451744623, -12.616988517574407 ], [ 27.839921451744623, -12.61676804890663 ], [ 27.839921451744623, -12.616602697405797 ], [ 27.839921451744623, -12.616492463071911 ], [ 27.839921451744623, -12.616382228738022 ], [ 27.839921451744623, -12.616271994404133 ], [ 27.839921451744623, -12.616106642903302 ], [ 27.839866334577678, -12.61594129140247 ], [ 27.839866334577678, -12.615831057068581 ], [ 27.839866334577678, -12.615610588400806 ], [ 27.839811217410734, -12.615390119733028 ], [ 27.839756100243793, -12.615169651065253 ], [ 27.839756100243793, -12.615059416731365 ], [ 27.839756100243793, -12.614894065230532 ], [ 27.839756100243793, -12.614728713729701 ], [ 27.839700983076849, -12.614453127894979 ], [ 27.839700983076849, -12.614287776394148 ], [ 27.839645865909905, -12.61417754206026 ], [ 27.839645865909905, -12.614067307726371 ], [ 27.839645865909905, -12.613736604724707 ], [ 27.839645865909905, -12.613626370390818 ], [ 27.839645865909905, -12.61351613605693 ], [ 27.839756100243793, -12.613405901723043 ], [ 27.839866334577678, -12.613405901723043 ], [ 27.839976568911567, -12.613350784556099 ], [ 27.840086803245455, -12.613350784556099 ], [ 27.840086803245455, -12.61324055022221 ], [ 27.840197037579344, -12.61324055022221 ], [ 27.840307271913233, -12.61324055022221 ], [ 27.840417506247121, -12.613185433055266 ], [ 27.840582857747954, -12.613130315888322 ], [ 27.840693092081839, -12.613075198721377 ], [ 27.840803326415728, -12.613075198721377 ], [ 27.840913560749616, -12.612964964387491 ], [ 27.841078912250449, -12.612964964387491 ], [ 27.841189146584338, -12.612964964387491 ], [ 27.841299380918226, -12.612964964387491 ], [ 27.841409615252115, -12.613020081554433 ], [ 27.841519849586003, -12.613020081554433 ], [ 27.841630083919888, -12.613020081554433 ], [ 27.841740318253777, -12.613020081554433 ], [ 27.841850552587665, -12.613020081554433 ], [ 27.841960786921554, -12.613020081554433 ], [ 27.842071021255443, -12.613020081554433 ], [ 27.842181255589331, -12.613020081554433 ], [ 27.84229148992322, -12.613020081554433 ], [ 27.842401724257108, -12.613020081554433 ], [ 27.842567075757938, -12.613020081554433 ], [ 27.842677310091826, -12.613020081554433 ], [ 27.842842661592659, -12.613020081554433 ], [ 27.842952895926548, -12.613075198721377 ], [ 27.843063130260436, -12.613075198721377 ], [ 27.843008013093492, -12.612964964387491 ], [ 27.842897778759603, -12.612854730053602 ], [ 27.842842661592659, -12.612744495719713 ], [ 27.84273242725877, -12.612744495719713 ], [ 27.842677310091826, -12.612634261385825 ], [ 27.842622192924882, -12.612524027051938 ], [ 27.842567075757938, -12.61241379271805 ], [ 27.842511958590993, -12.612303558384161 ], [ 27.842456841424053, -12.612193324050272 ], [ 27.842456841424053, -12.612083089716386 ], [ 27.842401724257108, -12.611917738215553 ], [ 27.842401724257108, -12.611697269547776 ], [ 27.842401724257108, -12.611531918046945 ], [ 27.842346607090164, -12.611421683713056 ], [ 27.842401724257108, -12.611256332212223 ], [ 27.842456841424053, -12.611090980711392 ], [ 27.842567075757938, -12.610980746377503 ], [ 27.842622192924882, -12.610870512043615 ], [ 27.842677310091826, -12.610760277709728 ], [ 27.842787544425715, -12.61065004337584 ], [ 27.842842661592659, -12.610539809041951 ], [ 27.842897778759603, -12.610429574708062 ], [ 27.843008013093492, -12.610319340374176 ], [ 27.843063130260436, -12.610209106040287 ], [ 27.84311824742738, -12.610098871706398 ], [ 27.843283598928213, -12.609933520205566 ], [ 27.843283598928213, -12.609823285871679 ], [ 27.843393833262098, -12.60971305153779 ], [ 27.843504067595987, -12.609657934370846 ], [ 27.843504067595987, -12.609547700036957 ], [ 27.843614301929875, -12.609437465703071 ], [ 27.843724536263764, -12.609437465703071 ], [ 27.843724536263764, -12.609327231369182 ], [ 27.843834770597653, -12.609272114202238 ], [ 27.843945004931541, -12.609272114202238 ], [ 27.84405523926543, -12.609272114202238 ], [ 27.844165473599318, -12.609216997035293 ], [ 27.844275707933203, -12.609216997035293 ], [ 27.844385942267092, -12.609216997035293 ], [ 27.84449617660098, -12.609106762701405 ], [ 27.844606410934869, -12.609106762701405 ], [ 27.844716645268758, -12.609051645534461 ], [ 27.844826879602646, -12.609051645534461 ], [ 27.844937113936535, -12.608996528367516 ], [ 27.845047348270423, -12.608996528367516 ], [ 27.845157582604308, -12.608996528367516 ], [ 27.845267816938197, -12.608996528367516 ], [ 27.845378051272085, -12.608996528367516 ], [ 27.845488285605974, -12.608996528367516 ], [ 27.845653637106807, -12.608996528367516 ], [ 27.845763871440695, -12.608996528367516 ], [ 27.845874105774584, -12.608996528367516 ], [ 27.845984340108473, -12.608996528367516 ], [ 27.846094574442358, -12.608996528367516 ], [ 27.846204808776246, -12.608996528367516 ], [ 27.846315043110135, -12.609106762701405 ], [ 27.846480394610968, -12.609161879868349 ], [ 27.846590628944856, -12.609216997035293 ], [ 27.8466457461118, -12.609327231369182 ], [ 27.846755980445689, -12.609382348536126 ], [ 27.846866214779578, -12.609437465703071 ], [ 27.846976449113463, -12.609492582870013 ], [ 27.847086683447351, -12.609602817203902 ], [ 27.847141800614295, -12.60971305153779 ], [ 27.84719691778124, -12.609823285871679 ], [ 27.84719691778124, -12.609933520205566 ], [ 27.84719691778124, -12.610043754539454 ], [ 27.84719691778124, -12.610153988873343 ], [ 27.84719691778124, -12.610264223207231 ], [ 27.84719691778124, -12.610374457541118 ], [ 27.847141800614295, -12.610484691875007 ], [ 27.847031566280407, -12.610760277709728 ], [ 27.846811097612633, -12.610980746377503 ], [ 27.846700863278745, -12.611256332212223 ], [ 27.8466457461118, -12.611421683713056 ], [ 27.846755980445689, -12.611421683713056 ], [ 27.846866214779578, -12.611421683713056 ], [ 27.847031566280407, -12.611421683713056 ], [ 27.847141800614295, -12.611421683713056 ], [ 27.847362269282073, -12.611421683713056 ], [ 27.847472503615961, -12.61147680088 ], [ 27.84758273794985, -12.61147680088 ], [ 27.847692972283738, -12.61147680088 ], [ 27.847803206617627, -12.611531918046945 ], [ 27.847858323784568, -12.611642152380833 ], [ 27.847913440951512, -12.61175238671472 ], [ 27.847913440951512, -12.611862621048608 ], [ 27.847913440951512, -12.612027972549441 ], [ 27.847913440951512, -12.612193324050272 ], [ 27.847913440951512, -12.612303558384161 ], [ 27.847913440951512, -12.61241379271805 ], [ 27.847913440951512, -12.612524027051938 ], [ 27.847913440951512, -12.612634261385825 ], [ 27.847913440951512, -12.612744495719713 ], [ 27.847913440951512, -12.612854730053602 ], [ 27.8480236752854, -12.612854730053602 ], [ 27.848189026786233, -12.612854730053602 ], [ 27.848354378287066, -12.612909847220546 ], [ 27.848519729787899, -12.612909847220546 ], [ 27.848629964121788, -12.612909847220546 ], [ 27.848740198455673, -12.612909847220546 ], [ 27.848850432789561, -12.612964964387491 ], [ 27.84896066712345, -12.612964964387491 ], [ 27.849070901457338, -12.612964964387491 ], [ 27.849181135791227, -12.612964964387491 ], [ 27.849291370125115, -12.612964964387491 ], [ 27.849401604459004, -12.612964964387491 ], [ 27.849511838792893, -12.612964964387491 ], [ 27.849622073126778, -12.612964964387491 ], [ 27.849732307460666, -12.612964964387491 ], [ 27.849842541794555, -12.612964964387491 ], [ 27.849952776128443, -12.612964964387491 ], [ 27.850063010462332, -12.612964964387491 ], [ 27.85017324479622, -12.612964964387491 ], [ 27.850283479130109, -12.612964964387491 ], [ 27.850393713463998, -12.612964964387491 ], [ 27.850503947797883, -12.612964964387491 ], [ 27.850614182131771, -12.612964964387491 ], [ 27.850779533632604, -12.612964964387491 ], [ 27.850889767966493, -12.612964964387491 ], [ 27.851000002300381, -12.612964964387491 ], [ 27.85111023663427, -12.612964964387491 ], [ 27.851220470968158, -12.612964964387491 ], [ 27.851330705302047, -12.612964964387491 ], [ 27.851440939635932, -12.612964964387491 ], [ 27.851606291136765, -12.613020081554433 ], [ 27.851716525470653, -12.613020081554433 ], [ 27.851826759804542, -12.613020081554433 ], [ 27.85193699413843, -12.612964964387491 ], [ 27.852047228472319, -12.612909847220546 ], [ 27.852102345639263, -12.612744495719713 ], [ 27.852102345639263, -12.612634261385825 ], [ 27.852102345639263, -12.612524027051938 ], [ 27.852102345639263, -12.612303558384161 ], [ 27.852102345639263, -12.612193324050272 ], [ 27.852102345639263, -12.612083089716386 ], [ 27.852157462806208, -12.611917738215553 ], [ 27.852157462806208, -12.611807503881664 ], [ 27.852212579973152, -12.611697269547776 ], [ 27.852322814307037, -12.611697269547776 ], [ 27.852377931473981, -12.611807503881664 ], [ 27.85248816580787, -12.611807503881664 ], [ 27.852598400141758, -12.611862621048608 ], [ 27.852708634475647, -12.611862621048608 ], [ 27.852818868809536, -12.611862621048608 ], [ 27.852929103143424, -12.611862621048608 ], [ 27.852984220310368, -12.611972855382497 ], [ 27.853094454644257, -12.611972855382497 ], [ 27.853204688978142, -12.612027972549441 ], [ 27.853370040478975, -12.612083089716386 ], [ 27.853535391979808, -12.612083089716386 ], [ 27.853645626313696, -12.612083089716386 ], [ 27.853755860647585, -12.612083089716386 ], [ 27.853866094981473, -12.612083089716386 ], [ 27.853976329315362, -12.612083089716386 ], [ 27.854086563649247, -12.612138206883328 ], [ 27.854196797983136, -12.612138206883328 ], [ 27.854307032317024, -12.612193324050272 ], [ 27.854527500984801, -12.612303558384161 ], [ 27.854692852485634, -12.61241379271805 ], [ 27.854803086819523, -12.612468909884994 ], [ 27.854913321153411, -12.612579144218881 ], [ 27.855023555487296, -12.612689378552769 ], [ 27.855078672654241, -12.612799612886658 ], [ 27.855188906988129, -12.612854730053602 ], [ 27.855299141322018, -12.612909847220546 ], [ 27.855409375655906, -12.612964964387491 ], [ 27.855519609989795, -12.613020081554433 ], [ 27.855519609989795, -12.613130315888322 ], [ 27.855629844323683, -12.613185433055266 ], [ 27.855629844323683, -12.613295667389155 ], [ 27.855740078657572, -12.613350784556099 ], [ 27.855850312991457, -12.613405901723043 ], [ 27.855960547325346, -12.61351613605693 ], [ 27.856070781659234, -12.613626370390818 ], [ 27.856181015993123, -12.613681487557763 ], [ 27.856291250327011, -12.613681487557763 ], [ 27.856291250327011, -12.613791721891651 ], [ 27.8564014846609, -12.613846839058596 ], [ 27.8564014846609, -12.613957073392482 ], [ 27.8564014846609, -12.614067307726371 ], [ 27.8564014846609, -12.61417754206026 ], [ 27.8564014846609, -12.614287776394148 ], [ 27.856291250327011, -12.614287776394148 ], [ 27.856236133160067, -12.614398010728035 ], [ 27.856125898826178, -12.614453127894979 ], [ 27.85601566449229, -12.614453127894979 ], [ 27.855905430158401, -12.614508245061923 ], [ 27.855795195824516, -12.614563362228868 ], [ 27.855684961490628, -12.614673596562756 ], [ 27.855574727156739, -12.614728713729701 ], [ 27.855409375655906, -12.614783830896645 ], [ 27.855299141322018, -12.614783830896645 ], [ 27.855188906988129, -12.614783830896645 ], [ 27.855078672654241, -12.614783830896645 ], [ 27.854968438320352, -12.614838948063587 ], [ 27.854803086819523, -12.614838948063587 ], [ 27.854692852485634, -12.614838948063587 ], [ 27.854582618151746, -12.614838948063587 ], [ 27.854472383817857, -12.614949182397476 ], [ 27.854307032317024, -12.61500429956442 ], [ 27.85425191515008, -12.615114533898309 ], [ 27.854086563649247, -12.615169651065253 ], [ 27.853866094981473, -12.615390119733028 ], [ 27.853755860647585, -12.615390119733028 ], [ 27.853645626313696, -12.615445236899973 ], [ 27.853590509146752, -12.615555471233861 ], [ 27.853425157645919, -12.615610588400806 ], [ 27.853314923312031, -12.615610588400806 ], [ 27.853204688978142, -12.61566570556775 ], [ 27.853094454644257, -12.615775939901637 ], [ 27.852984220310368, -12.615775939901637 ], [ 27.85287398597648, -12.615775939901637 ], [ 27.852763751642591, -12.615775939901637 ], [ 27.852653517308703, -12.615720822734692 ], [ 27.852543282974814, -12.615720822734692 ], [ 27.852433048640926, -12.61566570556775 ], [ 27.852322814307037, -12.615610588400806 ], [ 27.852212579973152, -12.615555471233861 ], [ 27.852157462806208, -12.615445236899973 ], [ 27.852102345639263, -12.615335002566084 ], [ 27.852102345639263, -12.615224768232197 ], [ 27.851992111305375, -12.615169651065253 ], [ 27.851992111305375, -12.615059416731365 ], [ 27.851881876971486, -12.615059416731365 ], [ 27.851716525470653, -12.615059416731365 ], [ 27.851496056802876, -12.615059416731365 ], [ 27.851385822468988, -12.615059416731365 ], [ 27.851275588135103, -12.615059416731365 ], [ 27.851165353801214, -12.615059416731365 ], [ 27.851055119467325, -12.615059416731365 ], [ 27.850944885133437, -12.61500429956442 ], [ 27.850834650799548, -12.61500429956442 ], [ 27.850779533632604, -12.615114533898309 ], [ 27.850779533632604, -12.615224768232197 ], [ 27.850779533632604, -12.615335002566084 ], [ 27.850834650799548, -12.615445236899973 ], [ 27.850834650799548, -12.615555471233861 ], [ 27.850889767966493, -12.615775939901637 ], [ 27.850889767966493, -12.615886174235525 ], [ 27.850889767966493, -12.615996408569414 ], [ 27.851000002300381, -12.616051525736358 ], [ 27.851000002300381, -12.616161760070245 ], [ 27.851055119467325, -12.616271994404133 ], [ 27.851165353801214, -12.616327111571078 ], [ 27.851220470968158, -12.616437345904966 ], [ 27.851330705302047, -12.616492463071911 ], [ 27.851385822468988, -12.616602697405797 ], [ 27.851385822468988, -12.616712931739686 ], [ 27.851440939635932, -12.616823166073575 ], [ 27.851440939635932, -12.616933400407463 ], [ 27.851385822468988, -12.617153869075239 ], [ 27.85111023663427, -12.617484572076902 ], [ 27.851000002300381, -12.617539689243847 ], [ 27.850889767966493, -12.617594806410791 ], [ 27.850779533632604, -12.617594806410791 ], [ 27.850669299298715, -12.617649923577735 ], [ 27.850559064964827, -12.617649923577735 ], [ 27.850448830630942, -12.617649923577735 ], [ 27.850338596297053, -12.617649923577735 ], [ 27.850228361963165, -12.617649923577735 ], [ 27.850063010462332, -12.617649923577735 ], [ 27.849952776128443, -12.617649923577735 ], [ 27.84978742462761, -12.617594806410791 ], [ 27.849677190293722, -12.617594806410791 ], [ 27.849566955959837, -12.617594806410791 ], [ 27.849456721625948, -12.617594806410791 ], [ 27.84934648729206, -12.617594806410791 ], [ 27.849236252958171, -12.617649923577735 ], [ 27.849126018624283, -12.61770504074468 ], [ 27.849015784290394, -12.617760157911624 ], [ 27.848850432789561, -12.617815275078568 ], [ 27.848685081288732, -12.617870392245512 ], [ 27.848574846954843, -12.617870392245512 ], [ 27.848464612620955, -12.617925509412455 ], [ 27.848354378287066, -12.617925509412455 ], [ 27.848244143953178, -12.617925509412455 ], [ 27.848133909619289, -12.617925509412455 ], [ 27.847913440951512, -12.618035743746344 ], [ 27.847803206617627, -12.618035743746344 ], [ 27.847692972283738, -12.618090860913288 ], [ 27.84758273794985, -12.618090860913288 ], [ 27.847472503615961, -12.618145978080232 ], [ 27.847472503615961, -12.618256212414121 ], [ 27.847362269282073, -12.618311329581065 ], [ 27.847252034948184, -12.618476681081896 ], [ 27.847141800614295, -12.61853179824884 ], [ 27.847086683447351, -12.618642032582729 ], [ 27.846976449113463, -12.618752266916617 ], [ 27.846976449113463, -12.619027852751337 ], [ 27.846921331946522, -12.619303438586057 ], [ 27.846921331946522, -12.619413672919945 ], [ 27.846866214779578, -12.619523907253834 ], [ 27.846866214779578, -12.619634141587722 ], [ 27.846866214779578, -12.619744375921609 ], [ 27.846866214779578, -12.619854610255498 ], [ 27.846866214779578, -12.619964844589386 ], [ 27.846866214779578, -12.620075078923275 ], [ 27.846921331946522, -12.620240430424106 ], [ 27.846976449113463, -12.620405781924939 ], [ 27.846976449113463, -12.620571133425772 ], [ 27.846976449113463, -12.620791602093547 ], [ 27.846976449113463, -12.620901836427436 ], [ 27.846976449113463, -12.621122305095211 ], [ 27.846976449113463, -12.6212325394291 ], [ 27.846976449113463, -12.621342773762988 ], [ 27.846976449113463, -12.621453008096877 ], [ 27.846976449113463, -12.621563242430764 ], [ 27.846976449113463, -12.621728593931596 ], [ 27.846976449113463, -12.622004179766316 ], [ 27.846976449113463, -12.622114414100205 ], [ 27.846976449113463, -12.622224648434093 ], [ 27.846976449113463, -12.622389999934924 ], [ 27.847031566280407, -12.622500234268813 ], [ 27.847031566280407, -12.622665585769646 ], [ 27.847031566280407, -12.622830937270477 ], [ 27.847031566280407, -12.622941171604365 ], [ 27.847031566280407, -12.623106523105198 ], [ 27.847031566280407, -12.623271874606029 ], [ 27.847031566280407, -12.623437226106862 ], [ 27.847086683447351, -12.623547460440751 ], [ 27.847086683447351, -12.623657694774639 ], [ 27.847086683447351, -12.623767929108526 ], [ 27.847086683447351, -12.623878163442415 ], [ 27.847086683447351, -12.623988397776303 ], [ 27.847086683447351, -12.624098632110192 ], [ 27.847031566280407, -12.624208866444079 ], [ 27.847031566280407, -12.624429335111856 ], [ 27.847031566280407, -12.624539569445744 ], [ 27.847031566280407, -12.624649803779631 ], [ 27.847031566280407, -12.62476003811352 ], [ 27.847031566280407, -12.624870272447408 ], [ 27.847031566280407, -12.624980506781297 ], [ 27.847086683447351, -12.625090741115184 ], [ 27.847086683447351, -12.625200975449072 ], [ 27.847086683447351, -12.625311209782961 ], [ 27.847141800614295, -12.625421444116849 ], [ 27.847141800614295, -12.625531678450736 ], [ 27.847141800614295, -12.625641912784625 ], [ 27.847141800614295, -12.625752147118513 ], [ 27.847141800614295, -12.625862381452402 ], [ 27.84719691778124, -12.626027732953233 ], [ 27.847252034948184, -12.626193084454066 ], [ 27.847252034948184, -12.626358435954899 ], [ 27.847252034948184, -12.626468670288785 ], [ 27.847252034948184, -12.626634021789618 ], [ 27.847252034948184, -12.626744256123507 ], [ 27.847252034948184, -12.626854490457394 ], [ 27.847252034948184, -12.626964724791282 ], [ 27.847307152115128, -12.627074959125171 ], [ 27.847417386449017, -12.627074959125171 ], [ 27.847472503615961, -12.626964724791282 ], [ 27.84758273794985, -12.626854490457394 ], [ 27.847692972283738, -12.626689138956563 ], [ 27.847803206617627, -12.626634021789618 ], [ 27.847803206617627, -12.62652378745573 ], [ 27.847913440951512, -12.626468670288785 ], [ 27.8480236752854, -12.626303318787954 ], [ 27.848078792452345, -12.626193084454066 ], [ 27.848189026786233, -12.626082850120177 ], [ 27.848299261120122, -12.626027732953233 ], [ 27.84840949545401, -12.625917498619346 ], [ 27.848519729787899, -12.625807264285458 ], [ 27.848574846954843, -12.625697029951569 ], [ 27.848740198455673, -12.625531678450736 ], [ 27.848795315622617, -12.625421444116849 ], [ 27.848905549956505, -12.625366326949905 ], [ 27.849015784290394, -12.625311209782961 ], [ 27.849126018624283, -12.625311209782961 ], [ 27.849236252958171, -12.625311209782961 ], [ 27.849291370125115, -12.625421444116849 ], [ 27.849401604459004, -12.625476561283794 ], [ 27.849511838792893, -12.625531678450736 ], [ 27.849622073126778, -12.625531678450736 ], [ 27.849677190293722, -12.625641912784625 ], [ 27.84978742462761, -12.625641912784625 ], [ 27.849842541794555, -12.625752147118513 ], [ 27.849897658961499, -12.625862381452402 ], [ 27.850007893295388, -12.625972615786289 ], [ 27.850063010462332, -12.626082850120177 ], [ 27.850118127629276, -12.626193084454066 ], [ 27.850228361963165, -12.626303318787954 ], [ 27.850228361963165, -12.626413553121841 ], [ 27.850283479130109, -12.62652378745573 ], [ 27.850338596297053, -12.626799373290451 ], [ 27.850338596297053, -12.626964724791282 ], [ 27.850338596297053, -12.627074959125171 ], [ 27.850338596297053, -12.627185193459059 ], [ 27.850338596297053, -12.627295427792946 ], [ 27.850338596297053, -12.627405662126835 ], [ 27.850338596297053, -12.627515896460723 ], [ 27.850338596297053, -12.627626130794612 ], [ 27.850338596297053, -12.627736365128499 ], [ 27.850338596297053, -12.627846599462387 ], [ 27.850338596297053, -12.627956833796276 ], [ 27.850338596297053, -12.628122185297109 ], [ 27.850338596297053, -12.628232419630995 ], [ 27.850338596297053, -12.628342653964884 ], [ 27.850338596297053, -12.628452888298773 ], [ 27.850283479130109, -12.628563122632661 ], [ 27.850283479130109, -12.628673356966548 ], [ 27.850283479130109, -12.628783591300436 ], [ 27.850283479130109, -12.628893825634325 ], [ 27.850338596297053, -12.629004059968214 ], [ 27.850338596297053, -12.6291142943021 ], [ 27.850338596297053, -12.629224528635989 ], [ 27.850393713463998, -12.629334762969878 ], [ 27.850448830630942, -12.629444997303766 ], [ 27.850448830630942, -12.629555231637653 ], [ 27.850503947797883, -12.629665465971541 ], [ 27.850614182131771, -12.629720583138486 ], [ 27.85072441646566, -12.62977570030543 ], [ 27.850834650799548, -12.629830817472374 ], [ 27.850944885133437, -12.629830817472374 ], [ 27.851055119467325, -12.62977570030543 ], [ 27.851165353801214, -12.62977570030543 ], [ 27.851220470968158, -12.629665465971541 ], [ 27.851330705302047, -12.629555231637653 ], [ 27.851385822468988, -12.629444997303766 ], [ 27.851496056802876, -12.629444997303766 ], [ 27.851496056802876, -12.629334762969878 ], [ 27.851606291136765, -12.629334762969878 ], [ 27.851606291136765, -12.629224528635989 ], [ 27.851716525470653, -12.629059177135156 ], [ 27.851826759804542, -12.628948942801269 ], [ 27.851881876971486, -12.628838708467381 ], [ 27.851881876971486, -12.628728474133492 ], [ 27.85193699413843, -12.628618239799604 ], [ 27.852047228472319, -12.628397771131828 ], [ 27.852102345639263, -12.62828753679794 ], [ 27.852157462806208, -12.628122185297109 ], [ 27.852322814307037, -12.627791482295443 ], [ 27.852377931473981, -12.627681247961556 ], [ 27.852433048640926, -12.627571013627668 ], [ 27.852433048640926, -12.627405662126835 ], [ 27.852433048640926, -12.627295427792946 ], [ 27.85248816580787, -12.627185193459059 ], [ 27.85248816580787, -12.627074959125171 ], [ 27.852598400141758, -12.626909607624338 ], [ 27.852598400141758, -12.626799373290451 ], [ 27.852708634475647, -12.626689138956563 ], [ 27.852763751642591, -12.626578904622674 ], [ 27.85287398597648, -12.626468670288785 ], [ 27.852984220310368, -12.626468670288785 ], [ 27.853094454644257, -12.626413553121841 ], [ 27.853204688978142, -12.626413553121841 ], [ 27.853314923312031, -12.626358435954899 ], [ 27.853425157645919, -12.626413553121841 ], [ 27.853425157645919, -12.626578904622674 ], [ 27.853535391979808, -12.626634021789618 ], [ 27.853535391979808, -12.626744256123507 ], [ 27.853535391979808, -12.626854490457394 ], [ 27.853645626313696, -12.626964724791282 ], [ 27.853755860647585, -12.627074959125171 ], [ 27.853866094981473, -12.627074959125171 ], [ 27.853866094981473, -12.626964724791282 ], [ 27.853866094981473, -12.626854490457394 ], [ 27.853866094981473, -12.626744256123507 ], [ 27.853810977814529, -12.626634021789618 ], [ 27.853700743480641, -12.626578904622674 ], [ 27.853645626313696, -12.626468670288785 ], [ 27.853645626313696, -12.626358435954899 ], [ 27.853645626313696, -12.62624820162101 ], [ 27.853645626313696, -12.626137967287121 ], [ 27.853755860647585, -12.625972615786289 ], [ 27.853866094981473, -12.625972615786289 ], [ 27.853976329315362, -12.625972615786289 ], [ 27.854086563649247, -12.625972615786289 ], [ 27.854196797983136, -12.625972615786289 ], [ 27.854307032317024, -12.625972615786289 ], [ 27.854472383817857, -12.626027732953233 ], [ 27.854582618151746, -12.626082850120177 ], [ 27.85463773531869, -12.626193084454066 ], [ 27.854747969652578, -12.626193084454066 ], [ 27.854803086819523, -12.626303318787954 ], [ 27.854913321153411, -12.626303318787954 ], [ 27.855023555487296, -12.626303318787954 ], [ 27.855133789821185, -12.626303318787954 ], [ 27.855244024155073, -12.626193084454066 ], [ 27.855354258488962, -12.626193084454066 ], [ 27.855409375655906, -12.626082850120177 ], [ 27.855409375655906, -12.625972615786289 ], [ 27.855409375655906, -12.625862381452402 ], [ 27.855354258488962, -12.625752147118513 ], [ 27.855244024155073, -12.625697029951569 ], [ 27.855023555487296, -12.625641912784625 ], [ 27.854913321153411, -12.62558679561768 ], [ 27.854803086819523, -12.625531678450736 ], [ 27.854692852485634, -12.625531678450736 ], [ 27.854582618151746, -12.625531678450736 ], [ 27.854472383817857, -12.625531678450736 ], [ 27.854362149483968, -12.625531678450736 ], [ 27.85425191515008, -12.625531678450736 ], [ 27.854141680816191, -12.625531678450736 ], [ 27.854031446482306, -12.625531678450736 ], [ 27.853921212148418, -12.625476561283794 ], [ 27.853810977814529, -12.625421444116849 ], [ 27.853700743480641, -12.625366326949905 ], [ 27.853535391979808, -12.625366326949905 ], [ 27.853425157645919, -12.625311209782961 ], [ 27.853259806145086, -12.625311209782961 ], [ 27.853149571811201, -12.625311209782961 ], [ 27.852984220310368, -12.625311209782961 ], [ 27.85287398597648, -12.625311209782961 ], [ 27.852763751642591, -12.625311209782961 ], [ 27.852653517308703, -12.625311209782961 ], [ 27.852543282974814, -12.625366326949905 ], [ 27.852433048640926, -12.625421444116849 ], [ 27.852322814307037, -12.625476561283794 ], [ 27.852212579973152, -12.625476561283794 ], [ 27.852102345639263, -12.625476561283794 ], [ 27.851992111305375, -12.625476561283794 ], [ 27.851881876971486, -12.625476561283794 ], [ 27.851826759804542, -12.625366326949905 ], [ 27.851716525470653, -12.625311209782961 ], [ 27.851661408303709, -12.625200975449072 ], [ 27.85155117396982, -12.625145858282128 ], [ 27.851440939635932, -12.625090741115184 ], [ 27.851385822468988, -12.624980506781297 ], [ 27.851220470968158, -12.624870272447408 ], [ 27.85111023663427, -12.62476003811352 ], [ 27.851055119467325, -12.624649803779631 ], [ 27.851000002300381, -12.624539569445744 ], [ 27.850889767966493, -12.6244844522788 ], [ 27.850834650799548, -12.624374217944911 ], [ 27.850779533632604, -12.624263983611023 ], [ 27.85072441646566, -12.624153749277134 ], [ 27.850669299298715, -12.624043514943248 ], [ 27.850614182131771, -12.623933280609359 ], [ 27.850614182131771, -12.62382304627547 ], [ 27.850669299298715, -12.623712811941582 ], [ 27.85072441646566, -12.623547460440751 ], [ 27.850834650799548, -12.623437226106862 ], [ 27.850889767966493, -12.623326991772974 ], [ 27.851000002300381, -12.623326991772974 ], [ 27.85111023663427, -12.623271874606029 ], [ 27.851220470968158, -12.623271874606029 ], [ 27.851330705302047, -12.623271874606029 ], [ 27.851440939635932, -12.623271874606029 ], [ 27.85155117396982, -12.623271874606029 ], [ 27.851661408303709, -12.623271874606029 ], [ 27.851771642637598, -12.623271874606029 ], [ 27.851881876971486, -12.623271874606029 ], [ 27.851992111305375, -12.623271874606029 ], [ 27.852102345639263, -12.623271874606029 ], [ 27.852212579973152, -12.623216757439087 ], [ 27.852322814307037, -12.623216757439087 ], [ 27.852377931473981, -12.623106523105198 ], [ 27.852543282974814, -12.623106523105198 ], [ 27.852598400141758, -12.62299628877131 ], [ 27.852653517308703, -12.622886054437421 ], [ 27.852763751642591, -12.622886054437421 ], [ 27.852763751642591, -12.622775820103534 ], [ 27.85287398597648, -12.62272070293659 ], [ 27.852984220310368, -12.622665585769646 ], [ 27.852984220310368, -12.622555351435757 ], [ 27.853039337477313, -12.622445117101869 ], [ 27.853094454644257, -12.622334882767982 ], [ 27.853204688978142, -12.622224648434093 ], [ 27.853204688978142, -12.622114414100205 ], [ 27.853314923312031, -12.622004179766316 ], [ 27.853370040478975, -12.621783711098541 ], [ 27.853425157645919, -12.621618359597708 ], [ 27.853480274812863, -12.621508125263819 ], [ 27.853645626313696, -12.621397890929932 ], [ 27.853755860647585, -12.621342773762988 ], [ 27.853866094981473, -12.621342773762988 ], [ 27.853976329315362, -12.621342773762988 ], [ 27.854086563649247, -12.621342773762988 ], [ 27.854196797983136, -12.621342773762988 ], [ 27.854307032317024, -12.621342773762988 ], [ 27.854417266650913, -12.621287656596044 ], [ 27.854527500984801, -12.621287656596044 ], [ 27.85463773531869, -12.621287656596044 ], [ 27.854747969652578, -12.621287656596044 ], [ 27.854858203986467, -12.621287656596044 ], [ 27.854968438320352, -12.621287656596044 ], [ 27.855078672654241, -12.6212325394291 ], [ 27.855188906988129, -12.6212325394291 ], [ 27.855299141322018, -12.621177422262155 ], [ 27.855409375655906, -12.621177422262155 ], [ 27.855519609989795, -12.621122305095211 ], [ 27.855629844323683, -12.621122305095211 ], [ 27.855740078657572, -12.621122305095211 ], [ 27.855850312991457, -12.621122305095211 ], [ 27.855960547325346, -12.621122305095211 ], [ 27.856070781659234, -12.621122305095211 ], [ 27.856181015993123, -12.621122305095211 ], [ 27.856291250327011, -12.621122305095211 ], [ 27.8564014846609, -12.621122305095211 ], [ 27.856511718994788, -12.621122305095211 ], [ 27.856621953328677, -12.621177422262155 ], [ 27.856732187662562, -12.6212325394291 ], [ 27.856842421996451, -12.6212325394291 ], [ 27.856952656330339, -12.621287656596044 ], [ 27.856952656330339, -12.621397890929932 ], [ 27.856952656330339, -12.621508125263819 ], [ 27.856952656330339, -12.621618359597708 ], [ 27.856952656330339, -12.621728593931596 ], [ 27.856952656330339, -12.621838828265485 ], [ 27.856952656330339, -12.622004179766316 ], [ 27.856952656330339, -12.622114414100205 ], [ 27.856952656330339, -12.622224648434093 ], [ 27.856897539163395, -12.622334882767982 ], [ 27.856842421996451, -12.622445117101869 ], [ 27.856842421996451, -12.622555351435757 ], [ 27.856732187662562, -12.622665585769646 ], [ 27.856732187662562, -12.622775820103534 ], [ 27.856621953328677, -12.622886054437421 ], [ 27.856511718994788, -12.62299628877131 ], [ 27.856511718994788, -12.623106523105198 ], [ 27.856456601827844, -12.623271874606029 ], [ 27.856346367493956, -12.623382108939918 ], [ 27.856346367493956, -12.623492343273806 ], [ 27.856346367493956, -12.623602577607695 ], [ 27.8564014846609, -12.623712811941582 ], [ 27.856511718994788, -12.623712811941582 ], [ 27.856566836161733, -12.62382304627547 ], [ 27.856621953328677, -12.623933280609359 ], [ 27.856732187662562, -12.623933280609359 ], [ 27.856842421996451, -12.623988397776303 ], [ 27.856952656330339, -12.623988397776303 ], [ 27.857062890664228, -12.623988397776303 ], [ 27.857173124998116, -12.623878163442415 ], [ 27.857173124998116, -12.623767929108526 ], [ 27.857283359332005, -12.623767929108526 ], [ 27.857393593665893, -12.623602577607695 ], [ 27.857503827999782, -12.623437226106862 ], [ 27.857503827999782, -12.623326991772974 ], [ 27.857614062333671, -12.623271874606029 ], [ 27.857614062333671, -12.623161640272142 ], [ 27.857614062333671, -12.623051405938254 ], [ 27.857614062333671, -12.622941171604365 ], [ 27.857614062333671, -12.622830937270477 ], [ 27.857614062333671, -12.62272070293659 ], [ 27.857614062333671, -12.622610468602701 ], [ 27.857669179500611, -12.622500234268813 ], [ 27.8577794138345, -12.622445117101869 ], [ 27.8577794138345, -12.622334882767982 ], [ 27.857834531001444, -12.622224648434093 ], [ 27.857834531001444, -12.622114414100205 ], [ 27.857889648168388, -12.622004179766316 ], [ 27.857999882502277, -12.621949062599372 ], [ 27.857999882502277, -12.621838828265485 ], [ 27.857999882502277, -12.621563242430764 ], [ 27.857999882502277, -12.621397890929932 ], [ 27.857999882502277, -12.6212325394291 ], [ 27.857999882502277, -12.621122305095211 ], [ 27.857999882502277, -12.621012070761324 ], [ 27.857944765335333, -12.620736484926603 ], [ 27.857944765335333, -12.620626250592714 ], [ 27.857944765335333, -12.620516016258827 ], [ 27.857944765335333, -12.620405781924939 ], [ 27.857944765335333, -12.62029554759105 ], [ 27.857944765335333, -12.620185313257162 ], [ 27.858054999669221, -12.620019961756331 ], [ 27.858054999669221, -12.619909727422442 ], [ 27.85816523400311, -12.619799493088554 ], [ 27.858275468336998, -12.619744375921609 ], [ 27.858275468336998, -12.619634141587722 ], [ 27.858385702670887, -12.619634141587722 ], [ 27.858495937004776, -12.619634141587722 ], [ 27.858606171338661, -12.619634141587722 ], [ 27.858716405672549, -12.619634141587722 ], [ 27.858826640006438, -12.619579024420778 ], [ 27.858936874340326, -12.619579024420778 ], [ 27.859047108674215, -12.619579024420778 ], [ 27.859157343008103, -12.619579024420778 ], [ 27.859267577341992, -12.619579024420778 ], [ 27.859377811675881, -12.619579024420778 ], [ 27.859488046009766, -12.619579024420778 ], [ 27.859598280343654, -12.619579024420778 ], [ 27.859708514677543, -12.619579024420778 ], [ 27.859818749011431, -12.619579024420778 ], [ 27.85992898334532, -12.619579024420778 ], [ 27.860039217679208, -12.619579024420778 ], [ 27.860149452013097, -12.619579024420778 ], [ 27.860259686346986, -12.619579024420778 ], [ 27.860369920680871, -12.619579024420778 ], [ 27.860480155014759, -12.619579024420778 ], [ 27.860590389348648, -12.619579024420778 ], [ 27.860700623682536, -12.619579024420778 ], [ 27.860810858016425, -12.619579024420778 ], [ 27.860921092350313, -12.619579024420778 ], [ 27.861031326684202, -12.619579024420778 ], [ 27.861141561018091, -12.619579024420778 ], [ 27.861251795351976, -12.619689258754665 ], [ 27.861362029685864, -12.619744375921609 ], [ 27.861527381186697, -12.619799493088554 ], [ 27.861637615520586, -12.619909727422442 ], [ 27.861747849854474, -12.620019961756331 ], [ 27.861858084188363, -12.620075078923275 ], [ 27.861968318522251, -12.620130196090219 ], [ 27.862078552856136, -12.620240430424106 ], [ 27.862188787190025, -12.620240430424106 ], [ 27.862354138690858, -12.620240430424106 ], [ 27.862464373024746, -12.62029554759105 ], [ 27.862629724525579, -12.62029554759105 ], [ 27.862739958859468, -12.620350664757995 ], [ 27.862850193193356, -12.620405781924939 ], [ 27.86307066186113, -12.620460899091883 ], [ 27.863180896195018, -12.620516016258827 ], [ 27.863291130528907, -12.620516016258827 ], [ 27.863346247695851, -12.620626250592714 ], [ 27.863566716363628, -12.620681367759659 ], [ 27.863676950697517, -12.620736484926603 ], [ 27.863787185031406, -12.620901836427436 ], [ 27.863897419365291, -12.620901836427436 ], [ 27.863952536532235, -12.621012070761324 ], [ 27.864007653699179, -12.621122305095211 ], [ 27.864062770866123, -12.6212325394291 ], [ 27.864117888033068, -12.621342773762988 ], [ 27.864117888033068, -12.621453008096877 ], [ 27.864173005200012, -12.621563242430764 ], [ 27.864228122366956, -12.621783711098541 ], [ 27.864228122366956, -12.621893945432429 ], [ 27.864283239533901, -12.622004179766316 ], [ 27.864338356700845, -12.622114414100205 ], [ 27.864338356700845, -12.622224648434093 ], [ 27.864338356700845, -12.622334882767982 ], [ 27.864338356700845, -12.622445117101869 ], [ 27.864393473867789, -12.622665585769646 ], [ 27.864448591034733, -12.622886054437421 ], [ 27.864448591034733, -12.62299628877131 ], [ 27.864448591034733, -12.623106523105198 ], [ 27.864448591034733, -12.623216757439087 ], [ 27.864448591034733, -12.623326991772974 ], [ 27.864448591034733, -12.623437226106862 ], [ 27.864448591034733, -12.623547460440751 ], [ 27.864448591034733, -12.623657694774639 ], [ 27.864448591034733, -12.623767929108526 ], [ 27.864393473867789, -12.623878163442415 ], [ 27.864338356700845, -12.623988397776303 ], [ 27.864173005200012, -12.624153749277134 ], [ 27.864007653699179, -12.624263983611023 ], [ 27.863952536532235, -12.624374217944911 ], [ 27.86384230219835, -12.624429335111856 ], [ 27.863787185031406, -12.624539569445744 ], [ 27.863566716363628, -12.624649803779631 ], [ 27.863511599196684, -12.62476003811352 ], [ 27.863401364862796, -12.624815155280464 ], [ 27.863291130528907, -12.624925389614353 ], [ 27.863180896195018, -12.624980506781297 ], [ 27.863015544694186, -12.625090741115184 ], [ 27.862905310360301, -12.625145858282128 ], [ 27.862905310360301, -12.625256092616016 ], [ 27.862795076026412, -12.625311209782961 ], [ 27.862684841692523, -12.625366326949905 ], [ 27.862684841692523, -12.625476561283794 ], [ 27.863015544694186, -12.62558679561768 ], [ 27.863125779028074, -12.62558679561768 ], [ 27.863291130528907, -12.625641912784625 ], [ 27.863401364862796, -12.625697029951569 ], [ 27.863511599196684, -12.625697029951569 ], [ 27.863621833530573, -12.625697029951569 ], [ 27.863732067864461, -12.625697029951569 ], [ 27.863897419365291, -12.625752147118513 ], [ 27.864007653699179, -12.625752147118513 ], [ 27.864117888033068, -12.625807264285458 ], [ 27.864228122366956, -12.625862381452402 ], [ 27.864338356700845, -12.625972615786289 ], [ 27.864448591034733, -12.625972615786289 ], [ 27.864558825368622, -12.626027732953233 ], [ 27.864669059702511, -12.626027732953233 ], [ 27.864779294036396, -12.626027732953233 ], [ 27.864889528370284, -12.626027732953233 ], [ 27.864999762704173, -12.626027732953233 ], [ 27.865109997038061, -12.626027732953233 ], [ 27.86522023137195, -12.626027732953233 ], [ 27.865330465705838, -12.626027732953233 ], [ 27.865440700039727, -12.626027732953233 ], [ 27.865550934373616, -12.626027732953233 ], [ 27.865661168707501, -12.626027732953233 ], [ 27.865771403041389, -12.626027732953233 ], [ 27.865881637375278, -12.626027732953233 ], [ 27.865991871709166, -12.626027732953233 ], [ 27.865991871709166, -12.626137967287121 ], [ 27.866102106043055, -12.626137967287121 ], [ 27.866212340376944, -12.626193084454066 ], [ 27.866322574710832, -12.62624820162101 ], [ 27.866432809044721, -12.626303318787954 ], [ 27.866543043378606, -12.626303318787954 ], [ 27.866653277712494, -12.626358435954899 ], [ 27.866763512046383, -12.626413553121841 ], [ 27.866873746380271, -12.626413553121841 ], [ 27.86698398071416, -12.626468670288785 ], [ 27.867094215048049, -12.62652378745573 ], [ 27.867149332214993, -12.626634021789618 ], [ 27.867259566548881, -12.626634021789618 ], [ 27.867259566548881, -12.626744256123507 ], [ 27.867314683715826, -12.626854490457394 ], [ 27.86736980088277, -12.627019841958226 ], [ 27.867424918049711, -12.627130076292115 ], [ 27.867480035216655, -12.627240310626004 ], [ 27.867480035216655, -12.627460779293779 ], [ 27.867480035216655, -12.627571013627668 ], [ 27.867480035216655, -12.627681247961556 ], [ 27.867480035216655, -12.627791482295443 ], [ 27.867480035216655, -12.627901716629331 ], [ 27.867480035216655, -12.62801195096322 ], [ 27.867480035216655, -12.628122185297109 ], [ 27.867480035216655, -12.628232419630995 ], [ 27.867480035216655, -12.628397771131828 ], [ 27.867480035216655, -12.628508005465717 ], [ 27.867480035216655, -12.628618239799604 ], [ 27.867480035216655, -12.628783591300436 ], [ 27.867480035216655, -12.628893825634325 ], [ 27.867480035216655, -12.629004059968214 ], [ 27.867480035216655, -12.6291142943021 ], [ 27.867535152383599, -12.629279645802933 ], [ 27.867590269550544, -12.629389880136822 ], [ 27.867590269550544, -12.629500114470709 ], [ 27.867700503884432, -12.629555231637653 ], [ 27.867700503884432, -12.629665465971541 ], [ 27.867755621051376, -12.62977570030543 ], [ 27.867755621051376, -12.629885934639319 ], [ 27.867755621051376, -12.629996168973205 ], [ 27.867755621051376, -12.630161520474038 ], [ 27.867755621051376, -12.630326871974871 ], [ 27.867755621051376, -12.630437106308758 ], [ 27.867810738218321, -12.630547340642647 ], [ 27.867810738218321, -12.630657574976535 ], [ 27.867810738218321, -12.630767809310424 ], [ 27.867865855385265, -12.63087804364431 ], [ 27.867920972552209, -12.630988277978199 ], [ 27.867920972552209, -12.631098512312088 ], [ 27.867920972552209, -12.631208746645976 ], [ 27.867920972552209, -12.631318980979863 ], [ 27.867920972552209, -12.631484332480696 ], [ 27.867920972552209, -12.631870152649304 ], [ 27.867865855385265, -12.632200855650968 ], [ 27.867810738218321, -12.632531558652634 ], [ 27.867810738218321, -12.632696910153465 ], [ 27.867755621051376, -12.632807144487353 ], [ 27.867755621051376, -12.632972495988186 ], [ 27.867700503884432, -12.633137847489017 ], [ 27.867700503884432, -12.633248081822906 ], [ 27.867645386717488, -12.633358316156794 ], [ 27.867590269550544, -12.633468550490683 ], [ 27.867535152383599, -12.63357878482457 ], [ 27.867480035216655, -12.633689019158458 ], [ 27.867480035216655, -12.633799253492347 ], [ 27.867424918049711, -12.633909487826235 ], [ 27.867314683715826, -12.633964604993178 ], [ 27.867314683715826, -12.634074839327067 ], [ 27.867259566548881, -12.634185073660955 ], [ 27.867149332214993, -12.634350425161788 ], [ 27.867094215048049, -12.634460659495675 ], [ 27.86698398071416, -12.634570893829563 ], [ 27.866873746380271, -12.634681128163452 ], [ 27.866818629213327, -12.63479136249734 ], [ 27.866708394879439, -12.63479136249734 ], [ 27.866653277712494, -12.634901596831227 ], [ 27.866543043378606, -12.634901596831227 ], [ 27.866432809044721, -12.634901596831227 ], [ 27.866267457543888, -12.634901596831227 ], [ 27.866157223209999, -12.634846479664283 ], [ 27.866046988876111, -12.634901596831227 ], [ 27.866046988876111, -12.635011831165116 ], [ 27.866046988876111, -12.635122065499004 ], [ 27.866046988876111, -12.635232299832893 ], [ 27.866046988876111, -12.635397651333724 ], [ 27.866102106043055, -12.635507885667613 ], [ 27.866102106043055, -12.635673237168445 ], [ 27.866102106043055, -12.635783471502332 ], [ 27.866157223209999, -12.635893705836221 ], [ 27.866157223209999, -12.636003940170109 ], [ 27.866157223209999, -12.636114174503998 ], [ 27.866157223209999, -12.636279526004829 ], [ 27.866157223209999, -12.636389760338718 ], [ 27.866157223209999, -12.636499994672606 ], [ 27.866046988876111, -12.636610229006495 ], [ 27.865936754542222, -12.636610229006495 ], [ 27.865771403041389, -12.636665346173437 ], [ 27.865661168707501, -12.636665346173437 ], [ 27.865550934373616, -12.636665346173437 ], [ 27.865440700039727, -12.636665346173437 ], [ 27.865330465705838, -12.636720463340382 ], [ 27.86522023137195, -12.636720463340382 ], [ 27.865109997038061, -12.636720463340382 ], [ 27.864999762704173, -12.636720463340382 ], [ 27.864889528370284, -12.636720463340382 ], [ 27.864779294036396, -12.636720463340382 ], [ 27.864669059702511, -12.636775580507326 ], [ 27.864558825368622, -12.636775580507326 ], [ 27.864448591034733, -12.636775580507326 ], [ 27.864283239533901, -12.636775580507326 ], [ 27.864173005200012, -12.636775580507326 ], [ 27.864062770866123, -12.636720463340382 ], [ 27.864007653699179, -12.636610229006495 ], [ 27.863897419365291, -12.63655511183955 ], [ 27.863787185031406, -12.636499994672606 ], [ 27.863621833530573, -12.636389760338718 ], [ 27.86345648202974, -12.636334643171773 ], [ 27.863346247695851, -12.636224408837885 ], [ 27.863180896195018, -12.636169291670942 ], [ 27.863015544694186, -12.636059057337054 ], [ 27.862960427527245, -12.635948823003165 ], [ 27.862850193193356, -12.635893705836221 ], [ 27.862795076026412, -12.635783471502332 ], [ 27.862739958859468, -12.635673237168445 ], [ 27.862629724525579, -12.635673237168445 ], [ 27.862629724525579, -12.635507885667613 ], [ 27.862519490191691, -12.635452768500668 ], [ 27.862464373024746, -12.63534253416678 ], [ 27.862409255857802, -12.635232299832893 ], [ 27.862299021523913, -12.63506694833206 ], [ 27.862243904356969, -12.634956713998172 ], [ 27.862188787190025, -12.634846479664283 ], [ 27.862078552856136, -12.634736245330396 ], [ 27.862023435689196, -12.634626010996508 ], [ 27.861968318522251, -12.634515776662619 ], [ 27.861858084188363, -12.63440554232873 ], [ 27.861747849854474, -12.634350425161788 ], [ 27.861637615520586, -12.634295307994844 ], [ 27.861527381186697, -12.634240190827899 ], [ 27.861417146852808, -12.634240190827899 ], [ 27.86130691251892, -12.634129956494011 ], [ 27.861196678185031, -12.634129956494011 ], [ 27.861086443851146, -12.634074839327067 ], [ 27.860976209517258, -12.634074839327067 ], [ 27.860921092350313, -12.634295307994844 ], [ 27.860865975183369, -12.63440554232873 ], [ 27.860755740849481, -12.634570893829563 ], [ 27.860755740849481, -12.634681128163452 ], [ 27.860755740849481, -12.63479136249734 ], [ 27.860755740849481, -12.634901596831227 ], [ 27.860810858016425, -12.635011831165116 ], [ 27.860921092350313, -12.63506694833206 ], [ 27.861031326684202, -12.635122065499004 ], [ 27.861031326684202, -12.635232299832893 ], [ 27.861141561018091, -12.635287416999835 ], [ 27.861141561018091, -12.635452768500668 ], [ 27.861196678185031, -12.635563002834557 ], [ 27.861251795351976, -12.635673237168445 ], [ 27.861251795351976, -12.635783471502332 ], [ 27.861251795351976, -12.635893705836221 ], [ 27.86130691251892, -12.636003940170109 ], [ 27.861362029685864, -12.636169291670942 ], [ 27.861362029685864, -12.636279526004829 ], [ 27.86130691251892, -12.636389760338718 ], [ 27.86130691251892, -12.636499994672606 ], [ 27.861141561018091, -12.63655511183955 ], [ 27.861031326684202, -12.636665346173437 ], [ 27.860921092350313, -12.636665346173437 ], [ 27.860921092350313, -12.636775580507326 ], [ 27.860810858016425, -12.636775580507326 ], [ 27.860700623682536, -12.636775580507326 ], [ 27.860645506515592, -12.636885814841214 ], [ 27.860535272181703, -12.636940932008159 ], [ 27.860314803513926, -12.636996049175103 ], [ 27.860149452013097, -12.63710628350899 ], [ 27.860039217679208, -12.637161400675934 ], [ 27.85992898334532, -12.637216517842878 ], [ 27.859818749011431, -12.637216517842878 ], [ 27.859653397510598, -12.637326752176767 ], [ 27.85954316317671, -12.637436986510656 ], [ 27.859377811675881, -12.637436986510656 ], [ 27.859267577341992, -12.6374921036776 ], [ 27.859157343008103, -12.6374921036776 ], [ 27.859102225841159, -12.637602338011487 ], [ 27.858936874340326, -12.637712572345375 ], [ 27.858826640006438, -12.637767689512319 ], [ 27.858716405672549, -12.637877923846208 ], [ 27.858606171338661, -12.637877923846208 ], [ 27.858495937004776, -12.637877923846208 ], [ 27.858385702670887, -12.637877923846208 ], [ 27.858275468336998, -12.637877923846208 ], [ 27.858110116836166, -12.637822806679264 ], [ 27.857999882502277, -12.637767689512319 ], [ 27.857944765335333, -12.637657455178431 ], [ 27.857834531001444, -12.637657455178431 ], [ 27.857724296667556, -12.637547220844542 ], [ 27.857614062333671, -12.6374921036776 ], [ 27.857503827999782, -12.637436986510656 ], [ 27.857448710832838, -12.637326752176767 ], [ 27.857338476498949, -12.637326752176767 ], [ 27.857228242165061, -12.637326752176767 ], [ 27.857173124998116, -12.637216517842878 ], [ 27.857062890664228, -12.637216517842878 ], [ 27.856952656330339, -12.63710628350899 ], [ 27.856842421996451, -12.637051166342047 ], [ 27.856732187662562, -12.636996049175103 ], [ 27.856621953328677, -12.636885814841214 ], [ 27.856511718994788, -12.636775580507326 ], [ 27.856456601827844, -12.636665346173437 ], [ 27.8564014846609, -12.63655511183955 ], [ 27.856291250327011, -12.636389760338718 ], [ 27.856181015993123, -12.636279526004829 ], [ 27.856125898826178, -12.636114174503998 ], [ 27.856070781659234, -12.635893705836221 ], [ 27.856070781659234, -12.635728354335388 ], [ 27.85601566449229, -12.635563002834557 ], [ 27.85601566449229, -12.635452768500668 ], [ 27.855905430158401, -12.635287416999835 ], [ 27.855850312991457, -12.635122065499004 ], [ 27.855795195824516, -12.635011831165116 ], [ 27.855740078657572, -12.634846479664283 ], [ 27.855574727156739, -12.634681128163452 ], [ 27.855464492822851, -12.634570893829563 ], [ 27.855409375655906, -12.63440554232873 ], [ 27.855354258488962, -12.634240190827899 ], [ 27.855244024155073, -12.634185073660955 ], [ 27.855188906988129, -12.634074839327067 ], [ 27.855133789821185, -12.633964604993178 ], [ 27.855023555487296, -12.633799253492347 ], [ 27.854968438320352, -12.633689019158458 ], [ 27.854913321153411, -12.63357878482457 ], [ 27.854803086819523, -12.633468550490683 ], [ 27.854747969652578, -12.633358316156794 ], [ 27.85463773531869, -12.63330319898985 ], [ 27.854527500984801, -12.633248081822906 ], [ 27.854307032317024, -12.633248081822906 ], [ 27.854086563649247, -12.633248081822906 ], [ 27.853976329315362, -12.633248081822906 ], [ 27.853866094981473, -12.633192964655962 ], [ 27.853700743480641, -12.633137847489017 ], [ 27.853590509146752, -12.633137847489017 ], [ 27.853590509146752, -12.63302761315513 ], [ 27.853480274812863, -12.63302761315513 ], [ 27.853370040478975, -12.633082730322073 ], [ 27.853204688978142, -12.633137847489017 ], [ 27.852929103143424, -12.633192964655962 ], [ 27.852763751642591, -12.633248081822906 ], [ 27.852653517308703, -12.633248081822906 ], [ 27.852543282974814, -12.633248081822906 ], [ 27.852212579973152, -12.633082730322073 ], [ 27.851661408303709, -12.63302761315513 ], [ 27.851440939635932, -12.632972495988186 ], [ 27.851330705302047, -12.632972495988186 ], [ 27.851220470968158, -12.632972495988186 ], [ 27.85111023663427, -12.632972495988186 ], [ 27.851000002300381, -12.632972495988186 ], [ 27.850669299298715, -12.632972495988186 ], [ 27.850393713463998, -12.63302761315513 ], [ 27.850228361963165, -12.63302761315513 ], [ 27.850118127629276, -12.63302761315513 ], [ 27.849897658961499, -12.63302761315513 ], [ 27.849677190293722, -12.63302761315513 ], [ 27.849566955959837, -12.63302761315513 ], [ 27.849456721625948, -12.63302761315513 ], [ 27.84934648729206, -12.63302761315513 ], [ 27.849236252958171, -12.63302761315513 ], [ 27.849126018624283, -12.63302761315513 ], [ 27.849015784290394, -12.63302761315513 ], [ 27.848905549956505, -12.63302761315513 ], [ 27.848795315622617, -12.63302761315513 ], [ 27.848685081288732, -12.63302761315513 ], [ 27.848574846954843, -12.63302761315513 ], [ 27.848464612620955, -12.63302761315513 ], [ 27.848354378287066, -12.63302761315513 ], [ 27.848189026786233, -12.63302761315513 ], [ 27.848078792452345, -12.63302761315513 ], [ 27.847968558118456, -12.63302761315513 ], [ 27.847858323784568, -12.632972495988186 ], [ 27.847748089450683, -12.632972495988186 ], [ 27.84758273794985, -12.632917378821242 ], [ 27.847472503615961, -12.632917378821242 ], [ 27.847362269282073, -12.632862261654298 ], [ 27.847252034948184, -12.632862261654298 ], [ 27.847141800614295, -12.632862261654298 ], [ 27.847031566280407, -12.632862261654298 ], [ 27.846921331946522, -12.632917378821242 ], [ 27.846866214779578, -12.63302761315513 ], [ 27.846976449113463, -12.633082730322073 ], [ 27.847086683447351, -12.633082730322073 ], [ 27.847086683447351, -12.633192964655962 ], [ 27.84719691778124, -12.633192964655962 ], [ 27.84758273794985, -12.635397651333724 ] ] ] ] } }
]
}
